tree_ID,bloc,treatment,genus,species,Notes,102,103,106,109,113,116,120,123,127,130,134,137,141
Acne_CoolS/CoolF_B1_R1,1,CoolS/CoolF,acer,acer_negundo,,4,NA,4,4,4,4,4,4,4,4,4,4,4
Acne_CoolS/CoolF_B1_R2,1,CoolS/CoolF,acer,acer_negundo,,4,NA,4,4,4,4,4,4,4,4,4,4,4
Acne_CoolS/CoolF_B1_R3,1,CoolS/CoolF,acer,acer_negundo,,4,NA,4,4,4,4,4,4,4,4,4,4,4
Acne_CoolS/CoolF_B1_R4,1,CoolS/CoolF,acer,acer_negundo,,3,NA,3,4,4,4,4,4,4,4,4,4,4
Acne_CoolS/CoolF_B1_R5,1,CoolS/CoolF,acer,acer_negundo,,4,NA,4,4,4,4,4,4,4,4,4,4,4
Acne_CoolS/CoolF_B2_R6,2,CoolS/CoolF,acer,acer_negundo,,4,NA,4,4,4,4,4,4,4,4,4,4,4
Acne_CoolS/CoolF_B2_R7,2,CoolS/CoolF,acer,acer_negundo,,4,NA,4,4,4,4,4,4,4,4,4,4,4
Acne_CoolS/CoolF_B2_R8,2,CoolS/CoolF,acer,acer_negundo,,3,NA,3,4,4,4,4,4,4,4,4,4,4
Acne_CoolS/CoolF_B2_R9,2,CoolS/CoolF,acer,acer_negundo,,4,NA,4,4,4,4,4,4,4,4,4,4,4
Acne_CoolS/CoolF_B2_R10,2,CoolS/CoolF,acer,acer_negundo,,3,NA,3,4,4,4,4,4,4,4,4,4,4
Acne_CoolS/CoolF_B3_R11,3,CoolS/CoolF,acer,acer_negundo,,4,NA,4,4,4,4,4,4,4,4,4,4,4
Acne_CoolS/CoolF_B3_R12,3,CoolS/CoolF,acer,acer_negundo,,3,NA,4,4,4,4,4,4,4,4,4,4,4
Acne_CoolS/CoolF_B3_R13,3,CoolS/CoolF,acer,acer_negundo,,4,NA,4,4,4,4,4,4,4,4,4,4,4
Acne_CoolS/CoolF_B3_R14,3,CoolS/CoolF,acer,acer_negundo,,3,NA,3,4,4,4,4,4,4,4,4,4,4
Acne_CoolS/CoolF_B3_R15,3,CoolS/CoolF,acer,acer_negundo,,3,NA,3,4,4,4,4,4,4,4,4,4,4
Acne_CoolS/CoolF_B1_R1_nitro,1,CoolS/CoolF_nitro,acer,acer_negundo,,4,NA,4,4,4,4,4,4,4,4,4,4,4
Acne_CoolS/CoolF_B1_R2_nitro,1,CoolS/CoolF_nitro,acer,acer_negundo,,4,NA,4,4,4,4,4,4,4,4,4,4,4
Acne_CoolS/CoolF_B1_R3_nitro,1,CoolS/CoolF_nitro,acer,acer_negundo,,4,NA,4,4,4,4,4,4,4,4,4,4,4
Acne_CoolS/CoolF_B1_R4_nitro,1,CoolS/CoolF_nitro,acer,acer_negundo,,4,NA,4,4,4,4,4,4,4,4,4,4,4
Acne_CoolS/CoolF_B1_R5_nitro,1,CoolS/CoolF_nitro,acer,acer_negundo,,4,NA,4,4,4,4,4,4,4,4,4,4,4
Acne_CoolS/CoolF_B2_R6_nitro,2,CoolS/CoolF_nitro,acer,acer_negundo,,3,NA,4,4,4,4,4,4,4,4,4,4,4
Acne_CoolS/CoolF_B2_R7_nitro,2,CoolS/CoolF_nitro,acer,acer_negundo,,4,NA,4,4,4,4,4,4,4,4,4,4,4
Acne_CoolS/CoolF_B2_R8_nitro,2,CoolS/CoolF_nitro,acer,acer_negundo,,4,NA,4,4,4,4,4,4,4,4,4,4,4
Acne_CoolS/CoolF_B2_R9_nitro,2,CoolS/CoolF_nitro,acer,acer_negundo,,4,NA,4,4,4,4,4,4,4,4,4,4,4
Acne_CoolS/CoolF_B2_R10_nitro,2,CoolS/CoolF_nitro,acer,acer_negundo,,4,NA,4,4,4,4,4,4,4,4,4,4,4
Acne_CoolS/CoolF_B3_R11_nitro,3,CoolS/CoolF_nitro,acer,acer_negundo,,4,NA,4,4,4,4,4,4,4,4,4,4,4
Acne_CoolS/CoolF_B3_R12_nitro,3,CoolS/CoolF_nitro,acer,acer_negundo,,4,NA,4,4,4,4,4,4,4,4,4,4,4
Acne_CoolS/CoolF_B3_R13_nitro,3,CoolS/CoolF_nitro,acer,acer_negundo,,4,NA,4,4,4,4,4,4,4,4,4,4,4
Acne_CoolS/CoolF_B3_R14_nitro,3,CoolS/CoolF_nitro,acer,acer_negundo,,4,NA,4,4,4,4,4,4,4,4,4,4,4
Acne_CoolS/CoolF_B3_R15_nitro,3,CoolS/CoolF_nitro,acer,acer_negundo,,4,NA,4,4,4,4,4,4,4,4,4,4,4
Acne_CoolS/WarmF_B1_R1,1,CoolS/WarmF,acer,acer_negundo,,3,NA,4,4,4,4,4,4,4,4,4,4,4
Acne_CoolS/WarmF_B1_R2,1,CoolS/WarmF,acer,acer_negundo,,3,NA,3,4,3,4,4,4,4,4,4,4,4
Acne_CoolS/WarmF_B1_R3,1,CoolS/WarmF,acer,acer_negundo,,4,NA,4,4,4,4,4,4,4,4,4,4,4
Acne_CoolS/WarmF_B1_R4,1,CoolS/WarmF,acer,acer_negundo,,3,NA,3,3,4,4,4,4,4,4,4,4,4
Acne_CoolS/WarmF_B1_R5,1,CoolS/WarmF,acer,acer_negundo,,3,NA,4,4,4,4,4,4,4,4,4,4,4
Acne_CoolS/WarmF_B2_R6,2,CoolS/WarmF,acer,acer_negundo,,3,NA,3,4,3,3,3,4,4,4,4,4,4
Acne_CoolS/WarmF_B2_R7,2,CoolS/WarmF,acer,acer_negundo,,4,NA,4,4,4,4,4,4,4,4,4,4,4
Acne_CoolS/WarmF_B2_R8,2,CoolS/WarmF,acer,acer_negundo,,4,NA,4,4,4,4,4,4,4,4,4,4,4
Acne_CoolS/WarmF_B2_R9,2,CoolS/WarmF,acer,acer_negundo,,3,NA,3,4,4,4,4,4,4,4,4,4,4
Acne_CoolS/WarmF_B2_R10,2,CoolS/WarmF,acer,acer_negundo,,4,NA,4,4,4,4,4,4,4,4,4,4,4
Acne_CoolS/WarmF_B3_R11,3,CoolS/WarmF,acer,acer_negundo,,4,NA,4,4,4,4,4,4,4,4,4,4,4
Acne_CoolS/WarmF_B3_R12,3,CoolS/WarmF,acer,acer_negundo,,4,NA,4,4,4,4,4,4,4,4,4,4,4
Acne_CoolS/WarmF_B3_R13,3,CoolS/WarmF,acer,acer_negundo,,4,NA,4,4,4,4,4,4,4,4,4,4,4
Acne_CoolS/WarmF_B3_R14,3,CoolS/WarmF,acer,acer_negundo,,3,NA,4,4,4,4,4,4,4,4,4,4,4
Acne_CoolS/WarmF_B3_R15,3,CoolS/WarmF,acer,acer_negundo,,3,NA,3,4,3,3,3,4,4,4,4,4,4
Acne_WarmS/CoolF_B1_R1,1,WarmS/CoolF,acer,acer_negundo,,NA,4,4,4,4,4,4,4,4,4,4,4,4
Acne_WarmS/CoolF_B1_R2,1,WarmS/CoolF,acer,acer_negundo,,NA,4,4,4,4,4,4,4,4,4,4,4,4
Acne_WarmS/CoolF_B1_R3,1,WarmS/CoolF,acer,acer_negundo,,NA,4,4,4,4,4,4,4,4,4,4,4,4
Acne_WarmS/CoolF_B1_R4,1,WarmS/CoolF,acer,acer_negundo,,NA,4,4,4,4,4,4,4,4,4,4,4,4
Acne_WarmS/CoolF_B1_R5,1,WarmS/CoolF,acer,acer_negundo,,NA,4,4,4,4,4,4,4,4,4,4,4,4
Acne_WarmS/CoolF_B2_R6,2,WarmS/CoolF,acer,acer_negundo,,NA,4,4,4,4,4,4,4,4,4,4,4,4
Acne_WarmS/CoolF_B2_R7,2,WarmS/CoolF,acer,acer_negundo,,NA,4,4,4,4,4,4,4,4,4,4,4,4
Acne_WarmS/CoolF_B2_R8,2,WarmS/CoolF,acer,acer_negundo,,NA,4,4,4,4,4,4,4,4,4,4,4,4
Acne_WarmS/CoolF_B2_R9,2,WarmS/CoolF,acer,acer_negundo,,NA,4,4,4,4,4,4,4,4,4,4,4,4
Acne_WarmS/CoolF_B2_R10,2,WarmS/CoolF,acer,acer_negundo,,NA,4,4,4,4,4,4,4,4,4,4,4,4
Acne_WarmS/CoolF_B3_R11,3,WarmS/CoolF,acer,acer_negundo,,NA,4,4,4,4,4,4,4,4,4,4,4,4
Acne_WarmS/CoolF_B3_R12,3,WarmS/CoolF,acer,acer_negundo,,NA,4,4,4,4,4,4,4,4,4,4,4,4
Acne_WarmS/CoolF_B3_R13,3,WarmS/CoolF,acer,acer_negundo,,NA,4,4,4,4,4,4,4,4,4,4,4,4
Acne_WarmS/CoolF_B3_R14,3,WarmS/CoolF,acer,acer_negundo,,NA,4,4,4,4,4,4,4,4,4,4,4,4
Acne_WarmS/CoolF_B3_R15,3,WarmS/CoolF,acer,acer_negundo,,NA,4,4,4,4,4,4,4,4,4,4,4,4
Acne_WarmS/WarmF_B1_R1,1,WarmS/WarmF,acer,acer_negundo,,NA,4,4,4,4,4,4,4,4,4,4,4,4
Acne_WarmS/WarmF_B1_R2,1,WarmS/WarmF,acer,acer_negundo,,NA,4,4,4,4,4,4,4,4,4,4,4,4
Acne_WarmS/WarmF_B1_R3,1,WarmS/WarmF,acer,acer_negundo,,NA,4,4,4,4,4,4,4,4,4,4,4,4
Acne_WarmS/WarmF_B1_R4,1,WarmS/WarmF,acer,acer_negundo,,NA,4,4,4,4,4,4,4,4,4,4,4,4
Acne_WarmS/WarmF_B1_R5,1,WarmS/WarmF,acer,acer_negundo,,NA,4,4,4,4,4,4,4,4,4,4,4,4
Acne_WarmS/WarmF_B2_R6,2,WarmS/WarmF,acer,acer_negundo,,NA,4,4,4,4,4,4,4,4,4,4,4,4
Acne_WarmS/WarmF_B2_R7,2,WarmS/WarmF,acer,acer_negundo,,NA,4,4,4,4,4,4,4,4,4,4,4,4
Acne_WarmS/WarmF_B2_R8,2,WarmS/WarmF,acer,acer_negundo,,NA,4,4,4,4,4,4,4,4,4,4,4,4
Acne_WarmS/WarmF_B2_R9,2,WarmS/WarmF,acer,acer_negundo,,NA,4,4,4,4,4,4,4,4,4,4,4,4
Acne_WarmS/WarmF_B2_R10,2,WarmS/WarmF,acer,acer_negundo,,NA,4,4,4,4,4,4,4,4,4,4,4,4
Acne_WarmS/WarmF_B3_R11,3,WarmS/WarmF,acer,acer_negundo,,NA,4,4,4,4,4,4,4,4,4,4,4,4
Acne_WarmS/WarmF_B3_R12,3,WarmS/WarmF,acer,acer_negundo,,NA,4,4,4,4,4,4,4,4,4,4,4,4
Acne_WarmS/WarmF_B3_R13,3,WarmS/WarmF,acer,acer_negundo,,NA,4,4,4,4,4,4,4,4,4,4,4,4
Acne_WarmS/WarmF_B3_R14,3,WarmS/WarmF,acer,acer_negundo,,NA,4,4,4,4,4,4,4,4,4,4,4,4
Acne_WarmS/WarmF_B3_R15,3,WarmS/WarmF,acer,acer_negundo,,NA,4,4,4,4,4,4,4,4,4,4,4,4
Acne_WarmS/WarmF_B1_R1_nitro,1,WarmS/WarmF_nitro,acer,acer_negundo,,NA,4,4,4,4,4,4,4,4,4,4,4,4
Acne_WarmS/WarmF_B1_R2_nitro,1,WarmS/WarmF_nitro,acer,acer_negundo,,NA,4,4,4,4,4,4,4,4,4,4,4,4
Acne_WarmS/WarmF_B1_R3_nitro,1,WarmS/WarmF_nitro,acer,acer_negundo,,NA,4,4,4,4,4,4,4,4,4,4,4,4
Acne_WarmS/WarmF_B1_R4_nitro,1,WarmS/WarmF_nitro,acer,acer_negundo,,NA,4,4,4,4,4,4,4,4,4,4,4,4
Acne_WarmS/WarmF_B1_R5_nitro,1,WarmS/WarmF_nitro,acer,acer_negundo,,NA,4,4,4,4,4,4,4,4,4,4,4,4
Acne_WarmS/WarmF_B2_R6_nitro,2,WarmS/WarmF_nitro,acer,acer_negundo,,NA,4,4,4,4,4,4,4,4,4,4,4,4
Acne_WarmS/WarmF_B2_R7_nitro,2,WarmS/WarmF_nitro,acer,acer_negundo,,NA,4,4,4,4,4,4,4,4,4,4,4,4
Acne_WarmS/WarmF_B2_R8_nitro,2,WarmS/WarmF_nitro,acer,acer_negundo,,NA,4,4,4,4,4,4,4,4,4,4,4,4
Acne_WarmS/WarmF_B2_R9_nitro,2,WarmS/WarmF_nitro,acer,acer_negundo,,NA,4,4,4,4,4,4,4,4,4,4,4,4
Acne_WarmS/WarmF_B2_R10_nitro,2,WarmS/WarmF_nitro,acer,acer_negundo,,NA,4,4,4,4,4,4,4,4,4,4,4,4
Acne_WarmS/WarmF_B3_R11_nitro,3,WarmS/WarmF_nitro,acer,acer_negundo,,NA,4,4,4,4,4,4,4,4,4,4,4,4
Acne_WarmS/WarmF_B3_R12_nitro,3,WarmS/WarmF_nitro,acer,acer_negundo,,NA,4,4,4,4,4,4,4,4,4,4,4,4
Acne_WarmS/WarmF_B3_R13_nitro,3,WarmS/WarmF_nitro,acer,acer_negundo,,NA,4,4,4,4,4,4,4,4,4,4,4,4
Acne_WarmS/WarmF_B3_R14_nitro,3,WarmS/WarmF_nitro,acer,acer_negundo,,NA,4,4,4,4,4,4,4,4,4,4,4,4
Acne_WarmS/WarmF_B3_R15_nitro,3,WarmS/WarmF_nitro,acer,acer_negundo,,NA,4,4,4,4,4,4,4,4,4,4,4,4
Bepa_CoolS/CoolF_B1_R1,1,CoolS/CoolF,betula,betula_papyrifera,,3,NA,3,4,4,4,4,4,4,4,4,4,4
Bepa_CoolS/CoolF_B1_R2,1,CoolS/CoolF,betula,betula_papyrifera,,4,NA,4,4,4,4,4,4,4,4,4,4,4
Bepa_CoolS/CoolF_B1_R3,1,CoolS/CoolF,betula,betula_papyrifera,,4,NA,4,4,4,4,4,4,4,4,4,4,4
Bepa_CoolS/CoolF_B1_R4,1,CoolS/CoolF,betula,betula_papyrifera,116: stage 3 not 4,3,NA,3,4,4,3,4,4,4,4,4,4,4
Bepa_CoolS/CoolF_B1_R5,1,CoolS/CoolF,betula,betula_papyrifera,,4,NA,4,4,4,4,4,4,4,4,4,4,4
Bepa_CoolS/CoolF_B2_R6,2,CoolS/CoolF,betula,betula_papyrifera,,4,NA,4,4,4,4,4,4,4,4,4,4,4
Bepa_CoolS/CoolF_B2_R7,2,CoolS/CoolF,betula,betula_papyrifera,,4,NA,4,4,4,4,4,4,4,4,4,4,4
Bepa_CoolS/CoolF_B2_R8,2,CoolS/CoolF,betula,betula_papyrifera,,4,NA,4,4,4,4,4,4,4,4,4,4,4
Bepa_CoolS/CoolF_B2_R9,2,CoolS/CoolF,betula,betula_papyrifera,,3,NA,3,4,4,4,4,4,4,4,4,4,4
Bepa_CoolS/CoolF_B2_R10,2,CoolS/CoolF,betula,betula_papyrifera,,4,NA,4,4,4,4,4,4,4,4,4,4,4
Bepa_CoolS/CoolF_B3_R11,3,CoolS/CoolF,betula,betula_papyrifera,,4,NA,4,4,4,4,4,4,4,4,4,4,4
Bepa_CoolS/CoolF_B3_R12,3,CoolS/CoolF,betula,betula_papyrifera,,4,NA,4,4,4,4,4,4,4,4,4,4,4
Bepa_CoolS/CoolF_B3_R13,3,CoolS/CoolF,betula,betula_papyrifera,,3,NA,3,4,4,4,4,4,4,4,4,4,4
Bepa_CoolS/CoolF_B3_R14,3,CoolS/CoolF,betula,betula_papyrifera,,4,NA,4,4,4,4,4,4,4,4,4,4,4
Bepa_CoolS/CoolF_B3_R15,3,CoolS/CoolF,betula,betula_papyrifera,,4,NA,4,4,4,4,4,4,4,4,4,4,4
Bepa_CoolS/CoolF_B1_R1_nitro,1,CoolS/CoolF_nitro,betula,betula_papyrifera,,4,NA,4,4,4,4,4,4,4,4,4,4,4
Bepa_CoolS/CoolF_B1_R2_nitro,1,CoolS/CoolF_nitro,betula,betula_papyrifera,,4,NA,4,4,4,4,4,4,4,4,4,4,4
Bepa_CoolS/CoolF_B1_R3_nitro,1,CoolS/CoolF_nitro,betula,betula_papyrifera,116: stage 3 not 4,4,NA,4,4,4,3,4,4,4,4,4,4,4
Bepa_CoolS/CoolF_B1_R4_nitro,1,CoolS/CoolF_nitro,betula,betula_papyrifera,,4,NA,4,4,4,4,4,4,4,4,4,4,4
Bepa_CoolS/CoolF_B1_R5_nitro,1,CoolS/CoolF_nitro,betula,betula_papyrifera,,4,NA,4,4,4,4,4,4,4,4,4,4,4
Bepa_CoolS/CoolF_B2_R6_nitro,2,CoolS/CoolF_nitro,betula,betula_papyrifera,,4,NA,4,4,4,4,4,4,4,4,4,4,4
Bepa_CoolS/CoolF_B2_R7_nitro,2,CoolS/CoolF_nitro,betula,betula_papyrifera,,4,NA,4,4,4,4,4,4,4,4,4,4,4
Bepa_CoolS/CoolF_B2_R8_nitro,2,CoolS/CoolF_nitro,betula,betula_papyrifera,,4,NA,4,4,4,4,4,4,4,4,4,4,4
Bepa_CoolS/CoolF_B2_R9_nitro,2,CoolS/CoolF_nitro,betula,betula_papyrifera,,4,NA,4,4,4,4,4,4,4,4,4,4,4
Bepa_CoolS/CoolF_B2_R10_nitro,2,CoolS/CoolF_nitro,betula,betula_papyrifera,,4,NA,4,4,4,4,4,4,4,4,4,4,4
Bepa_CoolS/CoolF_B3_R11_nitro,3,CoolS/CoolF_nitro,betula,betula_papyrifera,,4,NA,4,4,4,4,4,4,4,4,4,4,4
Bepa_CoolS/CoolF_B3_R12_nitro,3,CoolS/CoolF_nitro,betula,betula_papyrifera,,4,NA,4,4,4,4,4,4,4,4,4,4,4
Bepa_CoolS/CoolF_B3_R13_nitro,3,CoolS/CoolF_nitro,betula,betula_papyrifera,,3,NA,3,3,4,4,4,4,4,4,4,4,4
Bepa_CoolS/CoolF_B3_R14_nitro,3,CoolS/CoolF_nitro,betula,betula_papyrifera,,4,NA,4,4,4,4,4,4,4,4,4,4,4
Bepa_CoolS/CoolF_B3_R15_nitro,3,CoolS/CoolF_nitro,betula,betula_papyrifera,116: stage 3 not 4,4,NA,4,4,4,3,4,4,4,4,4,4,4
Bepa_CoolS/WarmF_B1_R1,1,CoolS/WarmF,betula,betula_papyrifera,,4,NA,4,4,4,4,4,4,4,4,4,4,4
Bepa_CoolS/WarmF_B1_R2,1,CoolS/WarmF,betula,betula_papyrifera,,4,NA,4,4,4,4,4,4,4,4,4,4,4
Bepa_CoolS/WarmF_B1_R3,1,CoolS/WarmF,betula,betula_papyrifera,,4,NA,4,4,4,4,4,4,4,4,4,4,4
Bepa_CoolS/WarmF_B1_R4,1,CoolS/WarmF,betula,betula_papyrifera,,3,NA,3,3,4,4,4,4,4,4,4,4,4
Bepa_CoolS/WarmF_B1_R5,1,CoolS/WarmF,betula,betula_papyrifera,,3,NA,3,4,4,4,4,4,4,4,4,4,4
Bepa_CoolS/WarmF_B2_R6,2,CoolS/WarmF,betula,betula_papyrifera,,4,NA,4,4,4,4,4,4,4,4,4,4,4
Bepa_CoolS/WarmF_B2_R7,2,CoolS/WarmF,betula,betula_papyrifera,,4,NA,4,4,4,4,4,4,4,4,4,4,4
Bepa_CoolS/WarmF_B2_R8,2,CoolS/WarmF,betula,betula_papyrifera,,4,NA,4,4,4,4,4,4,4,4,4,4,4
Bepa_CoolS/WarmF_B2_R9,2,CoolS/WarmF,betula,betula_papyrifera,,2,NA,3,3,4,4,4,4,4,4,4,4,4
Bepa_CoolS/WarmF_B2_R10,2,CoolS/WarmF,betula,betula_papyrifera,,4,NA,4,4,4,4,4,4,4,4,4,4,4
Bepa_CoolS/WarmF_B3_R11,3,CoolS/WarmF,betula,betula_papyrifera,,4,NA,4,4,4,4,4,4,4,4,4,4,4
Bepa_CoolS/WarmF_B3_R12,3,CoolS/WarmF,betula,betula_papyrifera,,4,NA,4,4,4,4,4,4,4,4,4,4,4
Bepa_CoolS/WarmF_B3_R13,3,CoolS/WarmF,betula,betula_papyrifera,,4,NA,4,4,4,4,4,4,4,4,4,4,4
Bepa_CoolS/WarmF_B3_R14,3,CoolS/WarmF,betula,betula_papyrifera,,4,NA,4,4,4,4,4,4,4,4,4,4,4
Bepa_CoolS/WarmF_B3_R15,3,CoolS/WarmF,betula,betula_papyrifera,,4,NA,4,4,4,4,4,4,4,4,4,4,4
Bepa_WarmS/CoolF_B1_R1,1,WarmS/CoolF,betula,betula_papyrifera,,NA,4,4,4,4,4,4,4,4,4,4,4,4
Bepa_WarmS/CoolF_B1_R2,1,WarmS/CoolF,betula,betula_papyrifera,,NA,4,4,4,4,4,4,4,4,4,4,4,4
Bepa_WarmS/CoolF_B1_R3,1,WarmS/CoolF,betula,betula_papyrifera,,NA,4,4,4,4,4,4,4,4,4,4,4,4
Bepa_WarmS/CoolF_B1_R4,1,WarmS/CoolF,betula,betula_papyrifera,,NA,4,4,4,4,4,4,4,4,4,4,4,4
Bepa_WarmS/CoolF_B1_R5,1,WarmS/CoolF,betula,betula_papyrifera,,NA,4,4,4,4,4,4,4,4,4,4,4,4
Bepa_WarmS/CoolF_B2_R6,2,WarmS/CoolF,betula,betula_papyrifera,,NA,4,4,4,4,4,4,4,4,4,4,4,4
Bepa_WarmS/CoolF_B2_R7,2,WarmS/CoolF,betula,betula_papyrifera,,NA,4,4,4,4,4,4,4,4,4,4,4,4
Bepa_WarmS/CoolF_B2_R8,2,WarmS/CoolF,betula,betula_papyrifera,,NA,4,4,4,4,4,4,4,4,4,4,4,4
Bepa_WarmS/CoolF_B2_R9,2,WarmS/CoolF,betula,betula_papyrifera,,NA,4,4,4,4,4,4,4,4,4,4,4,4
Bepa_WarmS/CoolF_B2_R10,2,WarmS/CoolF,betula,betula_papyrifera,,NA,4,4,4,4,4,4,4,4,4,4,4,4
Bepa_WarmS/CoolF_B3_R11,3,WarmS/CoolF,betula,betula_papyrifera,,NA,4,4,4,4,4,4,4,4,4,4,4,4
Bepa_WarmS/CoolF_B3_R12,3,WarmS/CoolF,betula,betula_papyrifera,,NA,4,4,4,4,4,4,4,4,4,4,4,4
Bepa_WarmS/CoolF_B3_R13,3,WarmS/CoolF,betula,betula_papyrifera,,NA,4,4,4,4,4,4,4,4,4,4,4,4
Bepa_WarmS/CoolF_B3_R14,3,WarmS/CoolF,betula,betula_papyrifera,,NA,4,4,4,4,4,4,4,4,4,4,4,4
Bepa_WarmS/CoolF_B3_R15,3,WarmS/CoolF,betula,betula_papyrifera,,NA,4,4,4,4,4,4,4,4,4,4,4,4
Bepa_WarmS/WarmF_B1_R1,1,WarmS/WarmF,betula,betula_papyrifera,,NA,4,4,4,4,4,4,4,4,4,4,4,4
Bepa_WarmS/WarmF_B1_R2,1,WarmS/WarmF,betula,betula_papyrifera,,NA,4,4,4,4,4,4,4,4,4,4,4,4
Bepa_WarmS/WarmF_B1_R3,1,WarmS/WarmF,betula,betula_papyrifera,,NA,4,4,4,4,4,4,4,4,4,4,4,4
Bepa_WarmS/WarmF_B1_R4,1,WarmS/WarmF,betula,betula_papyrifera,,NA,4,4,4,4,4,4,4,4,4,4,4,4
Bepa_WarmS/WarmF_B1_R5,1,WarmS/WarmF,betula,betula_papyrifera,,NA,4,4,4,4,4,4,4,4,4,4,4,4
Bepa_WarmS/WarmF_B2_R6,2,WarmS/WarmF,betula,betula_papyrifera,,NA,4,4,4,4,4,4,4,4,4,4,4,4
Bepa_WarmS/WarmF_B2_R7,2,WarmS/WarmF,betula,betula_papyrifera,,NA,4,4,4,4,4,4,4,4,4,4,4,4
Bepa_WarmS/WarmF_B2_R8,2,WarmS/WarmF,betula,betula_papyrifera,,NA,4,4,4,4,4,4,4,4,4,4,4,4
Bepa_WarmS/WarmF_B2_R9,2,WarmS/WarmF,betula,betula_papyrifera,,NA,4,4,4,4,4,4,4,4,4,4,4,4
Bepa_WarmS/WarmF_B2_R10,2,WarmS/WarmF,betula,betula_papyrifera,,NA,4,4,4,4,4,4,4,4,4,4,4,4
Bepa_WarmS/WarmF_B3_R11,3,WarmS/WarmF,betula,betula_papyrifera,,NA,4,4,4,4,4,4,4,4,4,4,4,4
Bepa_WarmS/WarmF_B3_R12,3,WarmS/WarmF,betula,betula_papyrifera,,NA,4,4,4,4,4,4,4,4,4,4,4,4
Bepa_WarmS/WarmF_B3_R13,3,WarmS/WarmF,betula,betula_papyrifera,,NA,4,4,4,4,4,4,4,4,4,4,4,4
Bepa_WarmS/WarmF_B3_R14,3,WarmS/WarmF,betula,betula_papyrifera,,NA,4,4,4,4,4,4,4,4,4,4,4,4
Bepa_WarmS/WarmF_B3_R15,3,WarmS/WarmF,betula,betula_papyrifera,,NA,4,4,4,4,4,4,4,4,4,4,4,4
Bepa_WarmS/WarmF_B1_R1_nitro,1,WarmS/WarmF_nitro,betula,betula_papyrifera,,NA,4,4,4,4,4,4,4,4,4,4,4,4
Bepa_WarmS/WarmF_B1_R2_nitro,1,WarmS/WarmF_nitro,betula,betula_papyrifera,,NA,4,4,4,4,4,4,4,4,4,4,4,4
Bepa_WarmS/WarmF_B1_R3_nitro,1,WarmS/WarmF_nitro,betula,betula_papyrifera,,NA,4,4,4,4,4,4,4,4,4,4,4,4
Bepa_WarmS/WarmF_B1_R4_nitro,1,WarmS/WarmF_nitro,betula,betula_papyrifera,,NA,4,4,4,4,4,4,4,4,4,4,4,4
Bepa_WarmS/WarmF_B1_R5_nitro,1,WarmS/WarmF_nitro,betula,betula_papyrifera,,NA,4,4,4,4,4,4,4,4,4,4,4,4
Bepa_WarmS/WarmF_B2_R6_nitro,2,WarmS/WarmF_nitro,betula,betula_papyrifera,,NA,4,4,4,4,4,4,4,4,4,4,4,4
Bepa_WarmS/WarmF_B2_R7_nitro,2,WarmS/WarmF_nitro,betula,betula_papyrifera,,NA,4,4,4,4,4,4,4,4,4,4,4,4
Bepa_WarmS/WarmF_B2_R8_nitro,2,WarmS/WarmF_nitro,betula,betula_papyrifera,,NA,4,4,4,4,4,4,4,4,4,4,4,4
Bepa_WarmS/WarmF_B2_R9_nitro,2,WarmS/WarmF_nitro,betula,betula_papyrifera,,NA,4,4,4,4,4,4,4,4,4,4,4,4
Bepa_WarmS/WarmF_B2_R10_nitro,2,WarmS/WarmF_nitro,betula,betula_papyrifera,,NA,4,4,4,4,4,4,4,4,4,4,4,4
Bepa_WarmS/WarmF_B3_R11_nitro,3,WarmS/WarmF_nitro,betula,betula_papyrifera,,NA,4,4,4,4,4,4,4,4,4,4,4,4
Bepa_WarmS/WarmF_B3_R12_nitro,3,WarmS/WarmF_nitro,betula,betula_papyrifera,,NA,4,4,4,4,4,4,4,4,4,4,4,4
Bepa_WarmS/WarmF_B3_R13_nitro,3,WarmS/WarmF_nitro,betula,betula_papyrifera,,NA,4,4,4,4,4,4,4,4,4,4,4,4
Bepa_WarmS/WarmF_B3_R14_nitro,3,WarmS/WarmF_nitro,betula,betula_papyrifera,,NA,4,4,4,4,4,4,4,4,4,4,4,4
Bepa_WarmS/WarmF_B3_R15_nitro,3,WarmS/WarmF_nitro,betula,betula_papyrifera,,NA,4,4,4,4,4,4,4,4,4,4,4,4
Pist_CoolS/CoolF_B1_R1,1,CoolS/CoolF,pinus,pinus_strobus,,1,NA,2,2,2,2,2,2,2,2,,3,3
Pist_CoolS/CoolF_B1_R2,1,CoolS/CoolF,pinus,pinus_strobus,,1,NA,1,1,2,2,2,2,2,2,,3,3
Pist_CoolS/CoolF_B1_R3,1,CoolS/CoolF,pinus,pinus_strobus,,1,NA,1,1,1,1,2,2,2,2,,2,2
Pist_CoolS/CoolF_B1_R4,1,CoolS/CoolF,pinus,pinus_strobus,,1,NA,1,1,1,1,1,2,2,2,,2,2
Pist_CoolS/CoolF_B1_R5,1,CoolS/CoolF,pinus,pinus_strobus,116: stage 2 not 3,2,NA,2,2,3,2,2,2,2,2,,3,3
Pist_CoolS/CoolF_B2_R6,2,CoolS/CoolF,pinus,pinus_strobus,,1,NA,1,1,1,1,2,2,2,2,,2,2
Pist_CoolS/CoolF_B2_R7,2,CoolS/CoolF,pinus,pinus_strobus,,0,NA,1,1,1,1,2,2,2,2,,3,3
Pist_CoolS/CoolF_B2_R8,2,CoolS/CoolF,pinus,pinus_strobus,,0,NA,1,1,1,1,1,2,2,2,,2,3
Pist_CoolS/CoolF_B2_R9,2,CoolS/CoolF,pinus,pinus_strobus,116: stage 2 not 3,2,NA,2,2,3,2,2,2,2,2,,3,3
Pist_CoolS/CoolF_B2_R10,2,CoolS/CoolF,pinus,pinus_strobus,,0,NA,0,0,1,1,1,1,1,1,,2,2
Pist_CoolS/CoolF_B3_R11,3,CoolS/CoolF,pinus,pinus_strobus,,1,NA,1,1,1,1,2,2,2,2,,2,3
Pist_CoolS/CoolF_B3_R12,3,CoolS/CoolF,pinus,pinus_strobus,,1,NA,2,2,2,1,2,2,2,2,,3,3
Pist_CoolS/CoolF_B3_R13,3,CoolS/CoolF,pinus,pinus_strobus,doy137: bug bit off apical shoot,1,NA,1,1,1,1,2,2,2,2,,2,2
Pist_CoolS/CoolF_B3_R14,3,CoolS/CoolF,pinus,pinus_strobus,,1,NA,1,1,1,1,2,2,2,2,,2,2
Pist_CoolS/CoolF_B3_R15,3,CoolS/CoolF,pinus,pinus_strobus,,1,NA,2,2,2,2,2,2,2,2,,3,3
Pist_CoolS/CoolF_B1_R1_nitro,1,CoolS/CoolF_nitro,pinus,pinus_strobus,,1,NA,1,1,1,2,2,2,2,2,,3,3
Pist_CoolS/CoolF_B1_R2_nitro,1,CoolS/CoolF_nitro,pinus,pinus_strobus,116: stage 1 not 2,1,NA,1,1,2,1,2,2,2,2,,2,2
Pist_CoolS/CoolF_B1_R3_nitro,1,CoolS/CoolF_nitro,pinus,pinus_strobus,,1,NA,2,2,2,2,2,2,2,2,,3,3
Pist_CoolS/CoolF_B1_R4_nitro,1,CoolS/CoolF_nitro,pinus,pinus_strobus,116: stage 1 not 2,1,NA,2,2,2,1,2,2,2,2,,3,3
Pist_CoolS/CoolF_B1_R5_nitro,1,CoolS/CoolF_nitro,pinus,pinus_strobus,,1,NA,1,1,2,2,2,2,2,2,,3,3
Pist_CoolS/CoolF_B2_R6_nitro,2,CoolS/CoolF_nitro,pinus,pinus_strobus,,1,NA,1,1,1,1,1,2,2,2,,2,2
Pist_CoolS/CoolF_B2_R7_nitro,2,CoolS/CoolF_nitro,pinus,pinus_strobus,,1,NA,2,2,2,2,2,2,2,2,,3,3
Pist_CoolS/CoolF_B2_R8_nitro,2,CoolS/CoolF_nitro,pinus,pinus_strobus,,1,NA,1,1,2,2,2,2,2,2,,2,2
Pist_CoolS/CoolF_B2_R9_nitro,2,CoolS/CoolF_nitro,pinus,pinus_strobus,116: stage 1 not 2,1,NA,1,1,2,1,2,2,2,2,,2,2
Pist_CoolS/CoolF_B2_R10_nitro,2,CoolS/CoolF_nitro,pinus,pinus_strobus,,1,NA,1,1,1,1,1,2,2,2,,2,3
Pist_CoolS/CoolF_B3_R11_nitro,3,CoolS/CoolF_nitro,pinus,pinus_strobus,,1,NA,1,1,1,1,1,2,2,2,,2,2
Pist_CoolS/CoolF_B3_R12_nitro,3,CoolS/CoolF_nitro,pinus,pinus_strobus,116: stage 2 not 3,1,NA,2,2,3,2,2,2,2,2,,3,3
Pist_CoolS/CoolF_B3_R13_nitro,3,CoolS/CoolF_nitro,pinus,pinus_strobus,,1,NA,1,1,1,1,2,1,1,1,,2,2
Pist_CoolS/CoolF_B3_R14_nitro,3,CoolS/CoolF_nitro,pinus,pinus_strobus,,0,NA,0,1,1,1,1,2,2,2,,2,2
Pist_CoolS/CoolF_B3_R15_nitro,3,CoolS/CoolF_nitro,pinus,pinus_strobus,116: stage 1 not 2,1,NA,2,2,2,1,2,2,2,2,,3,3
Pist_CoolS/WarmF_B1_R1,1,CoolS/WarmF,pinus,pinus_strobus,,1,NA,2,2,2,2,2,2,2,2,,3,3
Pist_CoolS/WarmF_B1_R2,1,CoolS/WarmF,pinus,pinus_strobus,,1,NA,1,1,1,1,2,2,2,2,,2,2
Pist_CoolS/WarmF_B1_R3,1,CoolS/WarmF,pinus,pinus_strobus,,1,NA,2,2,2,2,2,2,2,2,,3,3
Pist_CoolS/WarmF_B1_R4,1,CoolS/WarmF,pinus,pinus_strobus,,0,NA,0,0,0,1,1,2,2,2,,2,2
Pist_CoolS/WarmF_B1_R5,1,CoolS/WarmF,pinus,pinus_strobus,116: stage 1 not 2,1,NA,1,1,2,1,2,2,2,2,,3,3
Pist_CoolS/WarmF_B2_R6,2,CoolS/WarmF,pinus,pinus_strobus,,0,NA,0,0,0,1,1,2,2,2,,2,2
Pist_CoolS/WarmF_B2_R7,2,CoolS/WarmF,pinus,pinus_strobus,,1,NA,1,1,1,1,1,2,2,2,,2,3
Pist_CoolS/WarmF_B2_R8,2,CoolS/WarmF,pinus,pinus_strobus,,0,NA,1,1,1,1,2,2,2,2,,3,3
Pist_CoolS/WarmF_B2_R9,2,CoolS/WarmF,pinus,pinus_strobus,,1,NA,1,1,1,1,1,2,2,2,,2,2
Pist_CoolS/WarmF_B2_R10,2,CoolS/WarmF,pinus,pinus_strobus,,1,NA,2,2,2,2,2,2,2,2,,3,3
Pist_CoolS/WarmF_B3_R11,3,CoolS/WarmF,pinus,pinus_strobus,,1,NA,2,2,2,2,2,2,2,2,,2,3
Pist_CoolS/WarmF_B3_R12,3,CoolS/WarmF,pinus,pinus_strobus,116: stage 1 not 2,1,NA,1,1,2,1,2,2,2,2,,2,3
Pist_CoolS/WarmF_B3_R13,3,CoolS/WarmF,pinus,pinus_strobus,,0,NA,0,0,0,1,1,1,1,1,,2,2
Pist_CoolS/WarmF_B3_R14,3,CoolS/WarmF,pinus,pinus_strobus,116: stage 1 not 2,1,NA,1,1,2,1,2,2,2,2,,2,3
Pist_CoolS/WarmF_B3_R15,3,CoolS/WarmF,pinus,pinus_strobus,,1,NA,1,1,1,1,1,2,2,2,,2,2
Pist_WarmS/CoolF_B1_R1,1,WarmS/CoolF,pinus,pinus_strobus,,NA,2,2,3,3,3,3,3,3,3,,4,4
Pist_WarmS/CoolF_B1_R2,1,WarmS/CoolF,pinus,pinus_strobus,,NA,2,2,2,2,3,3,3,3,3,,4,4
Pist_WarmS/CoolF_B1_R3,1,WarmS/CoolF,pinus,pinus_strobus,,NA,2,2,2,2,3,3,3,3,3,,4,4
Pist_WarmS/CoolF_B1_R4,1,WarmS/CoolF,pinus,pinus_strobus,,NA,1,1,1,1,2,2,2,2,2,,4,4
Pist_WarmS/CoolF_B1_R5,1,WarmS/CoolF,pinus,pinus_strobus,,NA,2,2,2,2,2,2,2,2,2,,4,4
Pist_WarmS/CoolF_B2_R6,2,WarmS/CoolF,pinus,pinus_strobus,,NA,2,2,2,2,2,3,3,3,3,,4,4
Pist_WarmS/CoolF_B2_R7,2,WarmS/CoolF,pinus,pinus_strobus,,NA,2,2,3,3,3,3,3,3,3,,4,4
Pist_WarmS/CoolF_B2_R8,2,WarmS/CoolF,pinus,pinus_strobus,,NA,2,2,3,3,3,3,3,3,3,,4,4
Pist_WarmS/CoolF_B2_R9,2,WarmS/CoolF,pinus,pinus_strobus,,NA,1,1,1,1,2,2,2,2,2,,3,3
Pist_WarmS/CoolF_B2_R10,2,WarmS/CoolF,pinus,pinus_strobus,,NA,2,2,3,3,3,4,4,4,4,,4,4
Pist_WarmS/CoolF_B3_R11,3,WarmS/CoolF,pinus,pinus_strobus,,NA,1,1,1,1,2,2,2,2,2,,2,3
Pist_WarmS/CoolF_B3_R12,3,WarmS/CoolF,pinus,pinus_strobus,,NA,2,2,2,3,3,3,3,3,3,,4,4
Pist_WarmS/CoolF_B3_R13,3,WarmS/CoolF,pinus,pinus_strobus,,NA,2,2,2,3,3,3,3,3,3,,4,4
Pist_WarmS/CoolF_B3_R14,3,WarmS/CoolF,pinus,pinus_strobus,,NA,2,2,2,3,3,4,4,4,4,,4,4
Pist_WarmS/CoolF_B3_R15,3,WarmS/CoolF,pinus,pinus_strobus,,NA,2,2,2,2,3,3,3,3,3,,4,4
Pist_WarmS/WarmF_B1_R1,1,WarmS/WarmF,pinus,pinus_strobus,,NA,2,2,2,2,3,3,3,3,3,,4,4
Pist_WarmS/WarmF_B1_R2,1,WarmS/WarmF,pinus,pinus_strobus,,NA,2,2,3,3,3,3,3,3,3,,4,4
Pist_WarmS/WarmF_B1_R3,1,WarmS/WarmF,pinus,pinus_strobus,,NA,2,2,2,2,2,2,2,3,3,,4,4
Pist_WarmS/WarmF_B1_R4,1,WarmS/WarmF,pinus,pinus_strobus,,NA,1,1,1,2,2,2,2,2,2,,4,4
Pist_WarmS/WarmF_B1_R5,1,WarmS/WarmF,pinus,pinus_strobus,,NA,2,2,2,2,3,4,4,4,4,,4,4
Pist_WarmS/WarmF_B2_R6,2,WarmS/WarmF,pinus,pinus_strobus,,NA,1,1,2,2,2,2,2,2,2,,4,4
Pist_WarmS/WarmF_B2_R7,2,WarmS/WarmF,pinus,pinus_strobus,,NA,2,2,2,2,2,2,2,2,2,,4,4
Pist_WarmS/WarmF_B2_R8,2,WarmS/WarmF,pinus,pinus_strobus,,NA,2,2,2,2,3,3,3,3,3,,4,4
Pist_WarmS/WarmF_B2_R9,2,WarmS/WarmF,pinus,pinus_strobus,,NA,2,2,2,2,3,3,3,3,3,,4,4
Pist_WarmS/WarmF_B2_R10,2,WarmS/WarmF,pinus,pinus_strobus,,NA,2,2,2,3,3,3,3,3,3,,4,4
Pist_WarmS/WarmF_B3_R11,3,WarmS/WarmF,pinus,pinus_strobus,,NA,2,2,3,3,3,3,3,4,4,,4,4
Pist_WarmS/WarmF_B3_R12,3,WarmS/WarmF,pinus,pinus_strobus,,NA,1,1,1,1,2,2,2,2,2,,3,3
Pist_WarmS/WarmF_B3_R13,3,WarmS/WarmF,pinus,pinus_strobus,,NA,2,2,2,2,3,3,3,2,3,,4,4
Pist_WarmS/WarmF_B3_R14,3,WarmS/WarmF,pinus,pinus_strobus,,NA,2,2,2,2,3,3,3,3,3,,4,4
Pist_WarmS/WarmF_B3_R15,3,WarmS/WarmF,pinus,pinus_strobus,,NA,2,2,3,2,3,3,3,3,3,,4,4
Pist_WarmS/WarmF_B1_R1_nitro,1,WarmS/WarmF_nitro,pinus,pinus_strobus,,NA,2,2,2,1,2,3,3,3,3,,4,4
Pist_WarmS/WarmF_B1_R2_nitro,1,WarmS/WarmF_nitro,pinus,pinus_strobus,,NA,1,1,1,1,2,2,2,2,2,,4,4
Pist_WarmS/WarmF_B1_R3_nitro,1,WarmS/WarmF_nitro,pinus,pinus_strobus,,NA,2,2,3,3,3,4,4,4,4,,4,4
Pist_WarmS/WarmF_B1_R4_nitro,1,WarmS/WarmF_nitro,pinus,pinus_strobus,,NA,2,2,3,3,3,4,4,4,4,,4,4
Pist_WarmS/WarmF_B1_R5_nitro,1,WarmS/WarmF_nitro,pinus,pinus_strobus,,NA,2,2,3,2,3,3,3,3,4,,4,4
Pist_WarmS/WarmF_B2_R6_nitro,2,WarmS/WarmF_nitro,pinus,pinus_strobus,,NA,2,2,2,3,3,4,4,4,4,,4,4
Pist_WarmS/WarmF_B2_R7_nitro,2,WarmS/WarmF_nitro,pinus,pinus_strobus,,NA,2,2,2,2,3,3,3,3,3,,4,4
Pist_WarmS/WarmF_B2_R8_nitro,2,WarmS/WarmF_nitro,pinus,pinus_strobus,,NA,2,2,2,2,2,3,3,3,3,,4,4
Pist_WarmS/WarmF_B2_R9_nitro,2,WarmS/WarmF_nitro,pinus,pinus_strobus,,NA,2,2,2,2,2,2,3,3,3,,4,4
Pist_WarmS/WarmF_B2_R10_nitro,2,WarmS/WarmF_nitro,pinus,pinus_strobus,,NA,1,1,2,2,2,2,2,2,2,,3,4
Pist_WarmS/WarmF_B3_R11_nitro,3,WarmS/WarmF_nitro,pinus,pinus_strobus,,NA,2,2,2,3,3,4,4,4,4,,4,4
Pist_WarmS/WarmF_B3_R12_nitro,3,WarmS/WarmF_nitro,pinus,pinus_strobus,,NA,1,1,1,2,2,2,2,2,2,,3,4
Pist_WarmS/WarmF_B3_R13_nitro,3,WarmS/WarmF_nitro,pinus,pinus_strobus,,NA,1,1,1,2,2,2,2,3,3,,3,4
Pist_WarmS/WarmF_B3_R14_nitro,3,WarmS/WarmF_nitro,pinus,pinus_strobus,,NA,2,2,2,2,2,3,3,3,3,,4,4
Pist_WarmS/WarmF_B3_R15_nitro,3,WarmS/WarmF_nitro,pinus,pinus_strobus,,NA,2,2,2,2,3,3,3,3,3,,4,4
Poba_CoolS/CoolF_B1_R1,1,CoolS/CoolF,populus,populus_balsamifera,,2,NA,2,3,3,3,3,4,4,4,4,4,4
Poba_CoolS/CoolF_B1_R2,1,CoolS/CoolF,populus,populus_balsamifera,,3,NA,3,3,3,3,3,4,4,4,4,4,4
Poba_CoolS/CoolF_B1_R3,1,CoolS/CoolF,populus,populus_balsamifera,,2,NA,2,3,3,3,3,3,3,3,3,4,4
Poba_CoolS/CoolF_B1_R4,1,CoolS/CoolF,populus,populus_balsamifera,,3,NA,3,3,4,4,4,4,4,4,4,4,4
Poba_CoolS/CoolF_B1_R5,1,CoolS/CoolF,populus,populus_balsamifera,,3,NA,3,3,3,3,4,4,4,4,4,4,4
Poba_CoolS/CoolF_B2_R6,2,CoolS/CoolF,populus,populus_balsamifera,,2,NA,2,3,2,3,3,3,3,3,3,4,4
Poba_CoolS/CoolF_B2_R7,2,CoolS/CoolF,populus,populus_balsamifera,,2,NA,2,2,3,3,4,4,4,4,4,4,4
Poba_CoolS/CoolF_B2_R8,2,CoolS/CoolF,populus,populus_balsamifera,,2,NA,2,NA,1,3,1,1,1,1,2,1,1
Poba_CoolS/CoolF_B2_R9,2,CoolS/CoolF,populus,populus_balsamifera,,1,NA,2,2,2,3,2,2,2,2,2,4,4
Poba_CoolS/CoolF_B2_R10,2,CoolS/CoolF,populus,populus_balsamifera,,2,NA,2,3,3,3,3,4,4,4,4,4,4
Poba_CoolS/CoolF_B3_R11,3,CoolS/CoolF,populus,populus_balsamifera,,2,NA,2,2,2,3,2,3,3,3,3,3,3
Poba_CoolS/CoolF_B3_R12,3,CoolS/CoolF,populus,populus_balsamifera,doy137: dead,1,NA,1,1,1,3,1,1,1,1,1,NA,na
Poba_CoolS/CoolF_B3_R13,3,CoolS/CoolF,populus,populus_balsamifera,,2,NA,2,3,3,3,4,4,4,4,4,4,4
Poba_CoolS/CoolF_B3_R14,3,CoolS/CoolF,populus,populus_balsamifera,,2,NA,2,2,3,3,3,3,3,3,3,4,4
Poba_CoolS/CoolF_B3_R15,3,CoolS/CoolF,populus,populus_balsamifera,,2,NA,3,3,3,3,3,3,3,4,4,4,4
Poba_CoolS/CoolF_B1_R1_nitro,1,CoolS/CoolF_nitro,populus,populus_balsamifera,,2,NA,2,2,2,3,3,3,3,3,3,4,4
Poba_CoolS/CoolF_B1_R2_nitro,1,CoolS/CoolF_nitro,populus,populus_balsamifera,,2,NA,3,3,3,3,3,3,3,3,3,4,4
Poba_CoolS/CoolF_B1_R3_nitro,1,CoolS/CoolF_nitro,populus,populus_balsamifera,,1,NA,2,2,2,3,3,3,3,3,3,3,3
Poba_CoolS/CoolF_B1_R4_nitro,1,CoolS/CoolF_nitro,populus,populus_balsamifera,,3,NA,3,3,4,4,4,4,4,4,4,4,4
Poba_CoolS/CoolF_B1_R5_nitro,1,CoolS/CoolF_nitro,populus,populus_balsamifera,,3,NA,3,3,4,4,4,4,4,4,4,4,4
Poba_CoolS/CoolF_B2_R6_nitro,2,CoolS/CoolF_nitro,populus,populus_balsamifera,,2,NA,2,3,2,3,3,2,2,2,2,3,4
Poba_CoolS/CoolF_B2_R7_nitro,2,CoolS/CoolF_nitro,populus,populus_balsamifera,,2,NA,2,2,2,3,3,2,2,2,2,3,4
Poba_CoolS/CoolF_B2_R8_nitro,2,CoolS/CoolF_nitro,populus,populus_balsamifera,doy137: shoot that isn't tagged is getting measured,2,NA,2,2,3,3,3,4,4,4,4,4,4
Poba_CoolS/CoolF_B2_R9_nitro,2,CoolS/CoolF_nitro,populus,populus_balsamifera,,2,NA,2,2,2,2,2,3,3,3,3,4,4
Poba_CoolS/CoolF_B2_R10_nitro,2,CoolS/CoolF_nitro,populus,populus_balsamifera,,2,NA,2,2,2,3,3,3,3,3,3,4,4
Poba_CoolS/CoolF_B3_R11_nitro,3,CoolS/CoolF_nitro,populus,populus_balsamifera,,2,NA,2,3,3,3,3,3,3,3,4,4,4
Poba_CoolS/CoolF_B3_R12_nitro,3,CoolS/CoolF_nitro,populus,populus_balsamifera,,2,NA,2,3,3,3,3,4,4,4,4,4,4
Poba_CoolS/CoolF_B3_R13_nitro,3,CoolS/CoolF_nitro,populus,populus_balsamifera,,3,NA,3,3,3,3,3,3,3,3,4,4,4
Poba_CoolS/CoolF_B3_R14_nitro,3,CoolS/CoolF_nitro,populus,populus_balsamifera,,2,NA,2,2,3,3,4,4,4,4,4,4,4
Poba_CoolS/CoolF_B3_R15_nitro,3,CoolS/CoolF_nitro,populus,populus_balsamifera,,1,NA,2,2,2,3,3,1,1,1,1,3,3
Poba_CoolS/WarmF_B1_R1,1,CoolS/WarmF,populus,populus_balsamifera,,2,NA,2,2,2,3,3,3,3,3,3,4,4
Poba_CoolS/WarmF_B1_R2,1,CoolS/WarmF,populus,populus_balsamifera,,1,NA,1,1,2,3,2,2,2,2,2,4,4
Poba_CoolS/WarmF_B1_R3,1,CoolS/WarmF,populus,populus_balsamifera,,2,NA,3,3,3,3,3,3,3,3,3,4,4
Poba_CoolS/WarmF_B1_R4,1,CoolS/WarmF,populus,populus_balsamifera,,1,NA,2,2,2,3,2,3,3,3,4,4,4
Poba_CoolS/WarmF_B1_R5,1,CoolS/WarmF,populus,populus_balsamifera,,1,NA,2,2,2,3,2,2,2,2,2,3,3
Poba_CoolS/WarmF_B2_R6,2,CoolS/WarmF,populus,populus_balsamifera,,2,NA,1,1,1,3,1,2,2,2,2,3,4
Poba_CoolS/WarmF_B2_R7,2,CoolS/WarmF,populus,populus_balsamifera,,2,NA,2,2,2,3,3,3,3,3,3,4,4
Poba_CoolS/WarmF_B2_R8,2,CoolS/WarmF,populus,populus_balsamifera,,3,NA,3,3,3,3,4,4,4,4,4,4,4
Poba_CoolS/WarmF_B2_R9,2,CoolS/WarmF,populus,populus_balsamifera,,1,NA,2,2,2,3,1,2,2,2,2,3,3
Poba_CoolS/WarmF_B2_R10,2,CoolS/WarmF,populus,populus_balsamifera,,2,NA,3,3,3,3,3,3,3,3,3,4,4
Poba_CoolS/WarmF_B3_R11,3,CoolS/WarmF,populus,populus_balsamifera,,3,NA,3,3,4,4,4,4,4,4,4,4,4
Poba_CoolS/WarmF_B3_R12,3,CoolS/WarmF,populus,populus_balsamifera,,2,NA,2,2,2,2,2,2,3,3,3,4,4
Poba_CoolS/WarmF_B3_R13,3,CoolS/WarmF,populus,populus_balsamifera,,1,NA,2,2,2,3,3,3,3,3,3,4,4
Poba_CoolS/WarmF_B3_R14,3,CoolS/WarmF,populus,populus_balsamifera,,2,NA,3,3,3,3,4,4,4,4,4,4,4
Poba_CoolS/WarmF_B3_R15,3,CoolS/WarmF,populus,populus_balsamifera,,2,NA,2,2,2,2,2,2,2,2,3,3,3
Poba_WarmS/CoolF_B1_R1,1,WarmS/CoolF,populus,populus_balsamifera,,NA,4,4,4,4,4,4,4,4,4,4,4,4
Poba_WarmS/CoolF_B1_R2,1,WarmS/CoolF,populus,populus_balsamifera,,NA,4,4,4,4,4,4,4,4,4,4,4,4
Poba_WarmS/CoolF_B1_R3,1,WarmS/CoolF,populus,populus_balsamifera,,NA,4,4,4,4,4,4,4,4,4,4,4,4
Poba_WarmS/CoolF_B1_R4,1,WarmS/CoolF,populus,populus_balsamifera,,NA,4,4,4,4,4,4,4,4,4,4,4,4
Poba_WarmS/CoolF_B1_R5,1,WarmS/CoolF,populus,populus_balsamifera,,NA,4,4,4,4,4,4,4,4,4,4,4,4
Poba_WarmS/CoolF_B2_R6,2,WarmS/CoolF,populus,populus_balsamifera,dead,NA,4,4,4,4,4,4,4,4,na,na,NA,na
Poba_WarmS/CoolF_B2_R7,2,WarmS/CoolF,populus,populus_balsamifera,,NA,4,4,4,4,4,4,4,4,4,4,4,4
Poba_WarmS/CoolF_B2_R8,2,WarmS/CoolF,populus,populus_balsamifera,"probably dead. Doy137: main shoot dead, sprouting from bottom, no phenomonitoring",NA,4,4,4,4,4,4,4,4,na,na,NA,na
Poba_WarmS/CoolF_B2_R9,2,WarmS/CoolF,populus,populus_balsamifera,,NA,4,4,4,4,4,4,4,4,4,4,4,4
Poba_WarmS/CoolF_B2_R10,2,WarmS/CoolF,populus,populus_balsamifera,,NA,4,4,4,4,4,4,4,4,4,4,4,4
Poba_WarmS/CoolF_B3_R11,3,WarmS/CoolF,populus,populus_balsamifera,,NA,2,2,3,3,4,4,4,4,4,4,4,4
Poba_WarmS/CoolF_B3_R12,3,WarmS/CoolF,populus,populus_balsamifera,,NA,4,4,4,4,4,4,4,4,4,4,4,4
Poba_WarmS/CoolF_B3_R13,3,WarmS/CoolF,populus,populus_balsamifera,,NA,4,4,4,4,4,4,4,4,4,4,4,4
Poba_WarmS/CoolF_B3_R14,3,WarmS/CoolF,populus,populus_balsamifera,,NA,4,4,4,4,4,4,4,4,4,4,4,4
Poba_WarmS/CoolF_B3_R15,3,WarmS/CoolF,populus,populus_balsamifera,,NA,4,4,4,4,4,4,4,4,4,4,4,4
Poba_WarmS/WarmF_B1_R1,1,WarmS/WarmF,populus,populus_balsamifera,,NA,4,4,4,4,4,4,4,4,4,4,4,4
Poba_WarmS/WarmF_B1_R2,1,WarmS/WarmF,populus,populus_balsamifera,,NA,4,4,4,4,4,4,4,4,4,4,4,4
Poba_WarmS/WarmF_B1_R3,1,WarmS/WarmF,populus,populus_balsamifera,,NA,4,4,4,4,4,4,4,4,4,4,4,4
Poba_WarmS/WarmF_B1_R4,1,WarmS/WarmF,populus,populus_balsamifera,,NA,4,4,4,4,4,4,4,4,4,4,4,4
Poba_WarmS/WarmF_B1_R5,1,WarmS/WarmF,populus,populus_balsamifera,,NA,4,4,4,4,4,4,4,4,4,4,4,4
Poba_WarmS/WarmF_B2_R6,2,WarmS/WarmF,populus,populus_balsamifera,,NA,4,4,4,4,4,4,4,4,4,4,4,4
Poba_WarmS/WarmF_B2_R7,2,WarmS/WarmF,populus,populus_balsamifera,,NA,4,4,4,4,4,4,4,4,4,4,4,4
Poba_WarmS/WarmF_B2_R8,2,WarmS/WarmF,populus,populus_balsamifera,,NA,4,4,4,4,4,4,4,4,4,4,4,4
Poba_WarmS/WarmF_B2_R9,2,WarmS/WarmF,populus,populus_balsamifera,,NA,4,4,4,4,4,4,4,4,4,4,4,4
Poba_WarmS/WarmF_B2_R10,2,WarmS/WarmF,populus,populus_balsamifera,,NA,4,4,4,4,4,4,4,4,4,4,4,4
Poba_WarmS/WarmF_B3_R11,3,WarmS/WarmF,populus,populus_balsamifera,,NA,2,2,3,3,4,4,4,4,4,4,4,
Poba_WarmS/WarmF_B3_R12,3,WarmS/WarmF,populus,populus_balsamifera,,NA,4,4,4,4,4,4,4,4,4,4,4,
Poba_WarmS/WarmF_B3_R13,3,WarmS/WarmF,populus,populus_balsamifera,,NA,4,4,4,4,4,4,4,4,4,4,4,
Poba_WarmS/WarmF_B3_R14,3,WarmS/WarmF,populus,populus_balsamifera,,NA,4,4,4,4,4,4,4,4,4,4,4,
Poba_WarmS/WarmF_B3_R15,3,WarmS/WarmF,populus,populus_balsamifera,,NA,4,4,4,4,4,4,4,4,4,4,4,
Poba_WarmS/WarmF_B1_R1_nitro,1,WarmS/WarmF_nitro,populus,populus_balsamifera,,NA,4,4,4,4,4,4,4,4,4,4,4,4
Poba_WarmS/WarmF_B1_R2_nitro,1,WarmS/WarmF_nitro,populus,populus_balsamifera,,NA,2,2,2,2,2,2,2,2,2,2,2,2
Poba_WarmS/WarmF_B1_R3_nitro,1,WarmS/WarmF_nitro,populus,populus_balsamifera,,NA,4,4,4,4,4,4,4,4,4,4,4,4
Poba_WarmS/WarmF_B1_R4_nitro,1,WarmS/WarmF_nitro,populus,populus_balsamifera,,NA,4,4,4,4,4,4,4,4,4,4,4,4
Poba_WarmS/WarmF_B1_R5_nitro,1,WarmS/WarmF_nitro,populus,populus_balsamifera,,NA,4,4,4,4,4,4,4,4,4,4,4,4
Poba_WarmS/WarmF_B2_R6_nitro,2,WarmS/WarmF_nitro,populus,populus_balsamifera,,NA,4,4,4,4,4,4,4,4,4,4,4,4
Poba_WarmS/WarmF_B2_R7_nitro,2,WarmS/WarmF_nitro,populus,populus_balsamifera,,NA,4,4,4,4,4,4,4,4,4,4,4,4
Poba_WarmS/WarmF_B2_R8_nitro,2,WarmS/WarmF_nitro,populus,populus_balsamifera,,NA,4,4,4,4,4,4,4,4,4,4,4,4
Poba_WarmS/WarmF_B2_R9_nitro,2,WarmS/WarmF_nitro,populus,populus_balsamifera,doy137: dead,NA,1,1,1,1,1,1,1,1,1,1,NA,na
Poba_WarmS/WarmF_B2_R10_nitro,2,WarmS/WarmF_nitro,populus,populus_balsamifera,,NA,1,1,1,2,2,2,3,3,4,4,4,4
Poba_WarmS/WarmF_B3_R11_nitro,3,WarmS/WarmF_nitro,populus,populus_balsamifera,,NA,4,4,4,4,4,4,4,4,4,4,4,4
Poba_WarmS/WarmF_B3_R12_nitro,3,WarmS/WarmF_nitro,populus,populus_balsamifera,,NA,4,4,4,4,4,4,4,4,4,4,4,4
Poba_WarmS/WarmF_B3_R13_nitro,3,WarmS/WarmF_nitro,populus,populus_balsamifera,,NA,4,4,4,4,4,4,4,4,4,4,4,4
Poba_WarmS/WarmF_B3_R14_nitro,3,WarmS/WarmF_nitro,populus,populus_balsamifera,,NA,4,4,4,4,4,4,4,4,4,4,4,4
Poba_WarmS/WarmF_B3_R15_nitro,3,WarmS/WarmF_nitro,populus,populus_balsamifera,,NA,2,3,3,3,4,4,4,4,4,4,4,4
Prvi_CoolS/CoolF_B1_R1,1,CoolS/CoolF,prunus,prunus_virginiana,,4,NA,4,4,4,4,4,4,4,4,4,4,4
Prvi_CoolS/CoolF_B1_R2,1,CoolS/CoolF,prunus,prunus_virginiana,,4,NA,4,4,4,4,4,4,4,4,4,4,4
Prvi_CoolS/CoolF_B1_R3,1,CoolS/CoolF,prunus,prunus_virginiana,,4,NA,4,4,4,4,4,4,4,4,4,4,4
Prvi_CoolS/CoolF_B1_R4,1,CoolS/CoolF,prunus,prunus_virginiana,,4,NA,4,4,4,4,4,4,4,4,4,4,4
Prvi_CoolS/CoolF_B1_R5,1,CoolS/CoolF,prunus,prunus_virginiana,,4,NA,4,4,4,4,4,4,4,4,4,4,4
Prvi_CoolS/CoolF_B2_R6,2,CoolS/CoolF,prunus,prunus_virginiana,,3,NA,4,4,4,4,4,4,4,4,4,4,4
Prvi_CoolS/CoolF_B2_R7,2,CoolS/CoolF,prunus,prunus_virginiana,,4,NA,4,4,4,4,4,4,4,4,4,4,4
Prvi_CoolS/CoolF_B2_R8,2,CoolS/CoolF,prunus,prunus_virginiana,116: stage 3 not 4,2,NA,3,3,4,3,4,4,4,4,4,4,4
Prvi_CoolS/CoolF_B2_R9,2,CoolS/CoolF,prunus,prunus_virginiana,,4,NA,4,4,4,4,4,4,4,4,4,4,4
Prvi_CoolS/CoolF_B2_R10,2,CoolS/CoolF,prunus,prunus_virginiana,,4,NA,4,4,4,4,4,4,4,4,4,4,4
Prvi_CoolS/CoolF_B3_R11,3,CoolS/CoolF,prunus,prunus_virginiana,,4,NA,4,4,4,4,4,4,4,4,4,4,4
Prvi_CoolS/CoolF_B3_R12,3,CoolS/CoolF,prunus,prunus_virginiana,,4,NA,4,4,4,4,4,4,4,4,4,4,4
Prvi_CoolS/CoolF_B3_R13,3,CoolS/CoolF,prunus,prunus_virginiana,,4,NA,4,4,4,4,4,4,4,4,4,4,4
Prvi_CoolS/CoolF_B3_R14,3,CoolS/CoolF,prunus,prunus_virginiana,,4,NA,4,4,4,4,4,4,4,4,4,4,4
Prvi_CoolS/CoolF_B3_R15,3,CoolS/CoolF,prunus,prunus_virginiana,,4,NA,4,4,4,4,4,4,4,4,4,4,4
Prvi_CoolS/CoolF_B1_R1_nitro,1,CoolS/CoolF_nitro,prunus,prunus_virginiana,,3,NA,3,3,3,4,4,4,4,4,4,4,4
Prvi_CoolS/CoolF_B1_R2_nitro,1,CoolS/CoolF_nitro,prunus,prunus_virginiana,,4,NA,4,4,4,4,4,4,4,4,4,4,4
Prvi_CoolS/CoolF_B1_R3_nitro,1,CoolS/CoolF_nitro,prunus,prunus_virginiana,,4,NA,4,4,4,4,4,4,4,4,4,4,4
Prvi_CoolS/CoolF_B1_R4_nitro,1,CoolS/CoolF_nitro,prunus,prunus_virginiana,main branch dead,3,NA,3,3,3,3,3,4,4,4,4,4,4
Prvi_CoolS/CoolF_B1_R5_nitro,1,CoolS/CoolF_nitro,prunus,prunus_virginiana,,4,NA,4,4,4,4,4,4,4,4,4,4,4
Prvi_CoolS/CoolF_B2_R6_nitro,2,CoolS/CoolF_nitro,prunus,prunus_virginiana,,4,NA,4,4,4,4,4,4,4,4,4,4,4
Prvi_CoolS/CoolF_B2_R7_nitro,2,CoolS/CoolF_nitro,prunus,prunus_virginiana,,4,NA,4,4,4,4,4,4,4,4,4,4,4
Prvi_CoolS/CoolF_B2_R8_nitro,2,CoolS/CoolF_nitro,prunus,prunus_virginiana,,4,NA,4,4,4,4,4,4,4,4,4,4,4
Prvi_CoolS/CoolF_B2_R9_nitro,2,CoolS/CoolF_nitro,prunus,prunus_virginiana,,4,NA,4,4,4,4,4,4,4,4,4,4,4
Prvi_CoolS/CoolF_B2_R10_nitro,2,CoolS/CoolF_nitro,prunus,prunus_virginiana,116: stage 3 not 4,3,NA,3,3,4,3,3,4,4,4,4,4,4
Prvi_CoolS/CoolF_B3_R11_nitro,3,CoolS/CoolF_nitro,prunus,prunus_virginiana,,2,NA,2,2,2,2,4,2,2,2,2,4,4
Prvi_CoolS/CoolF_B3_R12_nitro,3,CoolS/CoolF_nitro,prunus,prunus_virginiana,,4,NA,4,4,4,4,4,4,4,4,4,4,4
Prvi_CoolS/CoolF_B3_R13_nitro,3,CoolS/CoolF_nitro,prunus,prunus_virginiana,,4,NA,4,4,4,4,4,4,4,4,4,4,4
Prvi_CoolS/CoolF_B3_R14_nitro,3,CoolS/CoolF_nitro,prunus,prunus_virginiana,,2,NA,2,2,2,2,2,3,3,3,4,4,4
Prvi_CoolS/CoolF_B3_R15_nitro,3,CoolS/CoolF_nitro,prunus,prunus_virginiana,"116: main stem 2, smaller branch 4",2,NA,2,2,2,2,3,2,3,4,4,4,4
Prvi_CoolS/WarmF_B1_R1,1,CoolS/WarmF,prunus,prunus_virginiana,main 2; lateral 4,2,NA,2,2,2,2,2,2,2,2,2,2,2
Prvi_CoolS/WarmF_B1_R2,1,CoolS/WarmF,prunus,prunus_virginiana,,4,NA,4,4,4,4,4,4,4,4,4,4,4
Prvi_CoolS/WarmF_B1_R3,1,CoolS/WarmF,prunus,prunus_virginiana,,4,NA,4,4,4,4,4,4,4,4,4,4,4
Prvi_CoolS/WarmF_B1_R4,1,CoolS/WarmF,prunus,prunus_virginiana,,4,NA,4,4,4,4,4,4,4,4,4,4,4
Prvi_CoolS/WarmF_B1_R5,1,CoolS/WarmF,prunus,prunus_virginiana,,4,NA,4,4,4,4,4,4,4,4,4,4,4
Prvi_CoolS/WarmF_B2_R6,2,CoolS/WarmF,prunus,prunus_virginiana,,4,NA,4,4,4,4,4,4,4,4,4,4,4
Prvi_CoolS/WarmF_B2_R7,2,CoolS/WarmF,prunus,prunus_virginiana,,4,NA,4,4,4,4,4,4,4,4,4,4,4
Prvi_CoolS/WarmF_B2_R8,2,CoolS/WarmF,prunus,prunus_virginiana,116: stage 3 not 4,4,NA,4,4,4,3,3,4,4,4,4,4,4
Prvi_CoolS/WarmF_B2_R9,2,CoolS/WarmF,prunus,prunus_virginiana,,4,NA,4,4,4,4,4,4,4,4,4,4,4
Prvi_CoolS/WarmF_B2_R10,2,CoolS/WarmF,prunus,prunus_virginiana,,4,NA,4,4,4,4,4,4,4,4,4,4,4
Prvi_CoolS/WarmF_B3_R11,3,CoolS/WarmF,prunus,prunus_virginiana,,2,NA,2,2,2,2,2,2,2,2,3,3,3
Prvi_CoolS/WarmF_B3_R12,3,CoolS/WarmF,prunus,prunus_virginiana,,4,NA,4,4,4,4,4,4,4,4,4,4,4
Prvi_CoolS/WarmF_B3_R13,3,CoolS/WarmF,prunus,prunus_virginiana,main maybe dead,4,NA,4,4,4,4,4,4,4,4,4,4,4
Prvi_CoolS/WarmF_B3_R14,3,CoolS/WarmF,prunus,prunus_virginiana,,4,NA,4,4,4,4,4,4,4,4,4,4,4
Prvi_CoolS/WarmF_B3_R15,3,CoolS/WarmF,prunus,prunus_virginiana,,4,NA,4,4,4,4,4,4,4,4,4,4,4
Prvi_WarmS/CoolF_B1_R1,1,WarmS/CoolF,prunus,prunus_virginiana,,NA,4,4,4,4,4,4,4,4,4,4,4,4
Prvi_WarmS/CoolF_B1_R2,1,WarmS/CoolF,prunus,prunus_virginiana,,NA,4,4,4,4,4,4,4,4,4,4,4,4
Prvi_WarmS/CoolF_B1_R3,1,WarmS/CoolF,prunus,prunus_virginiana,,NA,4,4,4,4,4,4,4,4,4,4,4,4
Prvi_WarmS/CoolF_B1_R4,1,WarmS/CoolF,prunus,prunus_virginiana,,NA,4,4,4,4,4,4,4,4,4,4,4,4
Prvi_WarmS/CoolF_B1_R5,1,WarmS/CoolF,prunus,prunus_virginiana,,NA,4,4,4,4,4,4,4,4,4,4,4,4
Prvi_WarmS/CoolF_B2_R6,2,WarmS/CoolF,prunus,prunus_virginiana,,NA,4,4,4,4,4,4,4,4,4,4,4,4
Prvi_WarmS/CoolF_B2_R7,2,WarmS/CoolF,prunus,prunus_virginiana,,NA,4,4,4,4,4,4,4,4,4,4,4,4
Prvi_WarmS/CoolF_B2_R8,2,WarmS/CoolF,prunus,prunus_virginiana,,NA,4,4,4,4,4,4,4,4,4,4,4,4
Prvi_WarmS/CoolF_B2_R9,2,WarmS/CoolF,prunus,prunus_virginiana,,NA,4,4,4,4,4,4,4,4,4,4,4,4
Prvi_WarmS/CoolF_B2_R10,2,WarmS/CoolF,prunus,prunus_virginiana,,NA,2,2,2,2,2,2,2,2,2,2,NA,NA
Prvi_WarmS/CoolF_B3_R11,3,WarmS/CoolF,prunus,prunus_virginiana,dead,NA,NA,NA,NA,NA,NA,NA,NA,NA,NA,NA,4,4
Prvi_WarmS/CoolF_B3_R12,3,WarmS/CoolF,prunus,prunus_virginiana,,NA,4,4,4,4,4,4,4,4,4,4,4,4
Prvi_WarmS/CoolF_B3_R13,3,WarmS/CoolF,prunus,prunus_virginiana,,NA,4,4,4,4,4,4,4,4,4,4,4,4
Prvi_WarmS/CoolF_B3_R14,3,WarmS/CoolF,prunus,prunus_virginiana,,NA,4,4,4,4,4,4,4,4,4,4,4,4
Prvi_WarmS/CoolF_B3_R15,3,WarmS/CoolF,prunus,prunus_virginiana,dead,NA,NA,NA,NA,NA,NA,NA,NA,NA,NA,3,4,4
Prvi_WarmS/WarmF_B1_R1,1,WarmS/WarmF,prunus,prunus_virginiana,,NA,4,4,4,4,4,4,4,4,4,4,4,4
Prvi_WarmS/WarmF_B1_R2,1,WarmS/WarmF,prunus,prunus_virginiana,terminal buds seem dead; lateral 3,NA,1,1,1,1,NA,NA,NA,NA,NA,NA,NA,NA
Prvi_WarmS/WarmF_B1_R3,1,WarmS/WarmF,prunus,prunus_virginiana,,NA,4,4,4,4,4,4,4,4,4,4,4,4
Prvi_WarmS/WarmF_B1_R4,1,WarmS/WarmF,prunus,prunus_virginiana,,NA,4,4,4,4,4,4,4,4,4,4,4,4
Prvi_WarmS/WarmF_B1_R5,1,WarmS/WarmF,prunus,prunus_virginiana,,NA,4,4,4,4,4,4,4,4,4,4,4,4
Prvi_WarmS/WarmF_B2_R6,2,WarmS/WarmF,prunus,prunus_virginiana,,NA,4,4,4,4,4,4,4,4,4,4,4,4
Prvi_WarmS/WarmF_B2_R7,2,WarmS/WarmF,prunus,prunus_virginiana,,NA,4,4,4,4,4,4,4,4,4,4,4,4
Prvi_WarmS/WarmF_B2_R8,2,WarmS/WarmF,prunus,prunus_virginiana,dead--dendrometer switch it?,NA,NA,NA,NA,NA,2,2,2,3,4,4,4,4
Prvi_WarmS/WarmF_B2_R9,2,WarmS/WarmF,prunus,prunus_virginiana,,NA,4,4,4,4,4,4,4,4,4,4,4,4
Prvi_WarmS/WarmF_B2_R10,2,WarmS/WarmF,prunus,prunus_virginiana,,NA,4,4,4,4,4,4,4,4,4,4,4,4
Prvi_WarmS/WarmF_B3_R11,3,WarmS/WarmF,prunus,prunus_virginiana,,NA,4,4,4,4,4,4,4,4,4,4,4,4
Prvi_WarmS/WarmF_B3_R12,3,WarmS/WarmF,prunus,prunus_virginiana,,NA,4,4,4,4,4,4,4,4,4,4,4,4
Prvi_WarmS/WarmF_B3_R13,3,WarmS/WarmF,prunus,prunus_virginiana,,NA,4,4,4,4,4,4,4,4,4,4,4,4
Prvi_WarmS/WarmF_B3_R14,3,WarmS/WarmF,prunus,prunus_virginiana,,NA,4,4,4,4,4,4,4,4,4,4,4,4
Prvi_WarmS/WarmF_B3_R15,3,WarmS/WarmF,prunus,prunus_virginiana,,NA,4,4,4,4,4,4,4,4,4,4,4,4
Prvi_WarmS/WarmF_B1_R1_nitro,1,WarmS/WarmF_nitro,prunus,prunus_virginiana,,NA,4,4,4,4,4,4,4,4,4,4,4,4
Prvi_WarmS/WarmF_B1_R2_nitro,1,WarmS/WarmF_nitro,prunus,prunus_virginiana,,NA,3,3,3,3,,4,4,4,4,4,4,4
Prvi_WarmS/WarmF_B1_R3_nitro,1,WarmS/WarmF_nitro,prunus,prunus_virginiana,,NA,4,4,4,4,4,4,4,4,4,4,4,4
Prvi_WarmS/WarmF_B1_R4_nitro,1,WarmS/WarmF_nitro,prunus,prunus_virginiana,,NA,4,4,4,4,4,4,4,4,4,4,4,4
Prvi_WarmS/WarmF_B1_R5_nitro,1,WarmS/WarmF_nitro,prunus,prunus_virginiana,,NA,4,4,4,4,4,4,4,4,4,4,4,4
Prvi_WarmS/WarmF_B2_R6_nitro,2,WarmS/WarmF_nitro,prunus,prunus_virginiana,dead; side shoots sprouting,NA,4,NA,NA,NA,NA,NA,NA,NA,3,3,NA,NA
Prvi_WarmS/WarmF_B2_R7_nitro,2,WarmS/WarmF_nitro,prunus,prunus_virginiana,,NA,2,3,3,3,4,4,4,4,4,4,4,4
Prvi_WarmS/WarmF_B2_R8_nitro,2,WarmS/WarmF_nitro,prunus,prunus_virginiana,dead,NA,NA,NA,NA,NA,NA,NA,NA,NA,NA,NA,4,4
Prvi_WarmS/WarmF_B2_R9_nitro,2,WarmS/WarmF_nitro,prunus,prunus_virginiana,,NA,4,4,4,4,4,4,4,4,4,4,NA,NA
Prvi_WarmS/WarmF_B2_R10_nitro,2,WarmS/WarmF_nitro,prunus,prunus_virginiana,,NA,4,4,4,4,4,4,4,4,4,4,4,4
Prvi_WarmS/WarmF_B3_R11_nitro,3,WarmS/WarmF_nitro,prunus,prunus_virginiana,,NA,4,4,4,4,4,4,4,4,4,4,4,4
Prvi_WarmS/WarmF_B3_R12_nitro,3,WarmS/WarmF_nitro,prunus,prunus_virginiana,,NA,4,4,4,4,4,4,4,4,4,4,4,4
Prvi_WarmS/WarmF_B3_R13_nitro,3,WarmS/WarmF_nitro,prunus,prunus_virginiana,,NA,4,4,4,4,4,4,4,4,4,4,4,4
Prvi_WarmS/WarmF_B3_R14_nitro,3,WarmS/WarmF_nitro,prunus,prunus_virginiana,,NA,4,4,4,4,4,4,4,4,4,4,4,4
Prvi_WarmS/WarmF_B3_R15_nitro,3,WarmS/WarmF_nitro,prunus,prunus_virginiana,,NA,4,4,4,4,4,4,4,4,4,4,4,4
Quma_CoolS/CoolF_B1_R1,1,CoolS/CoolF,quercus,quercus_macrocarpa,,1,NA,2,2,2,2,3,3,3,3,4,3,3
Quma_CoolS/CoolF_B1_R2,1,CoolS/CoolF,quercus,quercus_macrocarpa,,1,NA,1,1,1,2,2,2,2,2,2,3,3
Quma_CoolS/CoolF_B1_R3,1,CoolS/CoolF,quercus,quercus_macrocarpa,,0,NA,1,1,1,1,1,2,2,2,2,2,2
Quma_CoolS/CoolF_B1_R4,1,CoolS/CoolF,quercus,quercus_macrocarpa,,0,NA,1,1,1,2,2,2,2,2,2,2,2
Quma_CoolS/CoolF_B1_R5,1,CoolS/CoolF,quercus,quercus_macrocarpa,,0,NA,1,1,1,2,1,1,1,1,2,2,2
Quma_CoolS/CoolF_B2_R6,2,CoolS/CoolF,quercus,quercus_macrocarpa,,2,NA,2,2,2,2,3,3,3,3,3,3,3
Quma_CoolS/CoolF_B2_R7,2,CoolS/CoolF,quercus,quercus_macrocarpa,,2,NA,2,2,2,2,2,2,2,2,3,3,3
Quma_CoolS/CoolF_B2_R8,2,CoolS/CoolF,quercus,quercus_macrocarpa,,1,NA,2,2,2,2,2,2,2,2,2,3,3
Quma_CoolS/CoolF_B2_R9,2,CoolS/CoolF,quercus,quercus_macrocarpa,,0,NA,1,1,2,2,2,2,2,2,2,2,2
Quma_CoolS/CoolF_B2_R10,2,CoolS/CoolF,quercus,quercus_macrocarpa,,0,NA,1,1,1,2,2,2,2,2,2,2,2
Quma_CoolS/CoolF_B3_R11,3,CoolS/CoolF,quercus,quercus_macrocarpa,,1,NA,1,2,2,2,2,2,2,2,2,3,3
Quma_CoolS/CoolF_B3_R12,3,CoolS/CoolF,quercus,quercus_macrocarpa,,1,NA,2,2,2,2,2,2,2,2,3,3,3
Quma_CoolS/CoolF_B3_R13,3,CoolS/CoolF,quercus,quercus_macrocarpa,,1,NA,2,2,2,2,3,3,3,3,3,3,3
Quma_CoolS/CoolF_B3_R14,3,CoolS/CoolF,quercus,quercus_macrocarpa,,0,NA,1,1,1,2,2,2,2,2,2,1,1
Quma_CoolS/CoolF_B3_R15,3,CoolS/CoolF,quercus,quercus_macrocarpa,,1,NA,1,1,2,2,2,2,2,2,2,2,2
Quma_CoolS/CoolF_B1_R1_nitro,1,CoolS/CoolF_nitro,quercus,quercus_macrocarpa,,0,NA,1,1,1,1,1,2,2,2,2,3,3
Quma_CoolS/CoolF_B1_R2_nitro,1,CoolS/CoolF_nitro,quercus,quercus_macrocarpa,,1,NA,1,2,2,2,3,3,3,3,3,3,3
Quma_CoolS/CoolF_B1_R3_nitro,1,CoolS/CoolF_nitro,quercus,quercus_macrocarpa,,1,NA,2,2,2,2,2,2,2,2,3,3,3
Quma_CoolS/CoolF_B1_R4_nitro,1,CoolS/CoolF_nitro,quercus,quercus_macrocarpa,,0,NA,1,1,1,1,1,1,1,1,2,2,2
Quma_CoolS/CoolF_B1_R5_nitro,1,CoolS/CoolF_nitro,quercus,quercus_macrocarpa,,1,NA,1,1,2,2,2,2,2,2,2,2,2
Quma_CoolS/CoolF_B2_R6_nitro,2,CoolS/CoolF_nitro,quercus,quercus_macrocarpa,,1,NA,1,1,2,2,2,2,2,3,4,3,3
Quma_CoolS/CoolF_B2_R7_nitro,2,CoolS/CoolF_nitro,quercus,quercus_macrocarpa,,0,NA,1,1,1,1,1,2,2,2,2,2,2
Quma_CoolS/CoolF_B2_R8_nitro,2,CoolS/CoolF_nitro,quercus,quercus_macrocarpa,,0,NA,1,1,1,2,2,2,2,2,2,2,2
Quma_CoolS/CoolF_B2_R9_nitro,2,CoolS/CoolF_nitro,quercus,quercus_macrocarpa,,2,NA,3,3,3,3,3,4,4,4,4,3,3
Quma_CoolS/CoolF_B2_R10_nitro,2,CoolS/CoolF_nitro,quercus,quercus_macrocarpa,,0,NA,1,1,1,1,2,2,2,2,2,2,2
Quma_CoolS/CoolF_B3_R11_nitro,3,CoolS/CoolF_nitro,quercus,quercus_macrocarpa,,1,NA,1,1,1,1,2,2,2,2,2,3,3
Quma_CoolS/CoolF_B3_R12_nitro,3,CoolS/CoolF_nitro,quercus,quercus_macrocarpa,,0,NA,1,1,2,2,2,2,2,2,2,3,3
Quma_CoolS/CoolF_B3_R13_nitro,3,CoolS/CoolF_nitro,quercus,quercus_macrocarpa,,1,NA,2,2,2,2,2,2,2,2,2,3,3
Quma_CoolS/CoolF_B3_R14_nitro,3,CoolS/CoolF_nitro,quercus,quercus_macrocarpa,,0,NA,1,1,1,1,1,1,2,2,2,2,3
Quma_CoolS/CoolF_B3_R15_nitro,3,CoolS/CoolF_nitro,quercus,quercus_macrocarpa,,0,NA,1,1,1,1,2,2,2,2,2,2,2
Quma_CoolS/WarmF_B1_R1,1,CoolS/WarmF,quercus,quercus_macrocarpa,,1,NA,2,2,2,2,2,2,2,2,3,3,3
Quma_CoolS/WarmF_B1_R2,1,CoolS/WarmF,quercus,quercus_macrocarpa,,0,NA,1,1,1,1,2,2,2,2,2,3,3
Quma_CoolS/WarmF_B1_R3,1,CoolS/WarmF,quercus,quercus_macrocarpa,,1,NA,1,1,1,2,2,2,2,2,2,3,3
Quma_CoolS/WarmF_B1_R4,1,CoolS/WarmF,quercus,quercus_macrocarpa,,0,NA,1,1,1,2,1,1,1,1,2,2,2
Quma_CoolS/WarmF_B1_R5,1,CoolS/WarmF,quercus,quercus_macrocarpa,,0,NA,1,1,2,2,2,2,2,2,2,2,2
Quma_CoolS/WarmF_B2_R6,2,CoolS/WarmF,quercus,quercus_macrocarpa,,1,NA,1,1,1,2,2,2,2,2,2,3,3
Quma_CoolS/WarmF_B2_R7,2,CoolS/WarmF,quercus,quercus_macrocarpa,,0,NA,1,1,2,2,2,2,2,2,3,3,3
Quma_CoolS/WarmF_B2_R8,2,CoolS/WarmF,quercus,quercus_macrocarpa,,2,NA,2,2,2,2,2,3,3,3,3,3,3
Quma_CoolS/WarmF_B2_R9,2,CoolS/WarmF,quercus,quercus_macrocarpa,,1,NA,1,1,1,2,2,2,2,2,2,2,2
Quma_CoolS/WarmF_B2_R10,2,CoolS/WarmF,quercus,quercus_macrocarpa,,0,NA,1,1,1,2,2,2,2,2,2,3,3
Quma_CoolS/WarmF_B3_R11,3,CoolS/WarmF,quercus,quercus_macrocarpa,,1,NA,1,1,1,2,1,1,1,1,2,2,2
Quma_CoolS/WarmF_B3_R12,3,CoolS/WarmF,quercus,quercus_macrocarpa,,0,NA,1,1,1,2,2,2,2,2,2,3,3
Quma_CoolS/WarmF_B3_R13,3,CoolS/WarmF,quercus,quercus_macrocarpa,,0,NA,1,1,1,2,1,1,1,2,2,2,3
Quma_CoolS/WarmF_B3_R14,3,CoolS/WarmF,quercus,quercus_macrocarpa,probably dead,0,NA,1,1,1,2,1,1,1,1,na,NA,na
Quma_CoolS/WarmF_B3_R15,3,CoolS/WarmF,quercus,quercus_macrocarpa,,1,NA,1,2,2,2,2,2,2,2,3,3,3
Quma_WarmS/CoolF_B1_R1,1,WarmS/CoolF,quercus,quercus_macrocarpa,,NA,2,2,3,4,4,4,4,4,4,4,4,4
Quma_WarmS/CoolF_B1_R2,1,WarmS/CoolF,quercus,quercus_macrocarpa,,NA,1,1,2,3,4,4,4,4,4,4,4,4
Quma_WarmS/CoolF_B1_R3,1,WarmS/CoolF,quercus,quercus_macrocarpa,,NA,2,2,3,4,4,4,4,4,4,4,4,4
Quma_WarmS/CoolF_B1_R4,1,WarmS/CoolF,quercus,quercus_macrocarpa,,NA,3,4,4,4,4,4,4,4,4,4,4,4
Quma_WarmS/CoolF_B1_R5,1,WarmS/CoolF,quercus,quercus_macrocarpa,,NA,3,3,4,4,4,4,4,4,4,4,4,4
Quma_WarmS/CoolF_B2_R6,2,WarmS/CoolF,quercus,quercus_macrocarpa,,NA,1,1,2,2,3,3,3,3,4,4,4,4
Quma_WarmS/CoolF_B2_R7,2,WarmS/CoolF,quercus,quercus_macrocarpa,,NA,1,1,1,2,2,2,2,3,4,4,4,4
Quma_WarmS/CoolF_B2_R8,2,WarmS/CoolF,quercus,quercus_macrocarpa,,NA,3,3,4,4,4,4,4,4,4,4,4,4
Quma_WarmS/CoolF_B2_R9,2,WarmS/CoolF,quercus,quercus_macrocarpa,,NA,3,3,4,4,4,4,4,4,4,4,4,4
Quma_WarmS/CoolF_B2_R10,2,WarmS/CoolF,quercus,quercus_macrocarpa,,NA,2,3,4,4,4,4,4,4,4,4,4,4
Quma_WarmS/CoolF_B3_R11,3,WarmS/CoolF,quercus,quercus_macrocarpa,,NA,2,2,2,3,3,3,4,4,4,4,4,4
Quma_WarmS/CoolF_B3_R12,3,WarmS/CoolF,quercus,quercus_macrocarpa,,NA,1,1,1,2,2,2,3,3,4,4,4,4
Quma_WarmS/CoolF_B3_R13,3,WarmS/CoolF,quercus,quercus_macrocarpa,,NA,1,1,1,2,2,2,2,2,3,3,3,3
Quma_WarmS/CoolF_B3_R14,3,WarmS/CoolF,quercus,quercus_macrocarpa,,NA,1,1,1,2,2,2,3,3,4,4,4,4
Quma_WarmS/CoolF_B3_R15,3,WarmS/CoolF,quercus,quercus_macrocarpa,,NA,1,1,2,2,2,3,3,3,3,4,3,4
Quma_WarmS/WarmF_B1_R1,1,WarmS/WarmF,quercus,quercus_macrocarpa,,NA,2,2,2,3,4,4,4,4,4,4,4,4
Quma_WarmS/WarmF_B1_R2,1,WarmS/WarmF,quercus,quercus_macrocarpa,,NA,3,3,3,4,4,4,4,4,4,4,4,4
Quma_WarmS/WarmF_B1_R3,1,WarmS/WarmF,quercus,quercus_macrocarpa,,NA,2,2,2,3,4,4,4,4,4,4,4,4
Quma_WarmS/WarmF_B1_R4,1,WarmS/WarmF,quercus,quercus_macrocarpa,,NA,3,3,3,4,4,4,4,4,4,4,4,4
Quma_WarmS/WarmF_B1_R5,1,WarmS/WarmF,quercus,quercus_macrocarpa,,NA,3,4,4,4,4,4,4,4,4,4,4,4
Quma_WarmS/WarmF_B2_R6,2,WarmS/WarmF,quercus,quercus_macrocarpa,dead,NA,NA,NA,NA,NA,1,1,1,1,1,1,1,1
Quma_WarmS/WarmF_B2_R7,2,WarmS/WarmF,quercus,quercus_macrocarpa,"doy137: apical shoot is dead, the phenostage 2 is for the lateral shoots that are still alive",NA,2,3,3,3,3,3,2,2,2,2,2,2
Quma_WarmS/WarmF_B2_R8,2,WarmS/WarmF,quercus,quercus_macrocarpa,,NA,1,2,2,3,3,4,4,4,4,4,4,4
Quma_WarmS/WarmF_B2_R9,2,WarmS/WarmF,quercus,quercus_macrocarpa,,NA,2,2,2,2,4,4,4,4,4,4,4,4
Quma_WarmS/WarmF_B2_R10,2,WarmS/WarmF,quercus,quercus_macrocarpa,,NA,1,1,1,2,2,2,2,3,4,4,4,4
Quma_WarmS/WarmF_B3_R11,3,WarmS/WarmF,quercus,quercus_macrocarpa,,NA,1,1,1,2,2,2,3,3,3,4,4,4
Quma_WarmS/WarmF_B3_R12,3,WarmS/WarmF,quercus,quercus_macrocarpa,,NA,1,1,2,2,2,2,2,3,3,4,4,4
Quma_WarmS/WarmF_B3_R13,3,WarmS/WarmF,quercus,quercus_macrocarpa,,NA,1,1,2,2,2,2,2,3,4,4,4,4
Quma_WarmS/WarmF_B3_R14,3,WarmS/WarmF,quercus,quercus_macrocarpa,,NA,2,2,3,3,4,4,4,4,4,4,4,4
Quma_WarmS/WarmF_B3_R15,3,WarmS/WarmF,quercus,quercus_macrocarpa,,NA,2,2,3,3,4,4,4,4,4,4,4,4
Quma_WarmS/WarmF_B1_R1_nitro,1,WarmS/WarmF_nitro,quercus,quercus_macrocarpa,,NA,2,2,3,4,4,4,4,4,4,4,4,4
Quma_WarmS/WarmF_B1_R2_nitro,1,WarmS/WarmF_nitro,quercus,quercus_macrocarpa,dead,NA,NA,0,1,2,2,2,2,3,4,4,4,4
Quma_WarmS/WarmF_B1_R3_nitro,1,WarmS/WarmF_nitro,quercus,quercus_macrocarpa,,NA,2,2,3,3,4,4,4,4,4,4,4,4
Quma_WarmS/WarmF_B1_R4_nitro,1,WarmS/WarmF_nitro,quercus,quercus_macrocarpa,,NA,3,3,4,4,4,4,4,4,4,4,4,4
Quma_WarmS/WarmF_B1_R5_nitro,1,WarmS/WarmF_nitro,quercus,quercus_macrocarpa,,NA,3,3,4,4,4,4,4,4,4,4,4,4
Quma_WarmS/WarmF_B2_R6_nitro,2,WarmS/WarmF_nitro,quercus,quercus_macrocarpa,dead,NA,NA,NA,NA,2,2,2,2,2,3,3,3,3
Quma_WarmS/WarmF_B2_R7_nitro,2,WarmS/WarmF_nitro,quercus,quercus_macrocarpa,,NA,2,2,3,4,4,4,4,4,4,4,4,4
Quma_WarmS/WarmF_B2_R8_nitro,2,WarmS/WarmF_nitro,quercus,quercus_macrocarpa,,NA,3,4,4,4,4,4,4,4,4,4,4,4
Quma_WarmS/WarmF_B2_R9_nitro,2,WarmS/WarmF_nitro,quercus,quercus_macrocarpa,,NA,3,3,3,4,4,4,4,4,4,4,4,4
Quma_WarmS/WarmF_B2_R10_nitro,2,WarmS/WarmF_nitro,quercus,quercus_macrocarpa,,NA,2,2,2,3,4,4,4,4,4,4,4,4
Quma_WarmS/WarmF_B3_R11_nitro,3,WarmS/WarmF_nitro,quercus,quercus_macrocarpa,,NA,2,2,2,3,3,4,4,4,4,4,4,4
Quma_WarmS/WarmF_B3_R12_nitro,3,WarmS/WarmF_nitro,quercus,quercus_macrocarpa,,NA,1,1,1,2,2,2,3,3,4,4,4,4
Quma_WarmS/WarmF_B3_R13_nitro,3,WarmS/WarmF_nitro,quercus,quercus_macrocarpa,,NA,2,2,3,3,4,4,4,4,4,4,4,4
Quma_WarmS/WarmF_B3_R14_nitro,3,WarmS/WarmF_nitro,quercus,quercus_macrocarpa,,NA,2,2,2,3,4,4,4,4,4,4,4,4
Quma_WarmS/WarmF_B3_R15_nitro,3,WarmS/WarmF_nitro,quercus,quercus_macrocarpa,,NA,3,3,3,4,4,4,4,4,4,4,4,4
Segi_CoolS/CoolF_B1_R1,1,CoolS/CoolF,sequoiadendron,sequoiadendron_giganteum,,1,NA,1,1,1,1,1,,,,,,0
Segi_CoolS/CoolF_B1_R2,1,CoolS/CoolF,sequoiadendron,sequoiadendron_giganteum,,1,NA,1,1,1,1,1,,,,,,1
Segi_CoolS/CoolF_B1_R3,1,CoolS/CoolF,sequoiadendron,sequoiadendron_giganteum,,1,NA,1,1,1,1,1,,,,,,0
Segi_CoolS/CoolF_B1_R4,1,CoolS/CoolF,sequoiadendron,sequoiadendron_giganteum,,1,NA,1,1,1,1,1,,,,,,1
Segi_CoolS/CoolF_B1_R5,1,CoolS/CoolF,sequoiadendron,sequoiadendron_giganteum,,1,NA,1,1,1,1,1,,,,,,0
Segi_CoolS/CoolF_B2_R6,2,CoolS/CoolF,sequoiadendron,sequoiadendron_giganteum,,1,NA,1,1,1,1,1,,,,,,1
Segi_CoolS/CoolF_B2_R7,2,CoolS/CoolF,sequoiadendron,sequoiadendron_giganteum,,1,NA,1,1,1,1,1,,,,,,1
Segi_CoolS/CoolF_B2_R8,2,CoolS/CoolF,sequoiadendron,sequoiadendron_giganteum,,1,NA,1,1,1,1,1,,,,,,1
Segi_CoolS/CoolF_B2_R9,2,CoolS/CoolF,sequoiadendron,sequoiadendron_giganteum,,1,NA,1,1,1,1,1,,,,,,0
Segi_CoolS/CoolF_B2_R10,2,CoolS/CoolF,sequoiadendron,sequoiadendron_giganteum,,1,NA,1,1,1,1,1,,,,,,0
Segi_CoolS/CoolF_B3_R11,3,CoolS/CoolF,sequoiadendron,sequoiadendron_giganteum,,1,NA,1,1,1,1,1,,,,,,1
Segi_CoolS/CoolF_B3_R12,3,CoolS/CoolF,sequoiadendron,sequoiadendron_giganteum,,1,NA,1,1,1,1,1,,,,,,1
Segi_CoolS/CoolF_B3_R13,3,CoolS/CoolF,sequoiadendron,sequoiadendron_giganteum,,1,NA,1,1,1,1,1,,,,,,1
Segi_CoolS/CoolF_B3_R14,3,CoolS/CoolF,sequoiadendron,sequoiadendron_giganteum,,1,NA,1,1,1,1,1,,,,,,0
Segi_CoolS/CoolF_B3_R15,3,CoolS/CoolF,sequoiadendron,sequoiadendron_giganteum,,1,NA,1,1,1,1,1,,,,,,0
Segi_CoolS/CoolF_B1_R1_nitro,1,CoolS/CoolF_nitro,sequoiadendron,sequoiadendron_giganteum,,1,NA,1,1,1,1,1,,,,,,1
Segi_CoolS/CoolF_B1_R2_nitro,1,CoolS/CoolF_nitro,sequoiadendron,sequoiadendron_giganteum,,1,NA,1,1,1,1,1,,,,,,0
Segi_CoolS/CoolF_B1_R3_nitro,1,CoolS/CoolF_nitro,sequoiadendron,sequoiadendron_giganteum,,1,NA,1,1,1,1,1,,,,,,0
Segi_CoolS/CoolF_B1_R4_nitro,1,CoolS/CoolF_nitro,sequoiadendron,sequoiadendron_giganteum,,1,NA,1,1,1,1,1,,,,,,0
Segi_CoolS/CoolF_B1_R5_nitro,1,CoolS/CoolF_nitro,sequoiadendron,sequoiadendron_giganteum,,1,NA,1,1,1,1,1,,,,,,0
Segi_CoolS/CoolF_B2_R6_nitro,2,CoolS/CoolF_nitro,sequoiadendron,sequoiadendron_giganteum,,1,NA,1,1,1,1,1,,,,,,1
Segi_CoolS/CoolF_B2_R7_nitro,2,CoolS/CoolF_nitro,sequoiadendron,sequoiadendron_giganteum,,1,NA,1,1,1,1,1,,,,,,1
Segi_CoolS/CoolF_B2_R8_nitro,2,CoolS/CoolF_nitro,sequoiadendron,sequoiadendron_giganteum,,1,NA,1,1,1,1,1,,,,,,1
Segi_CoolS/CoolF_B2_R9_nitro,2,CoolS/CoolF_nitro,sequoiadendron,sequoiadendron_giganteum,,1,NA,1,1,1,1,1,,,,,,1
Segi_CoolS/CoolF_B2_R10_nitro,2,CoolS/CoolF_nitro,sequoiadendron,sequoiadendron_giganteum,,1,NA,1,1,1,1,1,,,,,,1
Segi_CoolS/CoolF_B3_R11_nitro,3,CoolS/CoolF_nitro,sequoiadendron,sequoiadendron_giganteum,,1,NA,1,1,1,1,1,,,,,,1
Segi_CoolS/CoolF_B3_R12_nitro,3,CoolS/CoolF_nitro,sequoiadendron,sequoiadendron_giganteum,,1,NA,1,1,1,1,1,,,,,,0
Segi_CoolS/CoolF_B3_R13_nitro,3,CoolS/CoolF_nitro,sequoiadendron,sequoiadendron_giganteum,,1,NA,1,1,1,1,1,,,,,,1
Segi_CoolS/CoolF_B3_R14_nitro,3,CoolS/CoolF_nitro,sequoiadendron,sequoiadendron_giganteum,,1,NA,1,1,1,1,1,,,,,,1
Segi_CoolS/CoolF_B3_R15_nitro,3,CoolS/CoolF_nitro,sequoiadendron,sequoiadendron_giganteum,,1,NA,1,1,1,1,1,,,,,,1
Segi_CoolS/WarmF_B1_R1,1,CoolS/WarmF,sequoiadendron,sequoiadendron_giganteum,,1,NA,1,1,1,1,1,,,,,,1
Segi_CoolS/WarmF_B1_R2,1,CoolS/WarmF,sequoiadendron,sequoiadendron_giganteum,,1,NA,1,1,1,1,1,,,,,,0
Segi_CoolS/WarmF_B1_R3,1,CoolS/WarmF,sequoiadendron,sequoiadendron_giganteum,,1,NA,1,1,1,1,1,,,,,,0
Segi_CoolS/WarmF_B1_R4,1,CoolS/WarmF,sequoiadendron,sequoiadendron_giganteum,,1,NA,1,1,1,1,1,,,,,,1
Segi_CoolS/WarmF_B1_R5,1,CoolS/WarmF,sequoiadendron,sequoiadendron_giganteum,,1,NA,1,1,1,1,1,,,,,,1
Segi_CoolS/WarmF_B2_R6,2,CoolS/WarmF,sequoiadendron,sequoiadendron_giganteum,,1,NA,1,1,1,1,1,,,,,,1
Segi_CoolS/WarmF_B2_R7,2,CoolS/WarmF,sequoiadendron,sequoiadendron_giganteum,,1,NA,1,1,1,1,1,,,,,,1
Segi_CoolS/WarmF_B2_R8,2,CoolS/WarmF,sequoiadendron,sequoiadendron_giganteum,,1,NA,1,1,1,1,1,,,,,,1
Segi_CoolS/WarmF_B2_R9,2,CoolS/WarmF,sequoiadendron,sequoiadendron_giganteum,,1,NA,1,1,1,1,1,,,,,,1
Segi_CoolS/WarmF_B2_R10,2,CoolS/WarmF,sequoiadendron,sequoiadendron_giganteum,,1,NA,1,1,1,1,1,,,,,,1
Segi_CoolS/WarmF_B3_R11,3,CoolS/WarmF,sequoiadendron,sequoiadendron_giganteum,,1,NA,1,1,1,1,1,,,,,,1
Segi_CoolS/WarmF_B3_R12,3,CoolS/WarmF,sequoiadendron,sequoiadendron_giganteum,,1,NA,1,1,1,1,1,,,,,,0
Segi_CoolS/WarmF_B3_R13,3,CoolS/WarmF,sequoiadendron,sequoiadendron_giganteum,,1,NA,1,1,1,1,1,,,,,,1
Segi_CoolS/WarmF_B3_R14,3,CoolS/WarmF,sequoiadendron,sequoiadendron_giganteum,,1,NA,1,1,1,1,1,,,,,,1
Segi_CoolS/WarmF_B3_R15,3,CoolS/WarmF,sequoiadendron,sequoiadendron_giganteum,,1,NA,1,1,1,1,1,,,,,,1
Segi_WarmS/CoolF_B1_R1,1,WarmS/CoolF,sequoiadendron,sequoiadendron_giganteum,,NA,1,1,1,1,,1,,,,,,1
Segi_WarmS/CoolF_B1_R2,1,WarmS/CoolF,sequoiadendron,sequoiadendron_giganteum,,NA,1,1,1,1,,1,,,,,,0
Segi_WarmS/CoolF_B1_R3,1,WarmS/CoolF,sequoiadendron,sequoiadendron_giganteum,,NA,0,1,1,1,,1,,,,,,0
Segi_WarmS/CoolF_B1_R4,1,WarmS/CoolF,sequoiadendron,sequoiadendron_giganteum,,NA,1,1,1,1,,1,,,,,,1
Segi_WarmS/CoolF_B1_R5,1,WarmS/CoolF,sequoiadendron,sequoiadendron_giganteum,,NA,1,1,1,1,,1,,,,,,1
Segi_WarmS/CoolF_B2_R6,2,WarmS/CoolF,sequoiadendron,sequoiadendron_giganteum,,NA,1,1,1,1,,1,,,,,,2
Segi_WarmS/CoolF_B2_R7,2,WarmS/CoolF,sequoiadendron,sequoiadendron_giganteum,,NA,1,1,1,1,,1,,,,,,2
Segi_WarmS/CoolF_B2_R8,2,WarmS/CoolF,sequoiadendron,sequoiadendron_giganteum,,NA,1,1,1,1,,1,,,,,,1
Segi_WarmS/CoolF_B2_R9,2,WarmS/CoolF,sequoiadendron,sequoiadendron_giganteum,,NA,1,1,1,1,,1,,,,,,2
Segi_WarmS/CoolF_B2_R10,2,WarmS/CoolF,sequoiadendron,sequoiadendron_giganteum,,NA,1,1,1,1,,1,,,,,,1
Segi_WarmS/CoolF_B3_R11,3,WarmS/CoolF,sequoiadendron,sequoiadendron_giganteum,,NA,0,1,1,1,,1,,,,,,1
Segi_WarmS/CoolF_B3_R12,3,WarmS/CoolF,sequoiadendron,sequoiadendron_giganteum,,NA,1,1,1,1,,1,,,,,,1
Segi_WarmS/CoolF_B3_R13,3,WarmS/CoolF,sequoiadendron,sequoiadendron_giganteum,,NA,1,1,1,1,,1,,,,,,1
Segi_WarmS/CoolF_B3_R14,3,WarmS/CoolF,sequoiadendron,sequoiadendron_giganteum,,NA,1,1,1,1,,1,,,,,,1
Segi_WarmS/CoolF_B3_R15,3,WarmS/CoolF,sequoiadendron,sequoiadendron_giganteum,,NA,1,1,1,1,,1,,,,,,0
Segi_WarmS/WarmF_B1_R1,1,WarmS/WarmF,sequoiadendron,sequoiadendron_giganteum,,NA,1,1,1,1,1,1,,,,,,1
Segi_WarmS/WarmF_B1_R2,1,WarmS/WarmF,sequoiadendron,sequoiadendron_giganteum,,NA,1,1,1,1,1,1,,,,,,0
Segi_WarmS/WarmF_B1_R3,1,WarmS/WarmF,sequoiadendron,sequoiadendron_giganteum,,NA,0,1,1,1,1,1,,,,,,0
Segi_WarmS/WarmF_B1_R4,1,WarmS/WarmF,sequoiadendron,sequoiadendron_giganteum,,NA,0,1,1,1,1,1,,,,,,0
Segi_WarmS/WarmF_B1_R5,1,WarmS/WarmF,sequoiadendron,sequoiadendron_giganteum,,NA,1,1,1,1,1,1,,,,,,1
Segi_WarmS/WarmF_B2_R6,2,WarmS/WarmF,sequoiadendron,sequoiadendron_giganteum,,NA,1,1,1,1,1,1,,,,,,2
Segi_WarmS/WarmF_B2_R7,2,WarmS/WarmF,sequoiadendron,sequoiadendron_giganteum,,NA,1,1,1,1,1,1,,,,,,1
Segi_WarmS/WarmF_B2_R8,2,WarmS/WarmF,sequoiadendron,sequoiadendron_giganteum,,NA,1,1,1,1,1,1,,,,,,1
Segi_WarmS/WarmF_B2_R9,2,WarmS/WarmF,sequoiadendron,sequoiadendron_giganteum,,NA,1,1,1,1,1,1,,,,,,1
Segi_WarmS/WarmF_B2_R10,2,WarmS/WarmF,sequoiadendron,sequoiadendron_giganteum,,NA,1,1,1,1,1,1,,,,,,1
Segi_WarmS/WarmF_B3_R11,3,WarmS/WarmF,sequoiadendron,sequoiadendron_giganteum,,NA,1,1,1,1,1,1,,,,,,0
Segi_WarmS/WarmF_B3_R12,3,WarmS/WarmF,sequoiadendron,sequoiadendron_giganteum,,NA,1,1,1,1,1,1,,,,,,0
Segi_WarmS/WarmF_B3_R13,3,WarmS/WarmF,sequoiadendron,sequoiadendron_giganteum,,NA,1,1,1,1,1,1,,,,,,2
Segi_WarmS/WarmF_B3_R14,3,WarmS/WarmF,sequoiadendron,sequoiadendron_giganteum,,NA,1,1,1,1,1,1,,,,,,2
Segi_WarmS/WarmF_B3_R15,3,WarmS/WarmF,sequoiadendron,sequoiadendron_giganteum,,NA,1,1,1,1,1,1,,,,,,1
Segi_WarmS/WarmF_B1_R1_nitro,1,WarmS/WarmF_nitro,sequoiadendron,sequoiadendron_giganteum,,NA,1,1,1,1,1,1,,,,,,1
Segi_WarmS/WarmF_B1_R2_nitro,1,WarmS/WarmF_nitro,sequoiadendron,sequoiadendron_giganteum,,NA,1,1,1,1,1,1,,,,,,2
Segi_WarmS/WarmF_B1_R3_nitro,1,WarmS/WarmF_nitro,sequoiadendron,sequoiadendron_giganteum,,NA,1,1,1,1,1,1,,,,,,2
Segi_WarmS/WarmF_B1_R4_nitro,1,WarmS/WarmF_nitro,sequoiadendron,sequoiadendron_giganteum,,NA,1,1,1,1,1,1,,,,,,1
Segi_WarmS/WarmF_B1_R5_nitro,1,WarmS/WarmF_nitro,sequoiadendron,sequoiadendron_giganteum,,NA,1,1,1,1,1,1,,,,,,1
Segi_WarmS/WarmF_B2_R6_nitro,2,WarmS/WarmF_nitro,sequoiadendron,sequoiadendron_giganteum,,NA,1,1,1,1,1,1,,,,,,1
Segi_WarmS/WarmF_B2_R7_nitro,2,WarmS/WarmF_nitro,sequoiadendron,sequoiadendron_giganteum,,NA,1,1,1,1,1,1,,,,,,2
Segi_WarmS/WarmF_B2_R8_nitro,2,WarmS/WarmF_nitro,sequoiadendron,sequoiadendron_giganteum,,NA,1,1,1,1,1,1,,,,,,1
Segi_WarmS/WarmF_B2_R9_nitro,2,WarmS/WarmF_nitro,sequoiadendron,sequoiadendron_giganteum,,NA,1,1,1,1,1,1,,,,,,2
Segi_WarmS/WarmF_B2_R10_nitro,2,WarmS/WarmF_nitro,sequoiadendron,sequoiadendron_giganteum,,NA,1,1,1,1,1,1,,,,,,1
Segi_WarmS/WarmF_B3_R11_nitro,3,WarmS/WarmF_nitro,sequoiadendron,sequoiadendron_giganteum,,NA,1,1,1,1,1,1,,,,,,2
Segi_WarmS/WarmF_B3_R12_nitro,3,WarmS/WarmF_nitro,sequoiadendron,sequoiadendron_giganteum,,NA,1,1,1,1,1,1,,,,,,1
Segi_WarmS/WarmF_B3_R13_nitro,3,WarmS/WarmF_nitro,sequoiadendron,sequoiadendron_giganteum,,NA,0,1,1,1,1,1,,,,,,1
Segi_WarmS/WarmF_B3_R14_nitro,3,WarmS/WarmF_nitro,sequoiadendron,sequoiadendron_giganteum,,NA,1,1,1,1,1,1,,,,,,2
Segi_WarmS/WarmF_B3_R15_nitro,3,WarmS/WarmF_nitro,sequoiadendron,sequoiadendron_giganteum,,NA,1,1,1,1,1,1,,,,,,1