tree_ID,bloc,treatment,genus,species,Note,248_1,248_2,248_3,248_percent,255_1,255_2,255_3,255_percent,262_1,262_2,262_3,262_percent,269_1,269_2,269_3,269_percent,276_1,276_2,276_3,276_percent,283_1,283_2,283_3,283_percent
Acne_CoolS/CoolF_B1_R1,1,CoolS/CoolF,acer,acer_negundo,doy283: no green leaves,9.9,7.9,8.8,60,9.3,7.6,9.3,60,3.3,9.9,8.2,50,7,6.7,1.7,40,9.6,8.3,10.7,10,na,na,na,0
Acne_CoolS/CoolF_B1_R2,1,CoolS/CoolF,acer,acer_negundo,doy283: no green leaves,8.5,8.8,4.2,40,8.9,3.8,3.1,40,4,7.7,8.3,30,7,4.1,1.2,30,8.8,2.4,3.5,5,na,na,na,0
Acne_CoolS/CoolF_B1_R3,1,CoolS/CoolF,acer,acer_negundo,doy276: no green leaves,11.7,8.9,6.8,60,3.3,5.9,5.8,60,3,1.8,7.2,40,1.5,1.8,1.7,10,na,na,na,0,na,na,na,0
Acne_CoolS/CoolF_B1_R4,1,CoolS/CoolF,acer,acer_negundo,doy255: previous measuremt percent wrong; doy283: last leaves fell,7.7,3.7,9.7,30,2.7,10.6,3.7,50,2.1,8.6,7.7,50,6.2,5.1,3.7,30,6.4,3,2,10,na,na,na,0
Acne_CoolS/CoolF_B1_R5,1,CoolS/CoolF,acer,acer_negundo,doy283: last leaves fell,8,9.9,6.7,30,7.4,2.9,8.7,30,1.4,3.7,6.2,20,4.2,2.1,2.9,20,0.9,2.1,3.6,5,na,na,na,0
Acne_CoolS/CoolF_B2_R6,2,CoolS/CoolF,acer,acer_negundo,doy255: previous measurement percent wrong,4.7,6.3,5.9,30,4.4,6.5,3.3,60,7.5,2.9,4.9,60,2.4,3.8,2.4,30,14.4,3.5,12.6,10,7.6,3.7,3.5,5
Acne_CoolS/CoolF_B2_R7,2,CoolS/CoolF,acer,acer_negundo,doy276: last leaves fell,4.4,5.7,4.3,40,2.5,1.5,1.2,40,2.9,1.5,1.6,20,1.2,1.2,1.8,5,na,na,na,0,na,na,na,0
Acne_CoolS/CoolF_B2_R8,2,CoolS/CoolF,acer,acer_negundo,doy283: no green leaves,4.5,2.8,4,20,6.7,5.1,1.3,20,3.3,2.3,6.5,20,4.4,6.4,1.1,20,8,14.9,17.8,10,na,na,na,0
Acne_CoolS/CoolF_B2_R9,2,CoolS/CoolF,acer,acer_negundo,doy283: no green leaves,10.4,6.3,5.5,60,6.6,4.1,1.6,50,6.3,1.4,1.3,40,6.7,6.4,5.3,30,8.9,3.9,8.1,10,na,na,na,0
Acne_CoolS/CoolF_B2_R10,2,CoolS/CoolF,acer,acer_negundo,doy276: no green leaves; doy283: last leaves fell,4.9,1.3,5.9,70,4.5,3.2,6.1,70,4.6,5.6,4.7,50,1.8,1.2,1.2,10,na,na,na,0,na,na,na,0
Acne_CoolS/CoolF_B3_R11,3,CoolS/CoolF,acer,acer_negundo,doy276: no green leaves; doy283: last leaves fell,12.9,9.3,9.6,40,5.6,11.3,7.6,30,5.8,7.6,5.4,30,1.4,1.3,0.9,5,na,na,na,0,na,na,na,0
Acne_CoolS/CoolF_B3_R12,3,CoolS/CoolF,acer,acer_negundo,,8.2,7.7,6.6,30,7.9,6.1,6.6,30,6.6,7.9,4.2,20,3.9,1.5,5.1,10,na,na,na,5,na,na,na,5
Acne_CoolS/CoolF_B3_R13,3,CoolS/CoolF,acer,acer_negundo,doy276: last leaves fell,6.8,9.9,9.6,20,6.1,8.6,9.1,20,3.9,4.2,5.7,10,na,na,na,0,na,na,na,0,na,na,na,0
Acne_CoolS/CoolF_B3_R14,3,CoolS/CoolF,acer,acer_negundo,doy269: no percent measures; doy283: last leaves fell,4.9,4,7,20,3.3,7.2,6.3,20,14.4,5.9,2.6,10,1.3,1.6,1.3,na,na,na,na,5,na,na,na,0
Acne_CoolS/CoolF_B3_R15,3,CoolS/CoolF,acer,acer_negundo,doy276: last leaves fell,8.1,6.2,5,20,6.2,4.5,4.8,20,na,na,na,0,na,na,na,0,na,na,na,0,na,na,na,0
Acne_CoolS/CoolF_B1_R1_nitro,1,CoolS/CoolF_nitro,acer,acer_negundo,doy283: last leaves fell,18.1,17.2,18,50,8,3.1,13.4,40,16.5,2.7,13.7,30,4.4,7.8,6.9,20,30.7,19.9,27.6,10,na,na,na,0
Acne_CoolS/CoolF_B1_R2_nitro,1,CoolS/CoolF_nitro,acer,acer_negundo,,8,7,11.9,50,8,3.4,7.6,50,1.7,4.3,7.8,50,4.7,7.8,6.3,50,22.4,9.7,14.8,30,5.7,14.1,11.7,
Acne_CoolS/CoolF_B1_R3_nitro,1,CoolS/CoolF_nitro,acer,acer_negundo,doy283: last leaves fell,13.2,9.1,12.1,40,10.9,6.4,8.4,40,10,11.2,4.7,40,5.3,2.7,5.9,40,8.4,13.6,4.9,10,na,na,na,0
Acne_CoolS/CoolF_B1_R4_nitro,1,CoolS/CoolF_nitro,acer,acer_negundo,doy255: previous measurement percent wrong; doy283: last leaves fell,10,9.9,9.9,30,10.4,3.5,3.9,60,9,8,6.5,30,4.8,1.4,3.6,30,6.5,1.1,3.9,5,na,na,na,0
Acne_CoolS/CoolF_B1_R5_nitro,1,CoolS/CoolF_nitro,acer,acer_negundo,doy269: last percentage wrong?; doy283: no green leaves,7.8,10.8,11.7,20,10.5,4.8,2.9,20,11.3,5,17.5,20,11.1,7.8,3.8,20,27.5,14.5,19.3,20,na,na,na,0
Acne_CoolS/CoolF_B2_R6_nitro,2,CoolS/CoolF_nitro,acer,acer_negundo,doy255: previous measurement percent wrong; doy283: no green leaves,9.6,14.5,7.6,30,6.8,10.4,7.1,40,9.1,7,19.5,20,10.5,4.8,5.9,20,17.4,29.7,7.8,5,na,na,na,0
Acne_CoolS/CoolF_B2_R7_nitro,2,CoolS/CoolF_nitro,acer,acer_negundo,doy276: last leaves fell,5.8,5.1,4.3,60,5.8,3.6,3.8,50,3,4.4,4.3,20,1.7,1.6,1.4,10,na,na,na,0,na,na,na,0
Acne_CoolS/CoolF_B2_R8_nitro,2,CoolS/CoolF_nitro,acer,acer_negundo,doy283: last leaves fell,5.3,4,4.9,30,5.2,6.2,4.5,30,5.3,7.5,5,20,5,4.4,3.1,20,7.5,16.3,12.4,10,na,na,na,0
Acne_CoolS/CoolF_B2_R9_nitro,2,CoolS/CoolF_nitro,acer,acer_negundo,doy276: no green leaves; doy283: last leaves fell,8.5,9,8.1,20,6.9,8.5,3.9,20,3.3,4.5,5.6,10,2.1,3.1,1.8,10,na,na,na,0,na,na,na,0
Acne_CoolS/CoolF_B2_R10_nitro,2,CoolS/CoolF_nitro,acer,acer_negundo,doy283: no green leaves,6.2,5.8,7.1,30,5.8,4.4,8.3,30,6.9,8,4.9,20,7.1,2,1.4,10,17.4,12.1,10.3,10,na,na,na,0
Acne_CoolS/CoolF_B3_R11_nitro,3,CoolS/CoolF_nitro,acer,acer_negundo,doy283: no green leaves,7.9,5.4,9.3,20,6.7,8,6.8,20,10.9,10.6,11.7,20,4.9,1.6,4,10,12.3,17,27.7,5,na,na,na,0
Acne_CoolS/CoolF_B3_R12_nitro,3,CoolS/CoolF_nitro,acer,acer_negundo,doy269: last leaves fell,4.2,2.9,8.6,20,4.9,5,5.7,20,10.1,3.4,8.4,10,na,na,na,0,na,na,na,0,na,na,na,0
Acne_CoolS/CoolF_B3_R13_nitro,3,CoolS/CoolF_nitro,acer,acer_negundo,doy269: last leaves fell,6.4,7.2,1.7,20,5.9,5.6,6.4,20,5.5,3.1,4.6,5,na,na,na,0,na,na,na,0,na,na,na,0
Acne_CoolS/CoolF_B3_R14_nitro,3,CoolS/CoolF_nitro,acer,acer_negundo,doy276: no green leaves; doy283: last leaves fell,11,13.9,1.2,50,13.3,14,8,50,13.6,6.4,10.9,30,3.6,2.5,2.8,5,na,na,na,0,na,na,na,0
Acne_CoolS/CoolF_B3_R15_nitro,3,CoolS/CoolF_nitro,acer,acer_negundo,doy276: last leaves fell,7.8,5.9,6.2,10,5.2,4.9,6.4,20,7.9,5.9,5.5,10,na,na,na,na,na,na,na,0,na,na,na,0
Acne_CoolS/WarmF_B1_R1,1,CoolS/WarmF,acer,acer_negundo,,7.3,6.1,4.6,30,6,4.9,5.4,20,4.5,5.6,1.4,20,,,,10,14,15.8,9.8,10,4.8,4.8,4.7,10
Acne_CoolS/WarmF_B1_R2,1,CoolS/WarmF,acer,acer_negundo,,14.9,6.7,3.3,50,3.7,10.9,1.8,40,2.5,4.5,4.7,20,,,,20,10.1,1.1,16.1,20,11.9,1.3,4.6,10
Acne_CoolS/WarmF_B1_R3,1,CoolS/WarmF,acer,acer_negundo,,7.1,6,4.5,70,6.9,1.9,4.6,60,3.4,3.8,4.2,60,,,,50,21.3,21.2,15.5,50,11.9,13.3,12.6,40
Acne_CoolS/WarmF_B1_R4,1,CoolS/WarmF,acer,acer_negundo,,17.1,11.4,12,70,7.5,11,3.3,60,5.1,6.5,6.1,60,,,,50,20.2,6.2,6.2,40,16,6.6,4.7,20
Acne_CoolS/WarmF_B1_R5,1,CoolS/WarmF,acer,acer_negundo,doy283: last leaves fell,8.5,11.2,12.5,70,4,8.1,1.8,50,3.6,5.2,1.5,30,,,,20,6.5,1.4,3.8,5,na,na,na,0
Acne_CoolS/WarmF_B2_R6,2,CoolS/WarmF,acer,acer_negundo,,7.4,11.1,7.9,40,9,8.7,5.1,40,4.9,1.5,5.5,40,,,,40,18.5,18.2,3.9,20,6.8,16.4,9.1,20
Acne_CoolS/WarmF_B2_R7,2,CoolS/WarmF,acer,acer_negundo,,7.9,6,7.5,40,8.1,6.2,3.5,40,5.9,4.1,1.9,40,,,,40,12.4,9.2,14.6,30,18.3,6.6,10,30
Acne_CoolS/WarmF_B2_R8,2,CoolS/WarmF,acer,acer_negundo,doy276: no green leaves; doy283: last leaves fell,9.6,2.7,5.4,30,6.2,5.7,1.7,30,1.9,5.2,2.8,20,,,,10,na,na,na,0,na,na,na,0
Acne_CoolS/WarmF_B2_R9,2,CoolS/WarmF,acer,acer_negundo,doy262: last leaves fell,4.6,7.6,5.2,10,4.4,2.2,2,10,na,na,na,0,,,,0,na,na,na,0,na,na,na,0
Acne_CoolS/WarmF_B2_R10,2,CoolS/WarmF,acer,acer_negundo,doy255: last leaves fell,2,2.3,2.4,5,na,na,na,0,na,na,na,0,,,,0,na,na,na,0,na,na,na,0
Acne_CoolS/WarmF_B3_R11,3,CoolS/WarmF,acer,acer_negundo,doy283: last leaves fell,9.1,5,7.5,30,6.8,4.3,2.2,30,3.3,5.3,5.7,20,,,,10,9.2,9.5,8.3,0,na,na,na,0
Acne_CoolS/WarmF_B3_R12,3,CoolS/WarmF,acer,acer_negundo,doy283: no green leaves,7.3,6.4,6.9,50,4.7,5.6,6.1,40,3.6,4.4,3.1,20,,,,5,18.8,21.1,9.1,5,na,na,na,0
Acne_CoolS/WarmF_B3_R13,3,CoolS/WarmF,acer,acer_negundo,doy262: last leaves fell,10.7,9.4,18.9,70,9.3,3.2,3,30,na,na,na,0,,,,0,na,na,na,0,na,na,na,0
Acne_CoolS/WarmF_B3_R14,3,CoolS/WarmF,acer,acer_negundo,doy283: no green leaves,5.5,6,6.6,40,6.3,4.9,4.3,40,2.9,3.8,2,30,,,,10,11.1,7.7,8.2,5,na,na,na,0
Acne_CoolS/WarmF_B3_R15,3,CoolS/WarmF,acer,acer_negundo,doy283: no green leaves,11.1,7.1,9.4,60,7.6,5.7,5.8,60,4.6,3.6,4.9,40,,,,20,9.6,14.1,7.5,10,na,na,na,0
Acne_WarmS/CoolF_B1_R1,1,WarmS/CoolF,acer,acer_negundo,doy276: last leaves fell,6.4,7.2,5.8,60,6.5,6.9,5.4,50,2.2,5.4,2.1,20,2.3,3.4,2,5,na,na,na,0,na,na,na,0
Acne_WarmS/CoolF_B1_R2,1,WarmS/CoolF,acer,acer_negundo,doy283: no green leaves,5.4,8.8,4.3,30,5.3,8.3,5.5,30,8.2,4.1,12.7,20,6.2,4.8,3.4,20,9.3,8.8,3.6,5,na,na,na,0
Acne_WarmS/CoolF_B1_R3,1,WarmS/CoolF,acer,acer_negundo,doy269: last percentage wrong?,11.6,9.9,8.1,50,10.8,8.2,6,40,4.3,9.9,8.8,40,6.4,9.1,1.5,40,19.6,17.3,7.2,30,12.6,13.2,17.5,5
Acne_WarmS/CoolF_B1_R4,1,WarmS/CoolF,acer,acer_negundo,doy283: no green leaves,11,6.3,8.4,60,11.5,9.7,3,30,9,4.1,6.2,20,7.3,1.9,2.4,10,25.1,27,23.7,5,na,na,na,0
Acne_WarmS/CoolF_B1_R5,1,WarmS/CoolF,acer,acer_negundo,doy276: no green leaves,4.2,7.9,12.2,70,4.8,5.9,4.8,50,2.7,4,3,20,8.1,1.6,1.5,10,na,na,na,0,na,na,na,0
Acne_WarmS/CoolF_B2_R6,2,WarmS/CoolF,acer,acer_negundo,doy262: no green leaves; doy 276: last leaves fell,1.6,10.1,5.7,10,4,5.6,4.2,10,na,na,na,0,na,na,na,0,na,na,na,0,na,na,na,0
Acne_WarmS/CoolF_B2_R7,2,WarmS/CoolF,acer,acer_negundo,doy262: no green leaves; doy 276: last leaves fell,6.1,6.7,3.4,20,4.1,1.8,4.2,20,na,na,na,0,na,na,na,0,na,na,na,0,na,na,na,0
Acne_WarmS/CoolF_B2_R8,2,WarmS/CoolF,acer,acer_negundo,doy276: last leaves fell,6.8,3.6,4.9,30,5.1,2,4,30,2,5.7,1.4,10,1.2,1.9,1.3,5,na,na,na,0,na,na,na,0
Acne_WarmS/CoolF_B2_R9,2,WarmS/CoolF,acer,acer_negundo,"doy262: 1 green leaves, cant do chl",9.6,4.3,4.7,20,2.7,4.8,3,10,na,na,na,5,na,na,na,0,na,na,na,0,na,na,na,0
Acne_WarmS/CoolF_B2_R10,2,WarmS/CoolF,acer,acer_negundo,doy276: last leaves fell,3.5,3.5,1.8,5,5.7,4.2,2.8,5,3.9,4.2,3.4,5,na,na,na,na,na,na,na,0,na,na,na,0
Acne_WarmS/CoolF_B3_R11,3,WarmS/CoolF,acer,acer_negundo,doy269: forgot to measure,5.3,5.3,5.2,10,na,na,na,0,na,na,na,0,na,na,na,na,na,na,na,0,na,na,na,0
Acne_WarmS/CoolF_B3_R12,3,WarmS/CoolF,acer,acer_negundo,doy269: forgot to measure,3.3,6.3,3.3,5,2,1.8,2,5,7.5,3.9,1.8,5,na,na,na,na,na,na,na,0,na,na,na,0
Acne_WarmS/CoolF_B3_R13,3,WarmS/CoolF,acer,acer_negundo,doy269: forgot to measure,9.2,5,7.1,20,6.2,2.6,1.6,20,5.2,5.4,7.3,10,na,na,na,na,na,na,na,0,na,na,na,0
Acne_WarmS/CoolF_B3_R14,3,WarmS/CoolF,acer,acer_negundo,doy269: forgot to measure,6.4,10.9,6.7,20,8.9,3.4,12.5,20,4.5,4.7,4.4,10,na,na,na,na,na,na,na,0,na,na,na,0
Acne_WarmS/CoolF_B3_R15,3,WarmS/CoolF,acer,acer_negundo,doy269: forgot to measure,5.3,11.4,13.5,20,5.2,5.5,7.3,20,8.9,8.8,6.9,10,na,na,na,na,na,na,na,0,na,na,na,0
Acne_WarmS/WarmF_B1_R1,1,WarmS/WarmF,acer,acer_negundo,doy276: no green leaves; doy283: last leaves fell,4.9,7.1,5.9,20,3,2.5,5.2,20,3.5,1.9,1.3,10,,,,5,na,na,na,0,na,na,na,0
Acne_WarmS/WarmF_B1_R2,1,WarmS/WarmF,acer,acer_negundo,doy283: no green leaves,7.4,8.3,4.2,10,2.2,3.3,4.6,10,2.8,1.7,1.9,5,,,,5,3,2.8,2.7,5,na,na,na,0
Acne_WarmS/WarmF_B1_R3,1,WarmS/WarmF,acer,acer_negundo,doy276: last leaves fell,5.8,8.4,6.9,20,4.3,1.6,2.1,10,1.3,1.9,1.7,5,,,,0,na,na,na,0,na,na,na,0
Acne_WarmS/WarmF_B1_R4,1,WarmS/WarmF,acer,acer_negundo,doy276: last leaves fell,8.7,8,6.7,60,2.6,2.8,3.5,30,1.4,2.1,2.6,0,,,,0,na,na,na,0,na,na,na,0
Acne_WarmS/WarmF_B1_R5,1,WarmS/WarmF,acer,acer_negundo,,7.1,8,8.3,80,6.9,2.4,2.8,60,4.4,6,7,60,,,,50,18.5,19.6,25.3,50,18.5,19.2,20.8,50
Acne_WarmS/WarmF_B2_R6,2,WarmS/WarmF,acer,acer_negundo,doy262: last leaves fell,3.2,3.3,5.9,20,2.1,2.4,1.8,10,na,na,na,0,,,,0,na,na,na,0,na,na,na,0
Acne_WarmS/WarmF_B2_R7,2,WarmS/WarmF,acer,acer_negundo,doy276: last leaves fell,4.1,3.6,3.2,50,2,1.6,2.6,30,1.2,1.9,1.4,20,,,,10,na,na,na,0,na,na,na,0
Acne_WarmS/WarmF_B2_R8,2,WarmS/WarmF,acer,acer_negundo,doy283: last leaves fell,4.3,4.3,4.5,30,3.3,1.3,1.2,30,2.5,1.2,1.1,20,,,,10,9.6,1.5,4.9,5,na,na,na,0
Acne_WarmS/WarmF_B2_R9,2,WarmS/WarmF,acer,acer_negundo,doy276: no green leaves; doy283: last leaves fell,7.8,4.8,3.2,60,3.4,1.2,1.1,30,2.6,1.8,1.1,20,,,,10,na,na,na,0,na,na,na,0
Acne_WarmS/WarmF_B2_R10,2,WarmS/WarmF,acer,acer_negundo,doy262: no green leaves; doy 283: last leaves fell,5.2,6.1,4.9,20,1.2,3.3,1.5,10,1.4,2.9,1.6,0,,,,0,na,na,na,0,na,na,na,0
Acne_WarmS/WarmF_B3_R11,3,WarmS/WarmF,acer,acer_negundo,doy262: last leaves fell,9.5,7.2,9,10,1.9,2.6,1.4,5,na,na,na,0,,,,0,na,na,na,0,na,na,na,0
Acne_WarmS/WarmF_B3_R12,3,WarmS/WarmF,acer,acer_negundo,doy262: no green leaves; doy283: last leaves fell,8.1,9.3,5.1,30,1.4,3.9,2.7,10,na,na,na,0,,,,0,na,na,na,0,na,na,na,0
Acne_WarmS/WarmF_B3_R13,3,WarmS/WarmF,acer,acer_negundo,doy255: last leaves fell,9.6,8.3,6.5,40,na,na,na,0,na,na,na,0,,,,0,na,na,na,0,na,na,na,0
Acne_WarmS/WarmF_B3_R14,3,WarmS/WarmF,acer,acer_negundo,doy262: last leaves fell,11.7,6.1,7.1,20,5.2,2.3,3.8,10,na,na,na,0,,,,0,na,na,na,0,na,na,na,0
Acne_WarmS/WarmF_B3_R15,3,WarmS/WarmF,acer,acer_negundo,,4.9,5.5,8,30,4.4,4.3,4.1,20,3.4,2.9,2.8,20,,,,10,10.4,11,10.9,10,6.5,12.3,8.7,10
Acne_WarmS/WarmF_B1_R1_nitro,1,WarmS/WarmF_nitro,acer,acer_negundo,doy283: no green leaves,7.2,6.2,12.5,10,5.6,5.6,5.6,10,3.6,4.3,3.1,10,,,,10,12.5,9.1,1.3,5,1.8,8,4.4,0
Acne_WarmS/WarmF_B1_R2_nitro,1,WarmS/WarmF_nitro,acer,acer_negundo,doy276: last leaves fell,6.2,4.3,7.1,10,4.1,3.7,2.6,10,1.8,2.4,1.2,5,,,,0,na,na,na,0,na,na,na,0
Acne_WarmS/WarmF_B1_R3_nitro,1,WarmS/WarmF_nitro,acer,acer_negundo,doy255: doy248 measurement percent wrong,7.6,4.8,6.2,10,5.7,4.6,2,30,3.3,3.6,3.1,10,,,,10,1,3,1.4,5,na,na,na,0
Acne_WarmS/WarmF_B1_R4_nitro,1,WarmS/WarmF_nitro,acer,acer_negundo,doy255: doy248 measurement percent wrong,7.6,3.8,1.4,10,4.4,5.3,5.7,20,2.6,3.9,3.1,20,,,,20,11.5,16.5,2.2,10,14.8,13.3,7.5,10
Acne_WarmS/WarmF_B1_R5_nitro,1,WarmS/WarmF_nitro,acer,acer_negundo,doy255: doy248 measurement percent wrong,8.4,3.8,6.3,10,4.7,5.8,1.6,20,3.3,3.9,5.7,20,,,,10,7.6,8.7,15.5,10,0.1,18,11,10
Acne_WarmS/WarmF_B2_R6_nitro,2,WarmS/WarmF_nitro,acer,acer_negundo,,6.9,4.2,3.9,20,4.2,5.7,2.7,20,4.7,1.4,3.7,20,,,,20,11.7,12.5,19,20,14.7,15,9.3,20
Acne_WarmS/WarmF_B2_R7_nitro,2,WarmS/WarmF_nitro,acer,acer_negundo,doy276: last leaves fell,7.3,9.5,5.5,40,2.9,3.9,4.3,30,3.1,4.3,1.4,10,,,,5,na,na,na,0,na,na,na,0
Acne_WarmS/WarmF_B2_R8_nitro,2,WarmS/WarmF_nitro,acer,acer_negundo,doy276: last leaves fell,5.7,4.7,1.3,10,2.7,3.3,1.9,10,1.3,1.4,1.2,5,,,,0,na,na,na,0,na,na,na,0
Acne_WarmS/WarmF_B2_R9_nitro,2,WarmS/WarmF_nitro,acer,acer_negundo,doy262: no green leaves; doy283: last leaves fell,9.2,7.1,8.2,10,2.1,5.4,3.3,10,na,na,na,0,,,,0,na,na,na,0,na,na,na,0
Acne_WarmS/WarmF_B2_R10_nitro,2,WarmS/WarmF_nitro,acer,acer_negundo,doy283: no green leaves,8.8,9,6.2,30,7.1,3.9,3,30,5,1.3,3.6,20,,,,10,12.5,1.3,7.6,5,3.3,0.6,10.3,0
Acne_WarmS/WarmF_B3_R11_nitro,3,WarmS/WarmF_nitro,acer,acer_negundo,doy262: last leaves fell,7.9,5.5,9.1,20,6.1,2.7,1.4,10,na,na,na,0,,,,0,na,na,na,0,na,na,na,0
Acne_WarmS/WarmF_B3_R12_nitro,3,WarmS/WarmF_nitro,acer,acer_negundo,doy283: no green leaves,13.7,1.8,6.1,20,8.7,7.5,2.6,20,6.4,6.2,4.5,10,,,,10,6,12.9,12.6,5,4.1,9.7,2.9,0
Acne_WarmS/WarmF_B3_R13_nitro,3,WarmS/WarmF_nitro,acer,acer_negundo,doy283: no green leaves,8.9,8.9,1.6,20,5.5,6,3.9,20,3.6,6,2.6,10,,,,10,2.7,1.4,1.8,5,na,na,na,0
Acne_WarmS/WarmF_B3_R14_nitro,3,WarmS/WarmF_nitro,acer,acer_negundo,"doy262: only one leaf left , no chl; doy283: last leaves fell",5.2,10.5,10.1,10,7.8,2.7,6.8,10,na,na,na,5,,,,5,na,na,na,0,na,na,na,0
Acne_WarmS/WarmF_B3_R15_nitro,3,WarmS/WarmF_nitro,acer,acer_negundo,,11.8,10.1,7.7,30,7.2,1.2,4,30,4,1.9,5.6,20,,,,20,23.2,20.8,17.5,20,16.5,18.5,12.2,20
Bepa_CoolS/CoolF_B1_R1,1,CoolS/CoolF,betula,betula_papyrifera,,8.9,14.3,10.1,80,12.9,5.1,5.1,70,10.7,1.4,7.5,60,9.5,4,12.8,60,32.1,5.5,3.3,50,11.3,27.9,8.1,30
Bepa_CoolS/CoolF_B1_R2,1,CoolS/CoolF,betula,betula_papyrifera,,6.8,5.7,5.5,70,9.4,2.3,3.7,60,5.1,5.3,3.5,40,7.4,8.2,5.6,40,10,5.6,6.4,30,6.8,4.1,1.2,5
Bepa_CoolS/CoolF_B1_R3,1,CoolS/CoolF,betula,betula_papyrifera,,8.3,13.7,12.1,90,19.4,12.1,6.2,90,7.8,7.7,5,80,11.4,1.9,6.9,70,29.4,11,6.9,70,21.9,6.1,5.5,50
Bepa_CoolS/CoolF_B1_R4,1,CoolS/CoolF,betula,betula_papyrifera,,8.1,9.2,8.3,100,8.4,16,12.1,90,10.9,6.5,13.9,90,12.5,13.5,15.6,80,36.8,26.8,21.4,80,27.6,5.9,37.7,70
Bepa_CoolS/CoolF_B1_R5,1,CoolS/CoolF,betula,betula_papyrifera,,8.1,10.1,7.6,100,17.9,5.4,4.7,90,6.8,4.4,4,80,9.9,4,8.6,60,24.8,4.8,6.1,40,22.8,1.2,14,20
Bepa_CoolS/CoolF_B2_R6,2,CoolS/CoolF,betula,betula_papyrifera,,11.8,6,6.7,70,10.6,5.8,5,60,5.2,1,5,50,8.4,6.1,3.6,50,17.8,15.1,8.7,40,4,0.2,0.4,5
Bepa_CoolS/CoolF_B2_R7,2,CoolS/CoolF,betula,betula_papyrifera,,7.4,6.4,7.3,90,9.7,7,5.1,90,6.5,3.9,8.4,70,6.9,8.3,4.7,70,7.1,8.2,3.1,60,18.8,9.9,6.8,20
Bepa_CoolS/CoolF_B2_R8,2,CoolS/CoolF,betula,betula_papyrifera,,7.4,5,1.3,80,7.9,6,6.6,80,4.5,4.9,4.8,80,5,6,9.2,70,24.6,14.3,13.5,50,8,16.5,2.4,10
Bepa_CoolS/CoolF_B2_R9,2,CoolS/CoolF,betula,betula_papyrifera,doy283: no green leaves,4.2,2.9,2,80,3.9,3.5,3.1,60,2.4,1.6,2.6,60,3.8,1,3.1,40,16.6,10.1,11.7,20,na,na,na,0
Bepa_CoolS/CoolF_B2_R10,2,CoolS/CoolF,betula,betula_papyrifera,,15.9,9.9,9.1,80,8.5,16.6,8.2,80,13.7,1.2,8.5,60,7.5,1.6,9,40,6.2,18.4,13,10,19.3,6.2,16.4,5
Bepa_CoolS/CoolF_B3_R11,3,CoolS/CoolF,betula,betula_papyrifera,,9.9,5.7,5.2,80,13.6,6.7,7.2,60,14.3,10.2,3.9,60,5.3,6.8,7.7,60,22.8,9.8,10.1,40,18.7,0.7,9.2,10
Bepa_CoolS/CoolF_B3_R12,3,CoolS/CoolF,betula,betula_papyrifera,,14.6,18.9,6.6,70,11.8,12.1,12.1,70,12,15.1,10.8,60,1.6,3.2,2.8,60,21.8,31.5,39.1,60,36.2,36.8,4,40
Bepa_CoolS/CoolF_B3_R13,3,CoolS/CoolF,betula,betula_papyrifera,,11.2,7.1,5.6,80,6.4,2.4,11,80,8.2,1.2,7.3,80,4.9,1.3,1.6,70,18.7,3.9,9.4,70,0.3,7.6,25.6,50
Bepa_CoolS/CoolF_B3_R14,3,CoolS/CoolF,betula,betula_papyrifera,,19.8,12,6.6,95,16.3,8.9,5.9,90,11.3,4.6,6.9,80,11.8,1.1,9,80,10.8,10.1,35.1,20,14.2,23,10.6,5
Bepa_CoolS/CoolF_B3_R15,3,CoolS/CoolF,betula,betula_papyrifera,,8.7,6.4,5.5,80,8.2,6.2,1.7,80,5.8,8.3,2.1,70,2.5,5.8,1.2,40,21.8,3.4,0.1,20,2.3,3.1,3.9,5
Bepa_CoolS/CoolF_B1_R1_nitro,1,CoolS/CoolF_nitro,betula,betula_papyrifera,,7.9,5.7,2.6,70,8,5.8,7.3,70,13.5,5.5,4.4,70,11,10.4,5.3,70,19.1,5.4,17.3,50,10.1,11.4,9.3,20
Bepa_CoolS/CoolF_B1_R2_nitro,1,CoolS/CoolF_nitro,betula,betula_papyrifera,,13.6,9.1,9.9,80,14.5,9.2,6.8,80,9.9,7.9,8.5,80,10.3,13.7,6.8,80,27.7,4.4,8.5,80,33.6,0.9,25,50
Bepa_CoolS/CoolF_B1_R3_nitro,1,CoolS/CoolF_nitro,betula,betula_papyrifera,,8.7,5.4,1.1,80,9.2,4.1,4.8,70,9,3.7,1.3,60,4.4,1.7,3.4,40,11.1,1.9,3,20,30.3,1.1,8.5,10
Bepa_CoolS/CoolF_B1_R4_nitro,1,CoolS/CoolF_nitro,betula,betula_papyrifera,,10.3,4.9,4.5,90,7.4,4.3,5.1,70,7.9,6.6,4.9,70,8.9,5.2,8.5,70,26.3,9.1,17,70,16.7,3.1,14.2,60
Bepa_CoolS/CoolF_B1_R5_nitro,1,CoolS/CoolF_nitro,betula,betula_papyrifera,doy262: doy255 wrong measure percent,8.2,3.1,4.2,40,9.5,3.7,3.3,40,7.2,3,3.1,80,4.5,3.3,8,60,27.3,8.1,1,40,28.1,11.2,0.6,20
Bepa_CoolS/CoolF_B2_R6_nitro,2,CoolS/CoolF_nitro,betula,betula_papyrifera,,7.7,4.1,3.3,80,6.1,7,5,50,7.3,3.2,4.3,50,5.3,4.8,6.9,50,23.5,11.4,3.7,50,3.2,6.1,1.8,10
Bepa_CoolS/CoolF_B2_R7_nitro,2,CoolS/CoolF_nitro,betula,betula_papyrifera,doy276: general comment dead apical shoots,4.4,40.4,12.1,100,15.1,15.6,13.7,95,18.7,14.1,17.5,90,15.8,15.1,8,80,32.9,30,35.9,80,20.8,31.6,8.5,70
Bepa_CoolS/CoolF_B2_R8_nitro,2,CoolS/CoolF_nitro,betula,betula_papyrifera,,9,4.7,2.6,70,11.7,7.1,3.6,50,5.9,4.7,1.4,50,4.5,1.5,4.5,50,19,3.1,3.9,20,10,6.9,5.3,5
Bepa_CoolS/CoolF_B2_R9_nitro,2,CoolS/CoolF_nitro,betula,betula_papyrifera,,11.1,2.5,3.3,60,5.9,3.2,2.8,50,6.4,3.2,3.6,50,6.3,2.8,4,50,24.1,11.1,1.9,40,12.7,1.1,1,10
Bepa_CoolS/CoolF_B2_R10_nitro,2,CoolS/CoolF_nitro,betula,betula_papyrifera,,2.2,10.8,6.2,80,11.5,7.7,5.5,80,10.2,10.9,10.4,80,8.6,9.3,8.6,70,29.3,22.2,7.3,70,26.1,26.2,21.9,50
Bepa_CoolS/CoolF_B3_R11_nitro,3,CoolS/CoolF_nitro,betula,betula_papyrifera,,13.3,7.9,8,90,8.3,8.6,5.9,90,10.9,10.4,7.9,80,10.7,9.5,7.1,80,14,10.9,34,70,30.1,3.3,1.4,60
Bepa_CoolS/CoolF_B3_R12_nitro,3,CoolS/CoolF_nitro,betula,betula_papyrifera,doy255: doy248 measurement percent wrong,21.8,7.5,4.9,60,21,14.3,5.8,80,7.2,19.4,14.6,80,9.1,9.3,16.1,80,42.1,14.5,18.5,80,35.8,4.1,30.6,60
Bepa_CoolS/CoolF_B3_R13_nitro,3,CoolS/CoolF_nitro,betula,betula_papyrifera,doy283: cant measure chl,18.1,7,6.6,70,5.2,7.3,7.1,70,6.9,6.6,7.2,70,2.4,3.5,12.4,50,1.5,12.4,16.5,30,na,na,na,5
Bepa_CoolS/CoolF_B3_R14_nitro,3,CoolS/CoolF_nitro,betula,betula_papyrifera,doy283: last leaves fell,12.8,6.6,10.4,80,10.3,6.4,9.1,80,10.6,5.2,9.8,70,1.4,7,3.5,30,32,21.3,15.2,20,na,na,na,0
Bepa_CoolS/CoolF_B3_R15_nitro,3,CoolS/CoolF_nitro,betula,betula_papyrifera,,11.5,5,6.7,50,8.1,7.4,7.9,50,8.2,7.4,6.2,50,6.5,9.3,6.8,50,3.1,14.4,3.9,50,25.1,9.5,5.3,20
Bepa_CoolS/WarmF_B1_R1,1,CoolS/WarmF,betula,betula_papyrifera,,7.8,4.3,2.9,80,6.5,8.5,5.5,70,5.2,3.8,2.7,70,4.1,4.8,4.5,60,22,8,15,50,12.4,13.4,16.2,40
Bepa_CoolS/WarmF_B1_R2,1,CoolS/WarmF,betula,betula_papyrifera,,22.1,12.6,12.7,95,19.4,25.5,9.3,90,13.9,10.4,18.9,90,9,9.6,7.5,70,29.3,36.8,23.2,70,31.5,27.3,25,60
Bepa_CoolS/WarmF_B1_R3,1,CoolS/WarmF,betula,betula_papyrifera,,11.4,10.8,2.1,80,7.3,6.3,6.4,80,6,6.1,7.6,70,5.4,4.3,4.5,70,18.4,16.8,19.1,60,14.2,16.5,13.7,40
Bepa_CoolS/WarmF_B1_R4,1,CoolS/WarmF,betula,betula_papyrifera,,12.2,7.2,3.1,90,10.2,5.7,1.5,70,7.5,3,3.4,70,6.7,4.1,5.1,70,16.2,19.5,15.6,70,10.8,15.9,7.3,50
Bepa_CoolS/WarmF_B1_R5,1,CoolS/WarmF,betula,betula_papyrifera,,9.8,9.4,6.4,90,8.9,8.7,6.8,90,6.8,4.6,7.3,80,6.2,5.8,5,70,20.3,18,15.9,60,18,16,3.7,50
Bepa_CoolS/WarmF_B2_R6,2,CoolS/WarmF,betula,betula_papyrifera,,7.3,3.6,4.1,70,2.9,2.9,4.2,70,2.4,4,2.2,70,2.4,1.1,3.3,60,6.7,12.7,8.6,60,9.7,10,21.1,50
Bepa_CoolS/WarmF_B2_R7,2,CoolS/WarmF,betula,betula_papyrifera,,7.4,5.1,4.9,90,6.3,5.6,4.8,80,5.9,3.9,4.1,80,,,,70,22.8,17.8,9.8,70,18.6,0.2,19,40
Bepa_CoolS/WarmF_B2_R8,2,CoolS/WarmF,betula,betula_papyrifera,,7.8,5.8,5.2,60,8.1,6,4.3,60,5.4,3.6,4,50,,,,40,15,9.7,10.1,40,3.9,9.9,9.1,20
Bepa_CoolS/WarmF_B2_R9,2,CoolS/WarmF,betula,betula_papyrifera,,6.3,4.6,3.1,80,5,3.3,4.5,60,2.7,4.9,2.9,40,,,,20,15,11.1,8.9,10,10.8,4.5,15.4,10
Bepa_CoolS/WarmF_B2_R10,2,CoolS/WarmF,betula,betula_papyrifera,,8.2,4.3,3.2,70,5.2,7.2,2,50,4.1,1.7,3.7,50,,,,30,14.6,15,5.9,20,10.8,6.3,15.2,20
Bepa_CoolS/WarmF_B3_R11,3,CoolS/WarmF,betula,betula_papyrifera,,19.8,13.1,6.3,90,13.6,9.9,8.9,90,11.2,12.6,6.4,80,,,,60,24.6,13.2,27.5,50,19.2,20.1,19.1,30
Bepa_CoolS/WarmF_B3_R12,3,CoolS/WarmF,betula,betula_papyrifera,,24.5,18.1,1.3,80,23.9,14.1,3.4,80,6.2,15.3,12,80,,,,70,33.7,31.6,30,60,27.8,1.9,24.4,40
Bepa_CoolS/WarmF_B3_R13,3,CoolS/WarmF,betula,betula_papyrifera,,9.4,9.7,5.9,80,12.8,9.4,3.2,80,4.8,10.6,12.7,70,,,,60,28.3,21.5,32.9,40,27.6,4.3,26.1,30
Bepa_CoolS/WarmF_B3_R14,3,CoolS/WarmF,betula,betula_papyrifera,,17.5,14.8,1.5,80,9.7,12.3,8.4,80,9,15.7,4.5,70,,,,70,40.6,32.7,6.8,50,14.4,31.7,27.7,50
Bepa_CoolS/WarmF_B3_R15,3,CoolS/WarmF,betula,betula_papyrifera,,11.1,8.3,11.6,70,8.1,13,6.3,70,7.4,6.7,7.5,60,,,,50,17.9,30.4,18.4,40,10.4,25.3,17.2,40
Bepa_WarmS/CoolF_B1_R1,1,WarmS/CoolF,betula,betula_papyrifera,,12.9,3,2.7,70,14.5,11.2,5.5,50,2.4,4.6,2.4,50,11.2,14.7,1.2,50,33.7,6.6,25.5,40,31.9,15.7,1.1,30
Bepa_WarmS/CoolF_B1_R2,1,WarmS/CoolF,betula,betula_papyrifera,,15,5.2,4.3,90,14,5.9,5.3,90,4.9,4.8,4.4,80,12.3,7.8,7.4,70,27.1,24.2,1,60,22.1,18.7,15.2,40
Bepa_WarmS/CoolF_B1_R3,1,WarmS/CoolF,betula,betula_papyrifera,,16.6,6.9,3.4,80,14.3,11.8,5.6,80,7.5,6.4,4.8,70,10.6,13.7,9.1,60,24.8,8.9,0.3,60,31.1,16.4,9.3,50
Bepa_WarmS/CoolF_B1_R4,1,WarmS/CoolF,betula,betula_papyrifera,,7.2,4.6,1.1,40,13.6,1.6,4.2,40,7.2,11.1,2.2,40,10.4,1.9,1.1,30,22.5,1.9,7,20,9.5,0.2,1.5,5
Bepa_WarmS/CoolF_B1_R5,1,WarmS/CoolF,betula,betula_papyrifera,,6.7,7.2,5.9,95,7.1,6.8,8.3,95,6.2,7.3,4.3,90,4.7,6.3,6.2,70,19.2,4.7,10.9,50,1.7,11.4,1.1,10
Bepa_WarmS/CoolF_B2_R6,2,WarmS/CoolF,betula,betula_papyrifera,doy255: doy248 measurement percent wrong; doy283: no green leaves,6.2,8.7,1.9,20,9.9,1.2,4.8,40,6.4,1.2,6.5,30,5.4,8.4,4.4,30,9,12.1,2.6,10,na,na,na,0
Bepa_WarmS/CoolF_B2_R7,2,WarmS/CoolF,betula,betula_papyrifera,,5.9,4.7,4,80,5.5,7.7,4.4,60,5.3,4.8,3.9,50,6.2,6.5,1.1,50,23.9,1.8,0.6,20,3.1,20.1,0.6,10
Bepa_WarmS/CoolF_B2_R8,2,WarmS/CoolF,betula,betula_papyrifera,,13.3,4.9,5.1,80,11.7,5.2,4.5,50,9.2,1.3,4.6,40,8.8,11.5,7.9,40,27.4,19.2,0,30,20.7,27.6,15.4,20
Bepa_WarmS/CoolF_B2_R9,2,WarmS/CoolF,betula,betula_papyrifera,,8.6,5.3,3.7,70,8.9,4.5,6.8,60,9.8,3.5,1.8,40,9.3,5.2,3.6,30,23.8,16.7,6.6,20,26.1,3.9,16.4,10
Bepa_WarmS/CoolF_B2_R10,2,WarmS/CoolF,betula,betula_papyrifera,doy269: last percentage wrong?,20.8,7.8,8.8,40,23.4,10.5,4.1,40,6.8,3.3,4,30,14.2,2.3,11,30,39.3,7.9,6.3,30,35.3,3.3,24.4,20
Bepa_WarmS/CoolF_B3_R11,3,WarmS/CoolF,betula,betula_papyrifera,doy276: last leaves fell,30.9,13.7,10.9,90,28.2,15.8,10.1,70,13.6,25.8,8.5,60,na,na,na,0,na,na,na,0,na,na,na,0
Bepa_WarmS/CoolF_B3_R12,3,WarmS/CoolF,betula,betula_papyrifera,,13.2,6.3,11.1,60,12.6,9.9,8.8,60,5.9,2.4,15.1,60,12.9,3.9,1.4,20,24.3,20.5,19.8,20,34.3,24.6,4,20
Bepa_WarmS/CoolF_B3_R13,3,WarmS/CoolF,betula,betula_papyrifera,,12.2,5.4,3.1,70,10.2,5.3,4.3,50,1.9,9.3,7.1,50,5.4,4.5,9,50,20.7,9.7,12.5,50,27.3,8.5,0.2,20
Bepa_WarmS/CoolF_B3_R14,3,WarmS/CoolF,betula,betula_papyrifera,doy255: doy248 measurement percent wrong,12,7.3,4.9,19.2,8.6,14.1,13.9,50,10.5,3,2.9,40,10.3,1.2,5.8,30,25.5,21.1,2.3,30,20.7,3.9,10.7,20
Bepa_WarmS/CoolF_B3_R15,3,WarmS/CoolF,betula,betula_papyrifera,,5.2,5.8,11.6,80,14,10,4.2,80,16.5,2.7,17.9,60,12.5,3.9,1,60,31.4,21.9,21.1,30,4.8,7.3,4.3,5
Bepa_WarmS/WarmF_B1_R1,1,WarmS/WarmF,betula,betula_papyrifera,,4.3,8.3,4.1,80,6,3.4,3.1,80,2.2,5.6,2.4,60,4.4,1.9,1.9,50,15.9,4.7,3.4,50,11.1,5,14.9,30
Bepa_WarmS/WarmF_B1_R2,1,WarmS/WarmF,betula,betula_papyrifera,,13.1,4,1.4,70,9.2,4.8,4.2,70,8.9,3.6,5.4,70,7.8,5,2.5,60,13.6,11.2,19.7,50,17.2,7.4,6.3,40
Bepa_WarmS/WarmF_B1_R3,1,WarmS/WarmF,betula,betula_papyrifera,,14,6.7,5.1,50,7.1,14,4.3,50,9.5,2.8,1.6,50,10,2.7,5.2,50,32,17,2,30,26.6,0.6,12.2,30
Bepa_WarmS/WarmF_B1_R4,1,WarmS/WarmF,betula,betula_papyrifera,,10.3,4.9,1.2,70,5.1,5.4,5.5,70,4.4,9.4,5.8,70,5.3,8.2,4.2,70,21.4,20,15.3,50,13.3,11.1,23.1,40
Bepa_WarmS/WarmF_B1_R5,1,WarmS/WarmF,betula,betula_papyrifera,,8.5,3.4,3,20,3.9,6.1,2.3,20,3.9,3.2,2.9,20,1.9,3.2,2.7,20,9.2,9.4,0.7,20,5.6,9.3,0.5,10
Bepa_WarmS/WarmF_B2_R6,2,WarmS/WarmF,betula,betula_papyrifera,,12.6,4.1,2.7,50,6.7,7.9,1.2,50,6.1,1.7,4.6,50,3,5.2,2.3,40,19.4,15.5,10,30,11.1,8.7,9.9,10
Bepa_WarmS/WarmF_B2_R7,2,WarmS/WarmF,betula,betula_papyrifera,,7.4,6.5,5.8,90,5.6,4.9,3.9,80,6.2,6.4,2.2,60,4.4,5.2,4,60,13.5,16.4,17.1,60,14.5,9.2,14.5,50
Bepa_WarmS/WarmF_B2_R8,2,WarmS/WarmF,betula,betula_papyrifera,,11.8,5.1,3.8,30,9.5,6.5,5.2,30,2.2,4.9,1.9,30,4.1,3.3,5.7,30,2.1,14.7,9.7,30,15.4,10.5,13.3,20
Bepa_WarmS/WarmF_B2_R9,2,WarmS/WarmF,betula,betula_papyrifera,,16.8,5.2,9.7,60,3.8,5.3,7.5,60,4.1,2.9,5.9,60,3,3.8,4,50,12.8,7.4,10.1,50,11.2,6.7,10.9,50
Bepa_WarmS/WarmF_B2_R10,2,WarmS/WarmF,betula,betula_papyrifera,,5.3,4.3,3.2,60,2.6,3,4.8,60,4,2,2.3,50,4,4.4,2.5,40,12,0.7,10.5,30,10.1,12.3,0.6,20
Bepa_WarmS/WarmF_B3_R11,3,WarmS/WarmF,betula,betula_papyrifera,,9.3,8.7,6.7,60,7.3,7.7,2.2,60,5.4,6,5.3,60,4.7,4.6,6.7,60,16.9,19.3,22.5,60,12.9,13.4,22.8,60
Bepa_WarmS/WarmF_B3_R12,3,WarmS/WarmF,betula,betula_papyrifera,,19.1,8.9,8.6,70,7.5,6.8,2.7,70,14.1,7.3,1.2,50,5,13.3,7.9,50,22.4,32.8,25,50,31.2,14,16.6,50
Bepa_WarmS/WarmF_B3_R13,3,WarmS/WarmF,betula,betula_papyrifera,,7.1,10.5,7.8,60,6.7,6.8,7.8,60,5.9,3.9,7,60,5.4,4.6,3.9,60,16.1,18.5,15.3,60,17.3,14.8,6.7,60
Bepa_WarmS/WarmF_B3_R14,3,WarmS/WarmF,betula,betula_papyrifera,,16.2,18.9,5.3,70,11.3,2.4,1.6,70,7.9,8.7,8.9,70,8.3,7.8,5.3,50,17.4,22,24.1,50,26.7,26.1,12.9,50
Bepa_WarmS/WarmF_B3_R15,3,WarmS/WarmF,betula,betula_papyrifera,,13.7,6.4,5,70,12,1.7,7.7,70,4.5,8.8,4.9,70,8.6,12.6,7.9,70,20.6,25.9,27.6,70,16.3,22.1,27.9,60
Bepa_WarmS/WarmF_B1_R1_nitro,1,WarmS/WarmF_nitro,betula,betula_papyrifera,,11.5,5,3.5,95,5.9,7.2,4.4,80,8,4.1,4,80,5,4,1.1,70,18.6,14,12.8,60,11,12,16,50
Bepa_WarmS/WarmF_B1_R2_nitro,1,WarmS/WarmF_nitro,betula,betula_papyrifera,,14.7,13.3,10.6,80,5.7,10.5,10.1,80,4.9,3.8,9.1,80,6.3,5.8,9.3,80,8.9,30.6,26.4,60,25.2,24.1,19,60
Bepa_WarmS/WarmF_B1_R3_nitro,1,WarmS/WarmF_nitro,betula,betula_papyrifera,,8.1,3.3,1.9,30,6.1,3.8,3.6,30,5.2,2.9,3.3,30,4,1.6,2.8,30,4.8,12.1,4.6,30,14.4,9.6,7.1,20
Bepa_WarmS/WarmF_B1_R4_nitro,1,WarmS/WarmF_nitro,betula,betula_papyrifera,,12.4,4.4,6.3,90,5.8,7.7,14.5,90,8.3,4.4,6.2,80,6.5,4.1,1.9,70,21.5,24.6,15.6,60,21.9,10.4,15.6,50
Bepa_WarmS/WarmF_B1_R5_nitro,1,WarmS/WarmF_nitro,betula,betula_papyrifera,,9.4,7.8,7.9,95,7.7,11,7.8,90,7.1,5.5,6.3,90,6.6,5.5,4.3,90,19.7,19.5,19.6,80,18.9,16.2,12.8,70
Bepa_WarmS/WarmF_B2_R6_nitro,2,WarmS/WarmF_nitro,betula,betula_papyrifera,,7.7,5.4,5.6,80,8.6,7.1,5.5,80,6.7,5.2,10,80,5.7,3.8,7.2,70,19.7,20.2,16.2,70,23,11.9,12.4,60
Bepa_WarmS/WarmF_B2_R7_nitro,2,WarmS/WarmF_nitro,betula,betula_papyrifera,,5.9,7.2,5.7,70,3.7,3.6,5.2,70,1.4,2.6,8,50,7.1,1.9,3.9,50,24.4,3.5,3,40,23.4,4.6,11.8,20
Bepa_WarmS/WarmF_B2_R8_nitro,2,WarmS/WarmF_nitro,betula,betula_papyrifera,,5.8,2.8,3.7,50,6.2,5,1.9,50,3.5,2.9,3.2,50,3.9,1.7,2.8,40,5.2,10.8,9.3,40,8.3,6.7,10,20
Bepa_WarmS/WarmF_B2_R9_nitro,2,WarmS/WarmF_nitro,betula,betula_papyrifera,doy255: doy248 measurement percent wrong,9.8,3.6,4.2,30,5.8,8.6,9.1,80,7.9,6.5,5.4,60,5.5,5.3,4.6,60,22.6,16.6,11.5,50,10.9,13.2,21.1,30
Bepa_WarmS/WarmF_B2_R10_nitro,2,WarmS/WarmF_nitro,betula,betula_papyrifera,,7.8,3.9,3.9,70,14.8,11.9,3.7,70,9.1,9,2.5,60,7.2,7.1,2.2,60,25.1,20.7,3.1,50,16.3,21.6,12.3,50
Bepa_WarmS/WarmF_B3_R11_nitro,3,WarmS/WarmF_nitro,betula,betula_papyrifera,,13.8,6.6,6.8,80,10.5,6.2,4.9,80,6.7,5.9,6.7,70,2,11.8,5.1,60,24.3,12,19.4,60,7.9,12.7,14.2,40
Bepa_WarmS/WarmF_B3_R12_nitro,3,WarmS/WarmF_nitro,betula,betula_papyrifera,,8.4,5.9,4.1,40,10.6,4.5,15.7,40,10.1,4.6,10,40,8.1,8.8,2.3,40,36.8,23.9,20.9,40,27,36.7,2.4,40
Bepa_WarmS/WarmF_B3_R13_nitro,3,WarmS/WarmF_nitro,betula,betula_papyrifera,,21.2,17.3,5.3,50,10.8,7.7,4.9,50,3.4,12.4,13.6,50,12.8,3.6,18.3,50,21.3,16.9,23.3,40,30.8,28.2,1.3,20
Bepa_WarmS/WarmF_B3_R14_nitro,3,WarmS/WarmF_nitro,betula,betula_papyrifera,,17,9.9,5.6,80,7.7,5.8,4.8,70,13.3,7.6,5,70,6.4,11,3.5,60,30,25.6,14.9,50,28.4,20.1,10.6,30
Bepa_WarmS/WarmF_B3_R15_nitro,3,WarmS/WarmF_nitro,betula,betula_papyrifera,,20.1,6.4,13.8,20,10.7,9.5,8.3,10,9.4,17.1,6.4,10,12,11.3,5.7,10,30,35.2,31.1,10,17.8,14.6,4.8,5
Pist_CoolS/CoolF_B1_R1,1,CoolS/CoolF,pinus,pinus_strobus,,,,,,,,,,,,,,,,,,,,,,,,,
Pist_CoolS/CoolF_B1_R2,1,CoolS/CoolF,pinus,pinus_strobus,,,,,,,,,,,,,,,,,,,,,,,,,
Pist_CoolS/CoolF_B1_R3,1,CoolS/CoolF,pinus,pinus_strobus,,,,,,,,,,,,,,,,,,,,,,,,,
Pist_CoolS/CoolF_B1_R4,1,CoolS/CoolF,pinus,pinus_strobus,,,,,,,,,,,,,,,,,,,,,,,,,
Pist_CoolS/CoolF_B1_R5,1,CoolS/CoolF,pinus,pinus_strobus,,,,,,,,,,,,,,,,,,,,,,,,,
Pist_CoolS/CoolF_B2_R6,2,CoolS/CoolF,pinus,pinus_strobus,,,,,,,,,,,,,,,,,,,,,,,,,
Pist_CoolS/CoolF_B2_R7,2,CoolS/CoolF,pinus,pinus_strobus,,,,,,,,,,,,,,,,,,,,,,,,,
Pist_CoolS/CoolF_B2_R8,2,CoolS/CoolF,pinus,pinus_strobus,,,,,,,,,,,,,,,,,,,,,,,,,
Pist_CoolS/CoolF_B2_R9,2,CoolS/CoolF,pinus,pinus_strobus,,,,,,,,,,,,,,,,,,,,,,,,,
Pist_CoolS/CoolF_B2_R10,2,CoolS/CoolF,pinus,pinus_strobus,,,,,,,,,,,,,,,,,,,,,,,,,
Pist_CoolS/CoolF_B3_R11,3,CoolS/CoolF,pinus,pinus_strobus,,,,,,,,,,,,,,,,,,,,,,,,,
Pist_CoolS/CoolF_B3_R12,3,CoolS/CoolF,pinus,pinus_strobus,,,,,,,,,,,,,,,,,,,,,,,,,
Pist_CoolS/CoolF_B3_R13,3,CoolS/CoolF,pinus,pinus_strobus,,,,,,,,,,,,,,,,,,,,,,,,,
Pist_CoolS/CoolF_B3_R14,3,CoolS/CoolF,pinus,pinus_strobus,,,,,,,,,,,,,,,,,,,,,,,,,
Pist_CoolS/CoolF_B3_R15,3,CoolS/CoolF,pinus,pinus_strobus,,,,,,,,,,,,,,,,,,,,,,,,,
Pist_CoolS/CoolF_B1_R1_nitro,1,CoolS/CoolF_nitro,pinus,pinus_strobus,,,,,,,,,,,,,,,,,,,,,,,,,
Pist_CoolS/CoolF_B1_R2_nitro,1,CoolS/CoolF_nitro,pinus,pinus_strobus,,,,,,,,,,,,,,,,,,,,,,,,,
Pist_CoolS/CoolF_B1_R3_nitro,1,CoolS/CoolF_nitro,pinus,pinus_strobus,,,,,,,,,,,,,,,,,,,,,,,,,
Pist_CoolS/CoolF_B1_R4_nitro,1,CoolS/CoolF_nitro,pinus,pinus_strobus,,,,,,,,,,,,,,,,,,,,,,,,,
Pist_CoolS/CoolF_B1_R5_nitro,1,CoolS/CoolF_nitro,pinus,pinus_strobus,,,,,,,,,,,,,,,,,,,,,,,,,
Pist_CoolS/CoolF_B2_R6_nitro,2,CoolS/CoolF_nitro,pinus,pinus_strobus,,,,,,,,,,,,,,,,,,,,,,,,,
Pist_CoolS/CoolF_B2_R7_nitro,2,CoolS/CoolF_nitro,pinus,pinus_strobus,,,,,,,,,,,,,,,,,,,,,,,,,
Pist_CoolS/CoolF_B2_R8_nitro,2,CoolS/CoolF_nitro,pinus,pinus_strobus,,,,,,,,,,,,,,,,,,,,,,,,,
Pist_CoolS/CoolF_B2_R9_nitro,2,CoolS/CoolF_nitro,pinus,pinus_strobus,,,,,,,,,,,,,,,,,,,,,,,,,
Pist_CoolS/CoolF_B2_R10_nitro,2,CoolS/CoolF_nitro,pinus,pinus_strobus,,,,,,,,,,,,,,,,,,,,,,,,,
Pist_CoolS/CoolF_B3_R11_nitro,3,CoolS/CoolF_nitro,pinus,pinus_strobus,,,,,,,,,,,,,,,,,,,,,,,,,
Pist_CoolS/CoolF_B3_R12_nitro,3,CoolS/CoolF_nitro,pinus,pinus_strobus,,,,,,,,,,,,,,,,,,,,,,,,,
Pist_CoolS/CoolF_B3_R13_nitro,3,CoolS/CoolF_nitro,pinus,pinus_strobus,,,,,,,,,,,,,,,,,,,,,,,,,
Pist_CoolS/CoolF_B3_R14_nitro,3,CoolS/CoolF_nitro,pinus,pinus_strobus,,,,,,,,,,,,,,,,,,,,,,,,,
Pist_CoolS/CoolF_B3_R15_nitro,3,CoolS/CoolF_nitro,pinus,pinus_strobus,,,,,,,,,,,,,,,,,,,,,,,,,
Pist_CoolS/WarmF_B1_R1,1,CoolS/WarmF,pinus,pinus_strobus,,,,,,,,,,,,,,,,,,,,,,,,,
Pist_CoolS/WarmF_B1_R2,1,CoolS/WarmF,pinus,pinus_strobus,,,,,,,,,,,,,,,,,,,,,,,,,
Pist_CoolS/WarmF_B1_R3,1,CoolS/WarmF,pinus,pinus_strobus,,,,,,,,,,,,,,,,,,,,,,,,,
Pist_CoolS/WarmF_B1_R4,1,CoolS/WarmF,pinus,pinus_strobus,,,,,,,,,,,,,,,,,,,,,,,,,
Pist_CoolS/WarmF_B1_R5,1,CoolS/WarmF,pinus,pinus_strobus,,,,,,,,,,,,,,,,,,,,,,,,,
Pist_CoolS/WarmF_B2_R6,2,CoolS/WarmF,pinus,pinus_strobus,,,,,,,,,,,,,,,,,,,,,,,,,
Pist_CoolS/WarmF_B2_R7,2,CoolS/WarmF,pinus,pinus_strobus,,,,,,,,,,,,,,,,,,,,,,,,,
Pist_CoolS/WarmF_B2_R8,2,CoolS/WarmF,pinus,pinus_strobus,,,,,,,,,,,,,,,,,,,,,,,,,
Pist_CoolS/WarmF_B2_R9,2,CoolS/WarmF,pinus,pinus_strobus,,,,,,,,,,,,,,,,,,,,,,,,,
Pist_CoolS/WarmF_B2_R10,2,CoolS/WarmF,pinus,pinus_strobus,,,,,,,,,,,,,,,,,,,,,,,,,
Pist_CoolS/WarmF_B3_R11,3,CoolS/WarmF,pinus,pinus_strobus,,,,,,,,,,,,,,,,,,,,,,,,,
Pist_CoolS/WarmF_B3_R12,3,CoolS/WarmF,pinus,pinus_strobus,,,,,,,,,,,,,,,,,,,,,,,,,
Pist_CoolS/WarmF_B3_R13,3,CoolS/WarmF,pinus,pinus_strobus,,,,,,,,,,,,,,,,,,,,,,,,,
Pist_CoolS/WarmF_B3_R14,3,CoolS/WarmF,pinus,pinus_strobus,,,,,,,,,,,,,,,,,,,,,,,,,
Pist_CoolS/WarmF_B3_R15,3,CoolS/WarmF,pinus,pinus_strobus,,,,,,,,,,,,,,,,,,,,,,,,,
Pist_WarmS/CoolF_B1_R1,1,WarmS/CoolF,pinus,pinus_strobus,,,,,,,,,,,,,,,,,,,,,,,,,
Pist_WarmS/CoolF_B1_R2,1,WarmS/CoolF,pinus,pinus_strobus,,,,,,,,,,,,,,,,,,,,,,,,,
Pist_WarmS/CoolF_B1_R3,1,WarmS/CoolF,pinus,pinus_strobus,,,,,,,,,,,,,,,,,,,,,,,,,
Pist_WarmS/CoolF_B1_R4,1,WarmS/CoolF,pinus,pinus_strobus,,,,,,,,,,,,,,,,,,,,,,,,,
Pist_WarmS/CoolF_B1_R5,1,WarmS/CoolF,pinus,pinus_strobus,,,,,,,,,,,,,,,,,,,,,,,,,
Pist_WarmS/CoolF_B2_R6,2,WarmS/CoolF,pinus,pinus_strobus,,,,,,,,,,,,,,,,,,,,,,,,,
Pist_WarmS/CoolF_B2_R7,2,WarmS/CoolF,pinus,pinus_strobus,,,,,,,,,,,,,,,,,,,,,,,,,
Pist_WarmS/CoolF_B2_R8,2,WarmS/CoolF,pinus,pinus_strobus,,,,,,,,,,,,,,,,,,,,,,,,,
Pist_WarmS/CoolF_B2_R9,2,WarmS/CoolF,pinus,pinus_strobus,,,,,,,,,,,,,,,,,,,,,,,,,
Pist_WarmS/CoolF_B2_R10,2,WarmS/CoolF,pinus,pinus_strobus,,,,,,,,,,,,,,,,,,,,,,,,,
Pist_WarmS/CoolF_B3_R11,3,WarmS/CoolF,pinus,pinus_strobus,,,,,,,,,,,,,,,,,,,,,,,,,
Pist_WarmS/CoolF_B3_R12,3,WarmS/CoolF,pinus,pinus_strobus,,,,,,,,,,,,,,,,,,,,,,,,,
Pist_WarmS/CoolF_B3_R13,3,WarmS/CoolF,pinus,pinus_strobus,,,,,,,,,,,,,,,,,,,,,,,,,
Pist_WarmS/CoolF_B3_R14,3,WarmS/CoolF,pinus,pinus_strobus,,,,,,,,,,,,,,,,,,,,,,,,,
Pist_WarmS/CoolF_B3_R15,3,WarmS/CoolF,pinus,pinus_strobus,,,,,,,,,,,,,,,,,,,,,,,,,
Pist_WarmS/WarmF_B1_R1,1,WarmS/WarmF,pinus,pinus_strobus,,,,,,,,,,,,,,,,,,,,,,,,,
Pist_WarmS/WarmF_B1_R2,1,WarmS/WarmF,pinus,pinus_strobus,,,,,,,,,,,,,,,,,,,,,,,,,
Pist_WarmS/WarmF_B1_R3,1,WarmS/WarmF,pinus,pinus_strobus,,,,,,,,,,,,,,,,,,,,,,,,,
Pist_WarmS/WarmF_B1_R4,1,WarmS/WarmF,pinus,pinus_strobus,,,,,,,,,,,,,,,,,,,,,,,,,
Pist_WarmS/WarmF_B1_R5,1,WarmS/WarmF,pinus,pinus_strobus,,,,,,,,,,,,,,,,,,,,,,,,,
Pist_WarmS/WarmF_B2_R6,2,WarmS/WarmF,pinus,pinus_strobus,,,,,,,,,,,,,,,,,,,,,,,,,
Pist_WarmS/WarmF_B2_R7,2,WarmS/WarmF,pinus,pinus_strobus,,,,,,,,,,,,,,,,,,,,,,,,,
Pist_WarmS/WarmF_B2_R8,2,WarmS/WarmF,pinus,pinus_strobus,,,,,,,,,,,,,,,,,,,,,,,,,
Pist_WarmS/WarmF_B2_R9,2,WarmS/WarmF,pinus,pinus_strobus,,,,,,,,,,,,,,,,,,,,,,,,,
Pist_WarmS/WarmF_B2_R10,2,WarmS/WarmF,pinus,pinus_strobus,,,,,,,,,,,,,,,,,,,,,,,,,
Pist_WarmS/WarmF_B3_R11,3,WarmS/WarmF,pinus,pinus_strobus,,,,,,,,,,,,,,,,,,,,,,,,,
Pist_WarmS/WarmF_B3_R12,3,WarmS/WarmF,pinus,pinus_strobus,,,,,,,,,,,,,,,,,,,,,,,,,
Pist_WarmS/WarmF_B3_R13,3,WarmS/WarmF,pinus,pinus_strobus,,,,,,,,,,,,,,,,,,,,,,,,,
Pist_WarmS/WarmF_B3_R14,3,WarmS/WarmF,pinus,pinus_strobus,,,,,,,,,,,,,,,,,,,,,,,,,
Pist_WarmS/WarmF_B3_R15,3,WarmS/WarmF,pinus,pinus_strobus,,,,,,,,,,,,,,,,,,,,,,,,,
Pist_WarmS/WarmF_B1_R1_nitro,1,WarmS/WarmF_nitro,pinus,pinus_strobus,,,,,,,,,,,,,,,,,,,,,,,,,
Pist_WarmS/WarmF_B1_R2_nitro,1,WarmS/WarmF_nitro,pinus,pinus_strobus,,,,,,,,,,,,,,,,,,,,,,,,,
Pist_WarmS/WarmF_B1_R3_nitro,1,WarmS/WarmF_nitro,pinus,pinus_strobus,,,,,,,,,,,,,,,,,,,,,,,,,
Pist_WarmS/WarmF_B1_R4_nitro,1,WarmS/WarmF_nitro,pinus,pinus_strobus,,,,,,,,,,,,,,,,,,,,,,,,,
Pist_WarmS/WarmF_B1_R5_nitro,1,WarmS/WarmF_nitro,pinus,pinus_strobus,,,,,,,,,,,,,,,,,,,,,,,,,
Pist_WarmS/WarmF_B2_R6_nitro,2,WarmS/WarmF_nitro,pinus,pinus_strobus,,,,,,,,,,,,,,,,,,,,,,,,,
Pist_WarmS/WarmF_B2_R7_nitro,2,WarmS/WarmF_nitro,pinus,pinus_strobus,,,,,,,,,,,,,,,,,,,,,,,,,
Pist_WarmS/WarmF_B2_R8_nitro,2,WarmS/WarmF_nitro,pinus,pinus_strobus,,,,,,,,,,,,,,,,,,,,,,,,,
Pist_WarmS/WarmF_B2_R9_nitro,2,WarmS/WarmF_nitro,pinus,pinus_strobus,,,,,,,,,,,,,,,,,,,,,,,,,
Pist_WarmS/WarmF_B2_R10_nitro,2,WarmS/WarmF_nitro,pinus,pinus_strobus,,,,,,,,,,,,,,,,,,,,,,,,,
Pist_WarmS/WarmF_B3_R11_nitro,3,WarmS/WarmF_nitro,pinus,pinus_strobus,,,,,,,,,,,,,,,,,,,,,,,,,
Pist_WarmS/WarmF_B3_R12_nitro,3,WarmS/WarmF_nitro,pinus,pinus_strobus,,,,,,,,,,,,,,,,,,,,,,,,,
Pist_WarmS/WarmF_B3_R13_nitro,3,WarmS/WarmF_nitro,pinus,pinus_strobus,,,,,,,,,,,,,,,,,,,,,,,,,
Pist_WarmS/WarmF_B3_R14_nitro,3,WarmS/WarmF_nitro,pinus,pinus_strobus,,,,,,,,,,,,,,,,,,,,,,,,,
Pist_WarmS/WarmF_B3_R15_nitro,3,WarmS/WarmF_nitro,pinus,pinus_strobus,,,,,,,,,,,,,,,,,,,,,,,,,
Poba_CoolS/CoolF_B1_R1,1,CoolS/CoolF,populus,populus_balsamifera,doy248:1 lateral branch dead,5,7.2,4.6,60,6.6,5.9,4.7,60,6.7,6.7,5,60,6.6,6.8,5.7,60,23.2,13.6,26.2,60,24.4,20.3,4,60
Poba_CoolS/CoolF_B1_R2,1,CoolS/CoolF,populus,populus_balsamifera,,6.2,6.2,5.5,90,7.5,4.8,3.8,70,7.5,7.5,8.2,60,5,9,5.2,60,32,21.3,12.4,50,27.7,14.6,2,50
Poba_CoolS/CoolF_B1_R3,1,CoolS/CoolF,populus,populus_balsamifera,,6.4,7.3,5,90,6.6,6.4,6.1,90,6.3,9.6,7.8,90,7.2,5.7,8.1,80,26.9,4.6,24.3,80,23.4,25,25.1,70
Poba_CoolS/CoolF_B1_R4,1,CoolS/CoolF,populus,populus_balsamifera,doy269: last percentage wrong?,7.8,4.4,2.6,80,8,3.1,3,70,8,4.6,2.5,60,7.9,3.8,1.9,50,31.9,17.2,9.6,50,31.3,8.6,15.4,60
Poba_CoolS/CoolF_B1_R5,1,CoolS/CoolF,populus,populus_balsamifera,doy269: last percentage wrong?,6.2,3,2.1,70,7.5,3.3,3.7,50,5.8,2.5,3.4,40,5,3.4,2.9,30,29.8,18.7,32.8,30,28.2,2.9,15.9,30
Poba_CoolS/CoolF_B2_R6,2,CoolS/CoolF,populus,populus_balsamifera,,7.7,6.6,10.8,80,8.8,10.8,11,70,9.3,1.6,4.7,70,9.4,3.9,9.6,50,32.5,13.8,7,50,30.2,24.2,19.3,50
Poba_CoolS/CoolF_B2_R7,2,CoolS/CoolF,populus,populus_balsamifera,,8.9,6.3,8.2,90,6.2,8.2,4.4,80,9.5,3.6,6.8,80,6.3,7.2,9.1,50,33.5,26,17.4,50,35,17.2,17.8,50
Poba_CoolS/CoolF_B2_R8,2,CoolS/CoolF,populus,populus_balsamifera,,7.3,6.2,8.3,90,7.5,6.9,9.3,90,9.2,1.5,6.7,90,13.1,8.8,4.6,60,30.3,20.7,21.9,60,31,26.5,19.6,60
Poba_CoolS/CoolF_B2_R9,2,CoolS/CoolF,populus,populus_balsamifera,,2.4,8.3,6.6,80,6.7,4.6,3.9,80,7.7,5.6,3.1,80,5.8,7.3,8.2,70,32.6,26,15,70,5.4,25.8,27.9,60
Poba_CoolS/CoolF_B2_R10,2,CoolS/CoolF,populus,populus_balsamifera,,6,12.3,5.5,70,13.7,6.4,6.8,70,9.6,6.4,8.4,70,6.6,15,6.2,60,20.1,37.9,23.7,50,1.7,19.2,29.6,50
Poba_CoolS/CoolF_B3_R11,3,CoolS/CoolF,populus,populus_balsamifera,doy269: no percent measures,5.4,7.7,6.5,90,6.6,8.3,5.8,90,6.1,7.1,5.2,90,7.4,8.3,6,na,29.7,33.4,17.9,80,29.4,15.8,19.1,70
Poba_CoolS/CoolF_B3_R12,3,CoolS/CoolF,populus,populus_balsamifera,doy255: dead,na,na,na,na,na,na,na,na,na,na,na,na,na,na,na,na,na,na,na,na,na,na,na,na
Poba_CoolS/CoolF_B3_R13,3,CoolS/CoolF,populus,populus_balsamifera,,6.5,1.8,5.4,70,8.3,3.6,6.7,70,10,4.8,2.7,70,11.5,8,6,70,23.5,25.7,25.4,60,28.8,17.6,28.8,40
Poba_CoolS/CoolF_B3_R14,3,CoolS/CoolF,populus,populus_balsamifera,,7.2,6.2,7.7,80,10.9,4.5,6.6,80,7.7,3.5,5.1,80,8.8,11.1,8.1,70,23.4,18.7,18.9,70,25.7,34,23.9,50
Poba_CoolS/CoolF_B3_R15,3,CoolS/CoolF,populus,populus_balsamifera,,10.7,10.6,9,90,12.5,10.1,8.4,90,9.9,9.2,7.3,90,12.4,6.9,10.9,90,24.5,37.2,19.6,70,38.3,25.4,23.6,60
Poba_CoolS/CoolF_B1_R1_nitro,1,CoolS/CoolF_nitro,populus,populus_balsamifera,,5.5,9.6,7.5,80,15.5,7.7,10,80,16.5,7.1,5.3,80,15.8,10,6,70,34.7,17.8,29,70,29.4,20.5,14.9,70
Poba_CoolS/CoolF_B1_R2_nitro,1,CoolS/CoolF_nitro,populus,populus_balsamifera,,4.4,4.5,7.6,90,6.5,5.8,8.8,90,11.9,6.4,6.1,80,11.3,6.8,5.6,70,14.1,25.5,33.3,70,34.5,18.5,25,70
Poba_CoolS/CoolF_B1_R3_nitro,1,CoolS/CoolF_nitro,populus,populus_balsamifera,,10.9,6.5,6.8,80,14.8,9.1,8.4,80,11,7.7,6.9,80,11.9,8.1,6.7,60,26,23.3,29.3,60,19.8,17.1,23.5,50
Poba_CoolS/CoolF_B1_R4_nitro,1,CoolS/CoolF_nitro,populus,populus_balsamifera,,10.6,7.1,10.6,80,13.3,5.7,6.3,80,4,9.2,4.5,70,10,13.2,9.1,50,40.9,28.8,28.2,50,32.6,22.4,20.7,50
Poba_CoolS/CoolF_B1_R5_nitro,1,CoolS/CoolF_nitro,populus,populus_balsamifera,,6.8,8.8,7,80,10.2,5.9,7,80,14.8,10,4.3,80,13.2,7.2,5.9,50,24.7,25.5,31.1,50,20.2,25.8,21.9,50
Poba_CoolS/CoolF_B2_R6_nitro,2,CoolS/CoolF_nitro,populus,populus_balsamifera,,11.5,4.6,5.9,80,11.1,13.1,5.5,80,5.2,8.6,6.1,80,6.8,8,6.8,60,25.5,18.1,21.6,50,16.1,15.5,23.9,40
Poba_CoolS/CoolF_B2_R7_nitro,2,CoolS/CoolF_nitro,populus,populus_balsamifera,,10.7,7.6,9.4,90,12.4,7.2,6.8,90,12,8.4,6.7,90,11.3,7.8,4.7,80,28.5,29.2,25.3,80,33.6,25.6,20.8,70
Poba_CoolS/CoolF_B2_R8_nitro,2,CoolS/CoolF_nitro,populus,populus_balsamifera,,10.4,10.7,6.3,90,11.9,12.1,6.1,90,7.8,11.8,6.8,90,5.5,115,11.1,80,25.5,28.2,9,70,20.2,32.6,37.5,60
Poba_CoolS/CoolF_B2_R9_nitro,2,CoolS/CoolF_nitro,populus,populus_balsamifera,,7,12.6,7.8,90,7.4,11.1,12.2,80,11.7,14.3,11.1,80,14.5,12.7,12.3,80,38.6,36.9,34.4,80,36,37.4,37.1,80
Poba_CoolS/CoolF_B2_R10_nitro,2,CoolS/CoolF_nitro,populus,populus_balsamifera,,6.4,8.3,7.9,80,10,7,6.4,70,10.7,6,5.3,70,12.7,7.9,6.4,70,29.1,25.4,21.6,70,37,24.6,29.1,70
Poba_CoolS/CoolF_B3_R11_nitro,3,CoolS/CoolF_nitro,populus,populus_balsamifera,,9.4,4.3,10.2,80,11.9,8,7.3,80,12.6,6.5,6.7,70,10.4,11.6,9.1,60,29.8,32.3,20.3,60,29.2,21.8,20.5,50
Poba_CoolS/CoolF_B3_R12_nitro,3,CoolS/CoolF_nitro,populus,populus_balsamifera,,5.6,6.4,7.2,80,7.2,11.9,4.2,80,8.3,4.3,9.2,80,10.1,9.9,4.2,70,37.4,18.5,27.8,70,34.9,36.3,19.5,70
Poba_CoolS/CoolF_B3_R13_nitro,3,CoolS/CoolF_nitro,populus,populus_balsamifera,,8.8,9.4,7.5,90,9.9,18,4.5,90,13.8,6.4,9,80,11.8,9.5,16,70,36.2,28.2,33.4,70,39.3,29.4,22,50
Poba_CoolS/CoolF_B3_R14_nitro,3,CoolS/CoolF_nitro,populus,populus_balsamifera,,7.7,4.2,8.5,90,9.9,10.2,5.3,90,11.1,6.8,7,80,8.7,8.4,8.2,70,27.7,24.7,17.5,60,19.9,27.6,2.3,40
Poba_CoolS/CoolF_B3_R15_nitro,3,CoolS/CoolF_nitro,populus,populus_balsamifera,,6,11.4,8.5,95,9.8,8.2,8.8,90,13.3,9.9,8.9,80,10.6,12.8,13.9,80,32.1,18.4,29.4,70,29.4,25.9,9.5,50
Poba_CoolS/WarmF_B1_R1,1,CoolS/WarmF,populus,populus_balsamifera,,6.3,4.4,5.2,80,9.2,2.6,6.4,80,8.2,6,2.9,70,,,,60,24.8,28.4,27.7,60,28,14.6,13.6,60
Poba_CoolS/WarmF_B1_R2,1,CoolS/WarmF,populus,populus_balsamifera,,7.8,4.8,6.7,80,8.1,8.2,4.5,80,7.2,5.9,8.1,80,,,,70,26.5,20.8,20.8,60,19.1,18.3,26.9,60
Poba_CoolS/WarmF_B1_R3,1,CoolS/WarmF,populus,populus_balsamifera,,7.9,9.9,10.2,90,5.7,7.7,8.6,90,6.2,5.6,9.7,90,,,,80,29.6,29.9,24.9,70,23.3,25.5,28.8,70
Poba_CoolS/WarmF_B1_R4,1,CoolS/WarmF,populus,populus_balsamifera,,10.2,8.4,8.9,90,9,11.1,8.8,90,9.6,10.5,7.3,90,,,,70,21.2,26.2,28.2,70,30.5,25.8,2.4,70
Poba_CoolS/WarmF_B1_R5,1,CoolS/WarmF,populus,populus_balsamifera,,7.7,6.9,6.3,90,11.1,6.1,6.6,90,7.2,6.9,8.2,90,,,,80,20.5,21,23,80,30.5,6.9,28.4,80
Poba_CoolS/WarmF_B2_R6,2,CoolS/WarmF,populus,populus_balsamifera,,9.1,1.5,8.9,80,10.7,8,3.8,80,6.5,5.8,5.6,70,,,,60,30.1,10.1,29.9,60,13.1,28,29.6,50
Poba_CoolS/WarmF_B2_R7,2,CoolS/WarmF,populus,populus_balsamifera,,5.1,8.2,7,80,7.9,8.9,2.5,80,8.9,4.3,6.6,80,,,,70,28.4,21.2,17.2,60,24.8,22.1,23.1,60
Poba_CoolS/WarmF_B2_R8,2,CoolS/WarmF,populus,populus_balsamifera,,7.3,11.8,6.6,90,7,4.2,7.5,80,5,7,7.3,80,,,,70,21.1,21.4,21.6,60,21.7,20.3,22.1,60
Poba_CoolS/WarmF_B2_R9,2,CoolS/WarmF,populus,populus_balsamifera,,10.5,10,8.7,90,10.7,3.8,8.3,80,9.9,4.1,7.6,80,,,,80,32.2,38.3,26,70,40.1,25.1,29.8,70
Poba_CoolS/WarmF_B2_R10,2,CoolS/WarmF,populus,populus_balsamifera,,5.4,6.8,6,90,4.8,3.2,6.3,90,7.4,4.6,7.7,80,,,,70,28.2,19.1,20.2,60,19,19.7,25.8,60
Poba_CoolS/WarmF_B3_R11,3,CoolS/WarmF,populus,populus_balsamifera,,8.6,7.8,4.6,80,7.3,3.7,10,80,6.9,7.1,3.1,70,,,,60,25.9,13.5,24.5,50,23.9,28.4,34.7,50
Poba_CoolS/WarmF_B3_R12,3,CoolS/WarmF,populus,populus_balsamifera,,5.9,6,6.1,80,5.8,7.1,4.8,80,5.9,3.9,4.3,70,,,,60,21,23.6,21.8,60,23.7,19.7,23.6,60
Poba_CoolS/WarmF_B3_R13,3,CoolS/WarmF,populus,populus_balsamifera,,5.4,6.8,7.5,80,8.1,8.5,6.2,80,6,5.7,6.9,70,,,,50,25.2,23.9,21.1,40,27.1,26.7,23.8,30
Poba_CoolS/WarmF_B3_R14,3,CoolS/WarmF,populus,populus_balsamifera,,6.1,5.3,2.8,90,6.6,5,6.1,90,5.5,4.4,4.7,90,,,,70,22.7,17.4,24.1,70,15.8,26.3,21.7,70
Poba_CoolS/WarmF_B3_R15,3,CoolS/WarmF,populus,populus_balsamifera,,7.4,5.6,7.2,90,9.5,9.4,5.3,80,8.5,7.9,3.9,80,,,,70,28,27.9,19.6,70,28.1,27.5,1.4,60
Poba_WarmS/CoolF_B1_R1,1,WarmS/CoolF,populus,populus_balsamifera,,7.9,6.3,7.4,90,10.5,7.2,3.2,90,11.9,2.2,6.7,80,7,3.5,6.8,60,23.6,25.8,8,60,23.4,17.2,2.5,50
Poba_WarmS/CoolF_B1_R2,1,WarmS/CoolF,populus,populus_balsamifera,,7.6,7.3,7.2,80,8.1,7.9,6.6,80,10,3.5,6.1,80,7.1,6.9,5.7,70,25.7,26.9,15.4,60,22.4,19.1,21.3,50
Poba_WarmS/CoolF_B1_R3,1,WarmS/CoolF,populus,populus_balsamifera,,7.8,9.1,9.1,90,8.5,7.4,4.7,90,8.9,7.4,7.9,80,9,7.5,4.5,70,8.6,18.3,17.7,70,31.3,27.6,8.7,60
Poba_WarmS/CoolF_B1_R4,1,WarmS/CoolF,populus,populus_balsamifera,,7.5,7.1,8.8,90,8.3,9.7,9.4,90,9.1,5.2,11.2,90,9.5,6.5,7.9,80,33.9,26.6,30.9,80,32,5,17.6,80
Poba_WarmS/CoolF_B1_R5,1,WarmS/CoolF,populus,populus_balsamifera,,7,7.2,3.7,90,8.1,6.9,5.3,90,9,2.1,7.3,90,7.8,9.6,7.9,90,25,28.7,25.5,90,31.7,24.5,3.9,80
Poba_WarmS/CoolF_B2_R6,2,WarmS/CoolF,populus,populus_balsamifera,,na,na,na,na,na,na,na,na,na,na,na,na,na,na,na,na,na,na,na,na,na,na,na,na
Poba_WarmS/CoolF_B2_R7,2,WarmS/CoolF,populus,populus_balsamifera,,14.2,6.2,10.2,80,10.2,12.3,7.4,80,1.4,8.5,17.7,80,13.3,16.3,9.3,60,38.9,22.1,16.9,60,37.7,24.5,9.7,50
Poba_WarmS/CoolF_B2_R8,2,WarmS/CoolF,populus,populus_balsamifera,,na,na,na,na,na,na,na,na,na,na,na,na,na,na,na,na,na,na,na,na,na,na,na,na
Poba_WarmS/CoolF_B2_R9,2,WarmS/CoolF,populus,populus_balsamifera,,7.9,8.3,1.2,80,9.4,7.4,4,70,4.3,10.7,5.4,70,10.4,5.9,1.4,40,30.6,23.3,15.3,40,26.7,16.4,13.4,30
Poba_WarmS/CoolF_B2_R10,2,WarmS/CoolF,populus,populus_balsamifera,,6.9,6.9,8.2,80,7.4,2.8,11.1,80,8.7,1.3,7.6,80,6.7,5.6,6.6,70,38.1,13.8,8.9,70,36.5,18.6,29.3,60
Poba_WarmS/CoolF_B3_R11,3,WarmS/CoolF,populus,populus_balsamifera,,7.7,9.2,9.6,95,12.4,11.2,5.2,70,4.9,4.9,12.3,50,4.1,9.7,2.2,40,21.3,21.4,32.9,30,16.5,19.2,16.5,10
Poba_WarmS/CoolF_B3_R12,3,WarmS/CoolF,populus,populus_balsamifera,,5.1,10,7.8,90,7,9.4,7.1,90,7.6,8.9,6.5,80,6.6,1.3,7.3,60,28.3,24.1,26.3,50,30.5,19,3.1,20
Poba_WarmS/CoolF_B3_R13,3,WarmS/CoolF,populus,populus_balsamifera,,7.8,7.5,7,90,7,4.4,7.7,80,8.3,3.8,5.9,80,7.2,6.4,6.5,60,26.2,16,21.1,60,7.3,31,14.6,50
Poba_WarmS/CoolF_B3_R14,3,WarmS/CoolF,populus,populus_balsamifera,,8.9,16.2,7.4,90,13.5,14,14.6,90,12.9,9.7,2,80,8.4,10.2,9.9,70,31.6,36.3,17.5,60,21.2,36.7,18,60
Poba_WarmS/CoolF_B3_R15,3,WarmS/CoolF,populus,populus_balsamifera,three branches died because of herbivory,3.8,8.5,10,20,2.9,8.5,9.4,20,3.2,2.9,11,20,2.8,2.5,4.8,20,9.4,9.1,20.3,20,9.8,7.1,22.5,20
Poba_WarmS/WarmF_B1_R1,1,WarmS/WarmF,populus,populus_balsamifera,,7.5,8.2,11.3,90,10.7,6.8,4.8,80,8,1.3,8.2,80,,,,70,24.6,18.8,15.2,70,21.7,25.6,33.5,70
Poba_WarmS/WarmF_B1_R2,1,WarmS/WarmF,populus,populus_balsamifera,,10.3,9.7,8.5,90,2.6,10.4,8.9,90,8.9,5.7,10.3,90,,,,80,24.9,19.6,23.3,70,30.1,23.9,25.3,60
Poba_WarmS/WarmF_B1_R3,1,WarmS/WarmF,populus,populus_balsamifera,,8.5,9.1,7,80,1.2,7.2,9.3,80,9.6,2.1,6.2,70,,,,70,21.1,17.1,25.2,70,21.4,26.4,26.4,60
Poba_WarmS/WarmF_B1_R4,1,WarmS/WarmF,populus,populus_balsamifera,,13.6,11.2,10.1,90,13.1,9.1,9.5,90,8.6,12.1,3.2,80,,,,70,29.8,24.1,31.5,70,23.9,25,32.7,70
Poba_WarmS/WarmF_B1_R5,1,WarmS/WarmF,populus,populus_balsamifera,,5.3,9.1,5.2,70,4.4,4.6,8,70,4.2,4.3,7.1,70,,,,70,26.1,25,16.5,60,25,23.4,14.5,60
Poba_WarmS/WarmF_B2_R6,2,WarmS/WarmF,populus,populus_balsamifera,,9,8.7,6.6,90,7.4,8.8,6.3,80,6.1,6.9,7.8,80,,,,70,21.1,26.6,14.4,70,18.1,17.2,19.6,50
Poba_WarmS/WarmF_B2_R7,2,WarmS/WarmF,populus,populus_balsamifera,,4.7,6.6,10.6,80,5.3,6.5,14.3,80,5,8.3,8.1,80,,,,70,31.7,19.8,24,70,26.9,26.2,14.1,70
Poba_WarmS/WarmF_B2_R8,2,WarmS/WarmF,populus,populus_balsamifera,,11.5,13.8,13.5,80,3.4,7.7,8.7,80,7.2,5.7,1.7,70,,,,60,33,35.4,26.6,60,30.4,22.8,22.2,60
Poba_WarmS/WarmF_B2_R9,2,WarmS/WarmF,populus,populus_balsamifera,,9.8,4.1,8.9,70,8,5.5,8,70,2.8,4.3,7.1,60,,,,50,25.3,6.5,24.3,40,21.3,26.6,2.8,30
Poba_WarmS/WarmF_B2_R10,2,WarmS/WarmF,populus,populus_balsamifera,,10.6,8.2,8.2,80,9.1,7,7.9,80,4.7,7.6,8.5,70,,,,60,32.7,24.6,21.9,60,25.4,28.5,20.5,60
Poba_WarmS/WarmF_B3_R11,3,WarmS/WarmF,populus,populus_balsamifera,,20,7.8,7.1,80,21.2,8.7,8.7,80,10.2,6.9,9.2,80,,,,70,27.3,28.3,26.9,70,33.6,27.5,20.8,60
Poba_WarmS/WarmF_B3_R12,3,WarmS/WarmF,populus,populus_balsamifera,sick,6.7,4.7,6.5,10,6.2,5.3,7.2,10,3.2,6.3,5.5,5,,,,5,28,13.2,19.1,5,14.6,13.6,24.3,5
Poba_WarmS/WarmF_B3_R13,3,WarmS/WarmF,populus,populus_balsamifera,,5.9,4.9,8.2,80,4.4,4,5.6,70,3.5,1.2,8.2,70,,,,50,20.3,25.5,19.7,50,37.7,25.5,18.5,50
Poba_WarmS/WarmF_B3_R14,3,WarmS/WarmF,populus,populus_balsamifera,,9.4,7,7.9,90,9.7,9.7,7.6,80,8.2,2.2,8.4,70,,,,60,23.9,28.5,27,60,27.3,24.8,29.2,60
Poba_WarmS/WarmF_B3_R15,3,WarmS/WarmF,populus,populus_balsamifera,,6.3,8.6,4.7,80,7.6,12.8,6.3,80,5.4,6.6,5.9,70,,,,60,24.3,21.6,27.6,60,21.9,19.1,22.1,50
Poba_WarmS/WarmF_B1_R1_nitro,1,WarmS/WarmF_nitro,populus,populus_balsamifera,,12.3,4.7,7.5,80,10.3,7,4.4,70,6,9,7.3,70,,,,70,25,21.3,26.4,70,15,32.5,21.7,70
Poba_WarmS/WarmF_B1_R2_nitro,1,WarmS/WarmF_nitro,populus,populus_balsamifera,,7.3,9.4,8.6,80,6.1,7.1,7.8,80,6,9.3,6.2,80,,,,80,23.5,20.7,26.5,70,25.3,21.5,23.5,70
Poba_WarmS/WarmF_B1_R3_nitro,1,WarmS/WarmF_nitro,populus,populus_balsamifera,,6.5,1.2,7.8,70,4.2,5.2,1.5,60,9.9,7.1,6.3,60,,,,60,26.8,22.7,33,50,20.4,19.5,33.7,40
Poba_WarmS/WarmF_B1_R4_nitro,1,WarmS/WarmF_nitro,populus,populus_balsamifera,,10.2,7.4,7,50,5.4,4.2,8.3,50,6.3,12.8,4.2,50,,,,50,33.1,39.3,33.4,50,29.3,29.6,32.9,50
Poba_WarmS/WarmF_B1_R5_nitro,1,WarmS/WarmF_nitro,populus,populus_balsamifera,,6.5,1.4,6.7,60,7.3,6.8,5.5,60,6.4,7.7,5.5,50,,,,50,22.8,25.3,20.4,50,16,30.9,16.2,50
Poba_WarmS/WarmF_B2_R6_nitro,2,WarmS/WarmF_nitro,populus,populus_balsamifera,,8.4,9.5,9.4,80,3.9,8.9,11.5,80,9.6,8.8,9.3,80,,,,70,29.5,21.3,23.9,70,31.6,30.7,28.4,70
Poba_WarmS/WarmF_B2_R7_nitro,2,WarmS/WarmF_nitro,populus,populus_balsamifera,,9,9.9,5.1,90,4.6,10,7.6,80,9.2,8.1,12,80,,,,70,29.6,33.6,13.6,70,20.5,10.9,39.2,70
Poba_WarmS/WarmF_B2_R8_nitro,2,WarmS/WarmF_nitro,populus,populus_balsamifera,,10.2,11.2,10.9,80,10.3,5.1,7.7,80,6.5,14.8,9.9,80,,,,80,31.5,33.9,27.8,80,39.6,30.4,29.8,70
Poba_WarmS/WarmF_B2_R9_nitro,2,WarmS/WarmF_nitro,populus,populus_balsamifera,,na,na,na,na,na,na,na,na,na,na,na,na,,,,na,na,na,na,na,na,na,na,na
Poba_WarmS/WarmF_B2_R10_nitro,2,WarmS/WarmF_nitro,populus,populus_balsamifera,,5.8,11.7,5.2,80,7.9,10.3,3.6,70,7.7,10.4,7.7,60,,,,60,26.5,22.7,30.2,60,28.2,28.8,9.7,50
Poba_WarmS/WarmF_B3_R11_nitro,3,WarmS/WarmF_nitro,populus,populus_balsamifera,,7.5,7.5,9.1,80,9.2,11.4,11,80,9.3,10.7,11.9,80,,,,70,25.4,31.4,37.2,70,30.8,40.4,20.2,70
Poba_WarmS/WarmF_B3_R12_nitro,3,WarmS/WarmF_nitro,populus,populus_balsamifera,,7.7,13.7,6.4,80,10.2,6.6,4.3,80,17.6,8.9,7,80,,,,70,39.1,39.2,31.2,70,31.3,28,6.3,50
Poba_WarmS/WarmF_B3_R13_nitro,3,WarmS/WarmF_nitro,populus,populus_balsamifera,,9.7,3.9,10.3,80,13,9.2,3.7,80,12.8,6.8,8.8,70,,,,70,39.9,31,32.3,70,32.6,35.2,21.8,50
Poba_WarmS/WarmF_B3_R14_nitro,3,WarmS/WarmF_nitro,populus,populus_balsamifera,,11.7,6.3,7.1,90,10.5,5.6,7.6,90,10.4,7.3,5.7,80,,,,70,30.6,31.6,15.5,50,24.5,21.3,21.6,50
Poba_WarmS/WarmF_B3_R15_nitro,3,WarmS/WarmF_nitro,populus,populus_balsamifera,,6.4,5.4,7.4,90,10.4,6.4,12.8,90,8.5,5.5,8.6,80,,,,60,28.2,26.2,28.1,60,19.7,27.4,30.5,40
Prvi_CoolS/CoolF_B1_R1,1,CoolS/CoolF,prunus,prunus_virginiana,,8.4,10.3,7.5,80,6.9,7.3,13.5,70,7.1,5.9,9.3,60,2.3,2.2,2,30,21.3,14,19.8,20,22,6.3,6.2,5
Prvi_CoolS/CoolF_B1_R2,1,CoolS/CoolF,prunus,prunus_virginiana,,11.9,2.6,10.7,95,11.8,9.2,9.7,90,9.9,8.8,4.4,70,6.5,8.5,4.3,60,22.1,24.7,26,50,13.8,9.9,8,20
Prvi_CoolS/CoolF_B1_R3,1,CoolS/CoolF,prunus,prunus_virginiana,,10.7,12.4,11.9,90,9.8,11.8,10,90,10.6,12.3,11.4,80,11.8,10.1,9.8,80,34.1,22.1,29.3,70,2.6,18.6,17.1,50
Prvi_CoolS/CoolF_B1_R4,1,CoolS/CoolF,prunus,prunus_virginiana,doy283: cant measure chl,7.6,6.1,7,95,6,7.7,7.9,90,4.8,5.4,7.7,70,6.2,6.3,5.8,50,16.1,19.7,18,40,na,na,na,5
Prvi_CoolS/CoolF_B1_R5,1,CoolS/CoolF,prunus,prunus_virginiana,,1.8,6.4,4.5,95,3.8,3.2,4,90,3.2,4.6,5.9,70,3.2,4.4,5.8,60,10.9,15.6,20.3,40,15.4,6.2,8.1,10
Prvi_CoolS/CoolF_B2_R6,2,CoolS/CoolF,prunus,prunus_virginiana,,13.3,13.9,16.4,95,10.8,13.5,14.7,90,6,9.3,14.1,90,11.2,11.1,8.9,80,26.7,15.9,25.2,60,8.4,17.3,20.8,40
Prvi_CoolS/CoolF_B2_R7,2,CoolS/CoolF,prunus,prunus_virginiana,doy283: no green leaves,4.6,4.8,4,5,3.8,4.5,4.5,5,3.9,3.9,3.6,5,3.4,3.5,3.4,5,15,1.1,13.7,5,na,na,na,5
Prvi_CoolS/CoolF_B2_R8,2,CoolS/CoolF,prunus,prunus_virginiana,,13.2,16,10.4,70,14.6,12.7,9.5,70,11.3,11.7,8.4,60,8.7,8.3,6.3,30,24.9,20.2,15.4,10,23.3,23.7,23.3,5
Prvi_CoolS/CoolF_B2_R9,2,CoolS/CoolF,prunus,prunus_virginiana,,7.6,9.1,7.9,100,8,8.1,8.3,100,4.8,7.5,7.4,95,6.5,7.6,6.9,90,25,4.2,18.8,60,9.7,1.5,17.7,10
Prvi_CoolS/CoolF_B2_R10,2,CoolS/CoolF,prunus,prunus_virginiana,doy283: no green leaves,12.4,11.4,7.8,90,4.6,8.3,10.6,90,6.1,11.1,10.2,70,8.7,8.3,9,70,21.1,13.4,18.1,50,na,na,na,0
Prvi_CoolS/CoolF_B3_R11,3,CoolS/CoolF,prunus,prunus_virginiana,"doy255: previous measure percem, doy276: last leaves fell",6.8,7,6.8,30,6,6.7,5.9,50,6.1,5.6,7.7,30,1,3.8,4.4,5,na,na,na,0,na,na,na,0
Prvi_CoolS/CoolF_B3_R12,3,CoolS/CoolF,prunus,prunus_virginiana,"nt wrong, doy276: last leaves fell",2.7,2.6,3.7,80,2.2,7.5,2.5,20,2.1,12,3.1,5,4.2,2.9,2.2,5,na,na,na,0,na,na,na,0
Prvi_CoolS/CoolF_B3_R13,3,CoolS/CoolF,prunus,prunus_virginiana,doy248:barely dead measurement on only one leaf that fell after measure; doy255: no leaves,4.5,4.5,4.5,5,na,na,na,0,na,na,na,na,na,na,na,na,na,na,na,0,na,na,na,0
Prvi_CoolS/CoolF_B3_R14,3,CoolS/CoolF,prunus,prunus_virginiana,dead,na,na,na,na,na,na,na,0,na,na,na,0,na,na,na,na,na,na,na,0,na,na,na,0
Prvi_CoolS/CoolF_B3_R15,3,CoolS/CoolF,prunus,prunus_virginiana,doy276: no green leaves; doy283: last leaves fell,13.9,15.8,10.3,90,10.6,11.6,13.3,90,11.1,13.1,2.7,70,5.8,7.6,6,60,na,na,na,0,na,na,na,0
Prvi_CoolS/CoolF_B1_R1_nitro,1,CoolS/CoolF_nitro,prunus,prunus_virginiana,doy283: cant measure chl,8.1,7,6.7,70,6.9,7.5,8.1,40,6.8,7,6.2,20,2.2,4.3,6.3,10,17.9,20,23.1,5,na,na,na,5
Prvi_CoolS/CoolF_B1_R2_nitro,1,CoolS/CoolF_nitro,prunus,prunus_virginiana,,9.9,12.4,10.7,80,12.5,12.5,5.1,80,10.1,8.7,11.3,60,8.3,3.9,3.1,60,23.1,24.2,24,50,14.7,26.7,27.3,40
Prvi_CoolS/CoolF_B1_R3_nitro,1,CoolS/CoolF_nitro,prunus,prunus_virginiana,,4.9,2.5,6.4,80,11.8,8.4,16.6,80,9.3,6.8,2.5,50,1.3,3.3,4.9,50,25,36.4,26.4,40,23.7,23.1,22.8,20
Prvi_CoolS/CoolF_B1_R4_nitro,1,CoolS/CoolF_nitro,prunus,prunus_virginiana,doy283: last leaves fell,9.3,12.5,9,90,7.4,7.6,10.4,70,4.5,6.2,9.9,60,4.8,8.1,5.3,40,20.6,16.4,12.4,20,na,na,na,0
Prvi_CoolS/CoolF_B1_R5_nitro,1,CoolS/CoolF_nitro,prunus,prunus_virginiana,doy283: last leaves fell,14.4,5.8,10.8,70,12.1,7.5,8.2,60,6.2,12.8,7.6,50,6,10.3,5.5,50,14.6,11.7,19.8,40,na,na,na,0
Prvi_CoolS/CoolF_B2_R6_nitro,2,CoolS/CoolF_nitro,prunus,prunus_virginiana,doy248: barely dead no leaf remaining,na,na,na,na,na,na,na,na,na,na,na,na,na,na,na,0,na,na,na,0,na,na,na,0
Prvi_CoolS/CoolF_B2_R7_nitro,2,CoolS/CoolF_nitro,prunus,prunus_virginiana,doy248: barely dead no leaf remaining,na,na,na,na,na,na,na,na,na,na,na,na,na,na,na,0,na,na,na,0,na,na,na,0
Prvi_CoolS/CoolF_B2_R8_nitro,2,CoolS/CoolF_nitro,prunus,prunus_virginiana,doy283: last leaves fell,3.6,7.2,3.5,20,3.4,3.4,4.7,20,3.1,5.2,4.2,10,3.4,1.7,2.6,10,5.2,13.8,16.8,10,na,na,na,0
Prvi_CoolS/CoolF_B2_R9_nitro,2,CoolS/CoolF_nitro,prunus,prunus_virginiana,doy283: last leaves fell,9.1,8,9.5,90,4.3,8,8,80,4.7,3.3,4.5,60,1.7,3.9,3.8,50,14.1,20.8,18.1,20,na,na,na,0
Prvi_CoolS/CoolF_B2_R10_nitro,2,CoolS/CoolF_nitro,prunus,prunus_virginiana,doy155:POPLAR IN THE POT . I cut the stem. Roots still inside,8.5,16.4,6.7,95,6.4,6,9.6,70,8.8,6.9,7.6,60,5,4.1,5.3,60,14.5,14.2,16.4,40,4.8,1.1,15,30
Prvi_CoolS/CoolF_B3_R11_nitro,3,CoolS/CoolF_nitro,prunus,prunus_virginiana,dead,na,na,na,na,na,na,na,na,na,na,na,na,na,na,na,na,na,na,na,na,na,na,na,0
Prvi_CoolS/CoolF_B3_R12_nitro,3,CoolS/CoolF_nitro,prunus,prunus_virginiana,doy276: last leaves fell,9.7,8.5,7.6,60,6.9,9,8.7,60,11.4,5.1,8.6,20,6,6,6.1,10,na,na,na,0,na,na,na,0
Prvi_CoolS/CoolF_B3_R13_nitro,3,CoolS/CoolF_nitro,prunus,prunus_virginiana,doy276: last leaves fell,9.3,10.6,5.8,60,8.3,8.7,7.2,60,5.7,5.4,8.1,60,1,4.5,1.3,40,na,na,na,0,na,na,na,0
Prvi_CoolS/CoolF_B3_R14_nitro,3,CoolS/CoolF_nitro,prunus,prunus_virginiana,doy283: last leaves fell,7.8,4.1,7.2,70,4.5,7,6,70,7.3,5.8,4.1,60,6.8,5.9,5.2,60,16,15.9,10.8,20,na,na,na,0
Prvi_CoolS/CoolF_B3_R15_nitro,3,CoolS/CoolF_nitro,prunus,prunus_virginiana,doy283: last leaves fell,15.1,17.8,14.4,90,14.7,17.3,15.1,90,10.2,15.8,14.4,70,13.7,12.4,12.6,50,18.6,28.7,31.3,20,na,na,na,0
Prvi_CoolS/WarmF_B1_R1,1,CoolS/WarmF,prunus,prunus_virginiana,,16.5,13.7,13.9,80,12,13.2,7.3,80,9.3,9.5,5.8,30,,,,30,21.1,23.9,19.1,20,,,,10
Prvi_CoolS/WarmF_B1_R2,1,CoolS/WarmF,prunus,prunus_virginiana,,7,6,5.5,90,4.9,5.2,4.7,70,4.2,4.3,3,30,,,,20,13.7,7.9,12.6,10,,,,10
Prvi_CoolS/WarmF_B1_R3,1,CoolS/WarmF,prunus,prunus_virginiana,,15.8,11.6,11.3,90,8.9,10.7,13.3,80,6.7,8.7,4.5,80,,,,60,25.7,14.8,13.4,40,,,,20
Prvi_CoolS/WarmF_B1_R4,1,CoolS/WarmF,prunus,prunus_virginiana,,7.7,10,6.4,80,14,6.8,6.7,80,2.4,7.6,1.9,40,,,,40,16.9,22.2,17.7,40,,,,30
Prvi_CoolS/WarmF_B1_R5,1,CoolS/WarmF,prunus,prunus_virginiana,,9.2,6.8,9.4,100,6.6,5.8,5.9,80,4.9,4.8,4.5,80,,,,50,13.8,13.8,11.6,30,,,,10
Prvi_CoolS/WarmF_B2_R6,2,CoolS/WarmF,prunus,prunus_virginiana,dead,na,na,na,na,na,na,na,na,na,na,na,na,,,,na,na,na,na,na,,,,na
Prvi_CoolS/WarmF_B2_R7,2,CoolS/WarmF,prunus,prunus_virginiana,,4.6,4.2,4.5,100,3.3,3.4,3.8,90,2.5,2.2,2.5,70,,,,30,5.1,5.1,4.5,20,,,,10
Prvi_CoolS/WarmF_B2_R8,2,CoolS/WarmF,prunus,prunus_virginiana,doy283: last leaves fell,2.7,2.1,2.5,5,2.6,1.1,2.3,5,2.3,1.9,1.3,5,,,,5,na,na,na,5,,,,0
Prvi_CoolS/WarmF_B2_R9,2,CoolS/WarmF,prunus,prunus_virginiana,doy276: last leaves fell,4.8,5.3,4.7,20,3.6,4.6,4.7,10,2.3,2.2,3,5,,,,0,na,na,na,0,,,,0
Prvi_CoolS/WarmF_B2_R10,2,CoolS/WarmF,prunus,prunus_virginiana,doy262: no green leaves,9.1,8.9,5.6,10,6,6,7.1,5,na,na,na,0,,,,0,na,na,na,0,,,,0
Prvi_CoolS/WarmF_B3_R11,3,CoolS/WarmF,prunus,prunus_virginiana,doy276: last leaves fell,7.3,7,4.7,90,4.8,3.7,3.7,50,2.8,2.6,1.3,30,,,,5,na,na,na,0,,,,0
Prvi_CoolS/WarmF_B3_R12,3,CoolS/WarmF,prunus,prunus_virginiana,doy276: last leaves fell,4,3.3,3.6,30,3.6,4.9,2.7,10,2.9,1.2,1.3,5,,,,5,na,na,na,0,,,,0
Prvi_CoolS/WarmF_B3_R13,3,CoolS/WarmF,prunus,prunus_virginiana,doy255: measurement considers both shoots,7.2,7.6,9.4,90,5.8,4.7,3.4,60,6.7,4.4,4.6,50,,,,50,13.4,12,17.1,30,,,,10
Prvi_CoolS/WarmF_B3_R14,3,CoolS/WarmF,prunus,prunus_virginiana,doy283: last leaves fell,8.1,7,7,60,5.2,4.6,3,30,1.9,2.5,2.5,10,,,,0,na,na,na,0,,,,0
Prvi_CoolS/WarmF_B3_R15,3,CoolS/WarmF,prunus,prunus_virginiana,doy262: last leaves fell,9.4,8.9,5.9,50,5.8,4.7,8.4,20,na,na,na,0,,,,0,na,na,na,0,,,,0
Prvi_WarmS/CoolF_B1_R1,1,WarmS/CoolF,prunus,prunus_virginiana,doy276: last leaves fell,3,3.3,3,20,3.1,2.8,2.7,20,2.6,1.7,2.5,10,2.3,1.6,1.6,10,na,na,na,0,na,na,na,0
Prvi_WarmS/CoolF_B1_R2,1,WarmS/CoolF,prunus,prunus_virginiana,doy276: last leaves fell,7,5.4,4.3,30,4.6,1.9,6.6,30,5.9,4.7,3.3,10,3.8,3.6,3.5,5,na,na,na,0,na,na,na,0
Prvi_WarmS/CoolF_B1_R3,1,WarmS/CoolF,prunus,prunus_virginiana,,6.9,5,3.9,40,5.6,5.2,6.9,40,6.2,5,5.2,30,3.5,5.3,3.2,30,12.7,11.9,10.7,10,14.2,11.8,15.5,5
Prvi_WarmS/CoolF_B1_R4,1,WarmS/CoolF,prunus,prunus_virginiana,doy276: last leaves fell,6.1,6.7,5.2,70,6.9,6.6,4.7,70,5.6,6.1,5.8,50,2.9,1.9,4.8,30,na,na,na,0,na,na,na,0
Prvi_WarmS/CoolF_B1_R5,1,WarmS/CoolF,prunus,prunus_virginiana,,5.8,4.2,6.2,80,5.8,7.8,6.6,80,5.2,8.2,8.2,80,4.8,6.1,6.6,60,19.6,17,18.5,50,25.6,22.9,10.6,10
Prvi_WarmS/CoolF_B2_R6,2,WarmS/CoolF,prunus,prunus_virginiana,doy276: last leaves fell,7.7,8.4,9.2,90,8.4,7.3,8.5,80,7.3,7.2,4.5,40,1.9,1.5,2.4,10,na,na,na,0,na,na,na,0
Prvi_WarmS/CoolF_B2_R7,2,WarmS/CoolF,prunus,prunus_virginiana,doy283: no green leaves,5.2,3.2,4.2,5,4.2,4.4,4.5,5,4.2,3.5,5.6,5,2.1,4.1,3.2,5,12.8,12.2,4.5,5,na,na,na,0
Prvi_WarmS/CoolF_B2_R8,2,WarmS/CoolF,prunus,prunus_virginiana,doy283: no green leaves,12,6.2,6.6,20,7.2,10,10,20,5.9,8.3,5.4,10,3.6,5.3,3.8,10,12.3,5,13.6,5,na,na,na,0
Prvi_WarmS/CoolF_B2_R9,2,WarmS/CoolF,prunus,prunus_virginiana,doy262: shoot much greener than the other,14.1,5.6,13.4,90,2,12.1,5.7,80,14.1,4.3,14.2,70,1.9,12.1,10.6,70,30.3,28.3,14.1,70,6.6,13.8,16.7,30
Prvi_WarmS/CoolF_B2_R10,2,WarmS/CoolF,prunus,prunus_virginiana,dead,na,na,na,na,na,na,na,na,na,na,na,na,na,na,na,na,na,na,na,na,na,na,na,0
Prvi_WarmS/CoolF_B3_R11,3,WarmS/CoolF,prunus,prunus_virginiana,dead,na,na,na,na,na,na,na,na,na,na,na,na,na,na,na,na,na,na,na,na,na,na,na,0
Prvi_WarmS/CoolF_B3_R12,3,WarmS/CoolF,prunus,prunus_virginiana,"doy283: relevant to all prvevious measurements, it's much greener because it's a shoot that sprouted after maint shoot died.",10.5,10.9,10.8,90,10.7,1.7,3.5,80,11.7,1.6,7.6,70,1.3,9,6.8,70,32.5,26,9.3,70,25,24.1,7.8,60
Prvi_WarmS/CoolF_B3_R13,3,WarmS/CoolF,prunus,prunus_virginiana,doy276: last leaves fell,6.1,4.9,3.6,20,4.8,4.9,3.9,0,na,na,na,0,na,na,na,0,na,na,na,0,na,na,na,0
Prvi_WarmS/CoolF_B3_R14,3,WarmS/CoolF,prunus,prunus_virginiana,doy276: last leaves fell,6.4,6.3,8.3,80,5.5,5,5.7,80,5.5,6.5,5.3,50,3.8,2.6,3.5,40,na,na,na,0,na,na,na,0
Prvi_WarmS/CoolF_B3_R15,3,WarmS/CoolF,prunus,prunus_virginiana,dead,na,na,na,na,na,na,na,na,na,na,na,na,na,na,na,na,na,na,na,0,na,na,na,0
Prvi_WarmS/WarmF_B1_R1,1,WarmS/WarmF,prunus,prunus_virginiana,,8.3,8.9,8.5,80,5.9,5.9,3.8,40,2.9,4.6,4.3,30,,,,20,6.3,12.7,10.3,5,14.7,9.1,10.3,5
Prvi_WarmS/WarmF_B1_R2,1,WarmS/WarmF,prunus,prunus_virginiana,dead,na,na,na,na,na,na,na,na,na,na,na,na,,,,na,na,na,na,na,na,na,na,0
Prvi_WarmS/WarmF_B1_R3,1,WarmS/WarmF,prunus,prunus_virginiana,doy283: no green leaves,6.6,5.7,6.5,80,5.3,2.3,3.3,30,3.2,4.6,2.7,40,,,,30,11.6,7.8,9.4,10,5.8,8.4,7.2,0
Prvi_WarmS/WarmF_B1_R4,1,WarmS/WarmF,prunus,prunus_virginiana,doy283: no green leaves,3.6,2.4,4.4,30,2.6,2.8,2.9,20,1.9,3.1,1.4,30,,,,10,1.4,1.5,5.6,5,na,na,na,0
Prvi_WarmS/WarmF_B1_R5,1,WarmS/WarmF,prunus,prunus_virginiana,doy283: last leaves fell,6.5,8.2,9.5,50,5.3,5.9,4.7,30,4.2,2.4,2.2,30,,,,20,18.9,7.2,15,5,na,na,na,0
Prvi_WarmS/WarmF_B2_R6,2,WarmS/WarmF,prunus,prunus_virginiana,doy283: no green leaves,4.3,4.2,3.8,90,3,2.5,2.3,40,2.2,1.9,2.3,60,,,,40,4.2,0.1,3,10,na,na,na,0
Prvi_WarmS/WarmF_B2_R7,2,WarmS/WarmF,prunus,prunus_virginiana,,9.6,8.5,10.9,90,7.1,6,7.4,50,4.9,5.3,4.7,40,,,,30,14.2,13.2,11.8,5,5.3,11,10.3,5
Prvi_WarmS/WarmF_B2_R8,2,WarmS/WarmF,prunus,prunus_virginiana,,9.8,12.7,13.1,90,9.4,6.7,8.5,70,6.1,6.2,5.3,40,,,,30,7.9,1.4,4.3,10,3.2,2.1,3.7,5
Prvi_WarmS/WarmF_B2_R9,2,WarmS/WarmF,prunus,prunus_virginiana,,4.6,5.6,4.4,80,5.3,4.2,2.8,30,3,2.6,2.8,20,,,,20,3.7,6.4,4.6,5,15.4,18.9,2.3,5
Prvi_WarmS/WarmF_B2_R10,2,WarmS/WarmF,prunus,prunus_virginiana,dead,na,na,na,na,na,na,na,na,na,na,na,na,,,,na,na,na,na,na,na,na,na,na
Prvi_WarmS/WarmF_B3_R11,3,WarmS/WarmF,prunus,prunus_virginiana,doy262: last leaves fell,4.3,5.2,4,80,1.8,2.2,3.4,20,na,na,na,0,,,,0,na,na,na,0,na,na,na,0
Prvi_WarmS/WarmF_B3_R12,3,WarmS/WarmF,prunus,prunus_virginiana,doy262: last leaves fell,5.2,6.3,8.6,90,5.3,1.7,7.3,20,na,na,na,0,,,,0,na,na,na,0,na,na,na,0
Prvi_WarmS/WarmF_B3_R13,3,WarmS/WarmF,prunus,prunus_virginiana,doy283: last leaves fell,8.1,8.3,8.7,80,4.2,8.6,6.9,50,1.6,1.4,1.8,5,,,,0,na,na,na,0,na,na,na,0
Prvi_WarmS/WarmF_B3_R14,3,WarmS/WarmF,prunus,prunus_virginiana,doy262: last leaves fell,4.7,5.1,4.5,90,3.5,2.7,4.7,30,na,na,na,0,,,,0,na,na,na,0,na,na,na,0
Prvi_WarmS/WarmF_B3_R15,3,WarmS/WarmF,prunus,prunus_virginiana,doy255: no more leaves,4.7,4.7,6.5,20,na,na,na,0,na,na,na,0,,,,0,na,na,na,0,na,na,na,0
Prvi_WarmS/WarmF_B1_R1_nitro,1,WarmS/WarmF_nitro,prunus,prunus_virginiana,,7.1,5.7,5.8,80,5.3,5.3,5.4,80,4.2,3.9,2.2,30,,,,30,9.9,10.7,8.2,20,11.3,25.6,16.1,20
Prvi_WarmS/WarmF_B1_R2_nitro,1,WarmS/WarmF_nitro,prunus,prunus_virginiana,,5.2,3.6,5.7,60,2.7,3.3,6.3,50,1.6,5.6,5.6,50,,,,30,8,12.7,22.5,10,5.2,10.3,9.8,5
Prvi_WarmS/WarmF_B1_R3_nitro,1,WarmS/WarmF_nitro,prunus,prunus_virginiana,,8.5,7.2,7,70,6.8,5.7,3.8,60,4.9,3.1,4.7,40,,,,30,16.8,15,12.2,10,16.4,15.5,7.1,5
Prvi_WarmS/WarmF_B1_R4_nitro,1,WarmS/WarmF_nitro,prunus,prunus_virginiana,,6.1,9.5,8.2,80,9.8,6,3.2,80,5.1,5.2,3,90,,,,60,17.4,12.2,8,50,12.7,11.9,19.1,30
Prvi_WarmS/WarmF_B1_R5_nitro,1,WarmS/WarmF_nitro,prunus,prunus_virginiana,,5.1,6.4,6,80,4.8,2.7,3.5,70,3.4,3.7,3.1,60,,,,50,9.7,6.9,12,40,2.4,12.8,2.3,5
Prvi_WarmS/WarmF_B2_R6_nitro,2,WarmS/WarmF_nitro,prunus,prunus_virginiana,,4.5,8.8,4.2,60,4,3.4,5.7,60,3.2,3.9,3.9,70,,,,50,9.9,7.3,8.1,20,8.3,8.9,8.9,10
Prvi_WarmS/WarmF_B2_R7_nitro,2,WarmS/WarmF_nitro,prunus,prunus_virginiana,,4.9,4.3,3.1,80,4.2,4.5,3.7,60,3.3,3,3.9,80,,,,60,6.9,6.8,2,30,0.4,2.1,4.1,
Prvi_WarmS/WarmF_B2_R8_nitro,2,WarmS/WarmF_nitro,prunus,prunus_virginiana,,2.7,4.1,3.6,10,na,na,na,na,na,na,na,na,,,,na,na,na,na,na,na,na,na,na
Prvi_WarmS/WarmF_B2_R9_nitro,2,WarmS/WarmF_nitro,prunus,prunus_virginiana,doy283: last leaves fell,6.7,2.9,6.2,40,2.8,1.1,1.6,5,1.2,1.3,1,10,,,,0,na,na,na,0,na,na,na,0
Prvi_WarmS/WarmF_B2_R10_nitro,2,WarmS/WarmF_nitro,prunus,prunus_virginiana,doy262: last leaves fell,4.7,5.8,4,70,5.3,5.4,3.3,30,na,na,na,0,,,,0,na,na,na,0,na,na,na,0
Prvi_WarmS/WarmF_B3_R11_nitro,3,WarmS/WarmF_nitro,prunus,prunus_virginiana,doy276: last leaves fell,5.1,5,4.7,80,1.7,3.3,3.9,50,1.8,1,1,20,,,,5,na,na,na,0,na,na,na,0
Prvi_WarmS/WarmF_B3_R12_nitro,3,WarmS/WarmF_nitro,prunus,prunus_virginiana,doy283: cant measure chl,11.4,9.4,7.1,60,7.4,4.7,5.1,30,5.6,3.8,1.6,10,,,,5,9.3,6.3,18.8,5,na,na,na,5
Prvi_WarmS/WarmF_B3_R13_nitro,3,WarmS/WarmF_nitro,prunus,prunus_virginiana,,3.8,4.6,5.1,80,3.7,4.7,3.1,40,3.5,3.9,2.5,50,,,,20,7.9,12.3,9.9,10,7.6,7.3,10.4,10
Prvi_WarmS/WarmF_B3_R14_nitro,3,WarmS/WarmF_nitro,prunus,prunus_virginiana,doy262: last leaves fell,3.4,4.1,1.7,5,2.5,3.1,2.4,5,na,na,na,0,,,,0,na,na,na,0,na,na,na,0
Prvi_WarmS/WarmF_B3_R15_nitro,3,WarmS/WarmF_nitro,prunus,prunus_virginiana,dead,na,na,na,na,na,na,na,na,na,na,na,na,,,,0,na,na,na,0,na,na,na,0
Quma_CoolS/CoolF_B1_R1,1,CoolS/CoolF,quercus,quercus_macrocarpa,doy276: no green leaves; doy283: last leaves fell,3.9,4.1,2.9,90,3.7,3.4,2.5,80,3.1,1.6,1.2,60,2.7,1.4,2.2,10,10.1,9.1,12.4,0,na,na,na,0
Quma_CoolS/CoolF_B1_R2,1,CoolS/CoolF,quercus,quercus_macrocarpa,doy283: no green leaves,10.1,10.5,11,100,5,9.2,7.1,95,5.4,6.3,3.8,80,1.7,2.9,2.3,40,12.5,10.1,12.9,20,9.3,5.1,8,0
Quma_CoolS/CoolF_B1_R3,1,CoolS/CoolF,quercus,quercus_macrocarpa,doy283: last leaves fell,4.2,4.5,4.2,95,1.8,4.5,3.6,80,1.3,1.3,1.9,40,na,na,na,0,na,na,na,0,na,na,na,0
Quma_CoolS/CoolF_B1_R4,1,CoolS/CoolF,quercus,quercus_macrocarpa,,6.3,8.8,6.9,100,5,6.4,4.9,100,4.8,5.5,2.4,90,4.6,2.7,2.7,40,9.1,9,3.9,20,8.5,4.3,3.3,5
Quma_CoolS/CoolF_B1_R5,1,CoolS/CoolF,quercus,quercus_macrocarpa,doy276: no green leaves; doy283: last leaves fell,4.6,3.7,4.9,95,4.5,4.3,3.5,90,2.9,3.4,2.3,50,1.5,1.7,1.3,10,16.2,12,12.7,0,na,na,na,0
Quma_CoolS/CoolF_B2_R6,2,CoolS/CoolF,quercus,quercus_macrocarpa,doy283: no green leaves,10.9,5.8,8.2,95,10.1,6.2,5.5,95,3.1,3,8.4,80,4.7,6.4,1.2,20,15.9,2.6,5.2,20,na,na,na,0
Quma_CoolS/CoolF_B2_R7,2,CoolS/CoolF,quercus,quercus_macrocarpa,,4.2,6.1,8,95,4.5,4.5,7.7,95,3.7,3.9,3.9,90,3.5,3,3.2,70,14,2,0.4,50,7.7,1.6,3.4,10
Quma_CoolS/CoolF_B2_R8,2,CoolS/CoolF,quercus,quercus_macrocarpa,doy283: no green leaves,4.4,9.5,8,95,3.1,6.1,4.8,95,1.9,3.5,2.5,80,4.8,2.4,2.2,30,4.6,0.3,3.4,10,na,na,na,0
Quma_CoolS/CoolF_B2_R9,2,CoolS/CoolF,quercus,quercus_macrocarpa,,4.6,15.5,9.7,95,6.3,13.3,8.3,95,4.2,5.9,5.5,95,3.1,5.2,6.8,80,19.2,14.5,22.9,70,3.5,2.4,3,20
Quma_CoolS/CoolF_B2_R10,2,CoolS/CoolF,quercus,quercus_macrocarpa,,9.1,5.3,9.4,95,9.2,11.6,10.1,95,7.9,9.6,9,95,7,7,6.9,80,21.1,14.8,11.3,80,3.1,3.6,13.5,30
Quma_CoolS/CoolF_B3_R11,3,CoolS/CoolF,quercus,quercus_macrocarpa,,11.9,9.8,6.9,80,9.2,6.3,4.5,80,5.7,5.3,10.4,80,6.8,2,6.9,70,28.3,3.2,12.8,60,2.2,8.8,7.7,5
Quma_CoolS/CoolF_B3_R12,3,CoolS/CoolF,quercus,quercus_macrocarpa,doy276: last leaves fell,7.5,5.9,11.6,90,6,4.7,5.5,80,7.5,2,3.9,70,1.2,2.3,1.2,10,na,na,na,0,na,na,na,0
Quma_CoolS/CoolF_B3_R13,3,CoolS/CoolF,quercus,quercus_macrocarpa,doy283: last leaves fell,5.5,11.7,9.1,80,4.4,2.3,3.3,80,3.6,2.8,8,70,2.6,1.3,6.3,10,3.8,3.8,14.1,5,na,na,na,0
Quma_CoolS/CoolF_B3_R14,3,CoolS/CoolF,quercus,quercus_macrocarpa,doy283: last leaves fell,7.6,5.8,5.8,95,7.6,6.3,4.5,80,2.2,5.9,3.1,70,1.8,3.2,1.4,5,8.5,6.2,5.1,5,na,na,na,0
Quma_CoolS/CoolF_B3_R15,3,CoolS/CoolF,quercus,quercus_macrocarpa,doy283: no green leaves,14.8,11.6,13,80,11.8,9.8,11,80,2.5,9.6,6.6,80,6.2,3.2,2.2,40,3,16.9,0.3,20,na,na,na,0
Quma_CoolS/CoolF_B1_R1_nitro,1,CoolS/CoolF_nitro,quercus,quercus_macrocarpa,,6.4,7.7,5.7,95,7.3,7.4,7.5,95,7.2,5.9,5.7,95,6,4.3,5.3,80,21.2,2.2,14.4,70,14.9,3,0.6,10
Quma_CoolS/CoolF_B1_R2_nitro,1,CoolS/CoolF_nitro,quercus,quercus_macrocarpa,,3.4,4.6,10.9,80,3.3,4.5,4.8,80,3,4.3,7.5,80,2.8,3.5,4.5,80,5.4,25,20.4,70,20.6,12.8,0.1,50
Quma_CoolS/CoolF_B1_R3_nitro,1,CoolS/CoolF_nitro,quercus,quercus_macrocarpa,doy283: no green leaves,7.9,7.3,11.3,80,6.3,11.7,10.7,80,5.7,6.7,6.7,80,5.3,2.8,3.3,80,10.9,1.3,3.9,20,14.4,5.9,14.7,0
Quma_CoolS/CoolF_B1_R4_nitro,1,CoolS/CoolF_nitro,quercus,quercus_macrocarpa,,10,5.7,6.5,95,6,10.2,6,95,8.9,6.6,5.2,95,7.6,6.7,6.3,90,18.6,1.5,15.5,70,1.6,3.3,2.4,10
Quma_CoolS/CoolF_B1_R5_nitro,1,CoolS/CoolF_nitro,quercus,quercus_macrocarpa,,7.7,10.2,5.5,100,5.2,7.4,6.9,95,4.6,6.5,4.8,95,4.6,6.7,4.4,90,11.3,14.5,12.5,80,0,21.7,5.9,20
Quma_CoolS/CoolF_B2_R6_nitro,2,CoolS/CoolF_nitro,quercus,quercus_macrocarpa,doy283: no green leaves,6.5,1.9,4.9,60,6.9,3.1,5.3,50,3.1,5.6,3.3,40,4.1,2.3,7.7,30,10.3,6.2,3.7,30,na,na,na,0
Quma_CoolS/CoolF_B2_R7_nitro,2,CoolS/CoolF_nitro,quercus,quercus_macrocarpa,doy283: no green leaves,4.9,4.3,5.7,90,4.7,4,4.8,90,4,3.1,3.5,80,3.4,3,1.6,40,8.4,1.8,11,20,na,na,na,0
Quma_CoolS/CoolF_B2_R8_nitro,2,CoolS/CoolF_nitro,quercus,quercus_macrocarpa,doy283: no green leaves,12.7,7.9,4.6,95,13.7,9,7.7,90,4.5,7,3.9,90,6.6,2.4,5,70,9,16.5,7.5,40,na,na,na,0
Quma_CoolS/CoolF_B2_R9_nitro,2,CoolS/CoolF_nitro,quercus,quercus_macrocarpa,doy283: no green leaves,4.2,6.2,6.4,95,1.4,5.1,4.2,80,3,5.2,1.5,70,4.4,1.5,3.4,40,6.4,7.7,4.5,20,na,na,na,0
Quma_CoolS/CoolF_B2_R10_nitro,2,CoolS/CoolF_nitro,quercus,quercus_macrocarpa,doy283: no green leaves,4.5,5.8,5.4,95,4.3,3.9,1.3,90,3.3,3.4,5.1,70,3.3,1.7,4.6,30,1.5,16.7,1.1,20,na,na,na,0
Quma_CoolS/CoolF_B3_R11_nitro,3,CoolS/CoolF_nitro,quercus,quercus_macrocarpa,,8.8,5.2,4.1,90,9,7.5,4.5,80,2.3,6.9,3.9,70,1.8,4.6,4.5,30,13,10.6,12.1,30,5.9,0.9,5,30
Quma_CoolS/CoolF_B3_R12_nitro,3,CoolS/CoolF_nitro,quercus,quercus_macrocarpa,,14.1,10.7,13.6,95,16.5,12.4,9.3,90,3.1,11.6,6.3,90,9.9,1.8,2.4,30,16.5,10.1,1,5,na,na,na,0
Quma_CoolS/CoolF_B3_R13_nitro,3,CoolS/CoolF_nitro,quercus,quercus_macrocarpa,doy283: no green leaves,8.5,7.1,8.6,90,6.5,4.6,8.2,90,5.9,4.5,6.1,90,5.2,4.4,5.1,70,14.8,12.6,4.2,30,7.5,9.7,5.7,0
Quma_CoolS/CoolF_B3_R14_nitro,3,CoolS/CoolF_nitro,quercus,quercus_macrocarpa,doy283: no green leaves,5.8,7.3,8.8,95,3.7,7.8,5.6,95,4.4,5.2,5.7,95,3.2,1.7,1.4,20,2.8,4.5,0.6,20,na,na,na,0
Quma_CoolS/CoolF_B3_R15_nitro,3,CoolS/CoolF_nitro,quercus,quercus_macrocarpa,,7.7,22.9,11.3,90,12,20.2,16,90,6.2,4.2,3.3,90,7.1,11.3,5.2,90,25.4,25.8,11.1,80,4.2,3.2,2.5,20
Quma_CoolS/WarmF_B1_R1,1,CoolS/WarmF,quercus,quercus_macrocarpa,,4.1,8.2,9.1,80,4.8,5.3,7.4,80,5.9,7.8,3.7,80,,,,60,15.3,15.1,8.2,50,11.2,15.4,14.2,40
Quma_CoolS/WarmF_B1_R2,1,CoolS/WarmF,quercus,quercus_macrocarpa,doy276: no green leaves; doy283: last leaves fell,3,2.4,7.5,90,2.5,5,4.8,60,3.8,1.9,4.1,40,,,,20,na,na,na,0,na,na,na,0
Quma_CoolS/WarmF_B1_R3,1,CoolS/WarmF,quercus,quercus_macrocarpa,doy283: last leaves fell,5.3,6.2,7.2,90,3,4.9,5.5,80,4.7,3.9,4.3,60,,,,10,5.1,10.5,10.3,5,na,na,na,0
Quma_CoolS/WarmF_B1_R4,1,CoolS/WarmF,quercus,quercus_macrocarpa,,4,8.3,9.4,95,4,5.7,4.2,90,6.8,3.6,1.8,80,,,,50,5.1,9,5.9,20,8.6,11.6,12.6,10
Quma_CoolS/WarmF_B1_R5,1,CoolS/WarmF,quercus,quercus_macrocarpa,doy283: no green leaves,4.6,4.7,5.4,95,4,4.2,5.5,90,2.5,2.8,4,90,,,,60,5.4,1.8,10,40,na,na,na,0
Quma_CoolS/WarmF_B2_R6,2,CoolS/WarmF,quercus,quercus_macrocarpa,doy276: no green leaves; doy283: last leaves fell,9.9,5,7,90,9.2,5.5,6.6,80,6.1,1.2,2.9,60,,,,20,na,na,na,0,na,na,na,0
Quma_CoolS/WarmF_B2_R7,2,CoolS/WarmF,quercus,quercus_macrocarpa,,4.5,13.7,10.5,95,5.1,3.9,9.4,95,4.4,4.3,9,90,,,,70,14.6,14.7,14.1,60,16.1,16.4,1.2,50
Quma_CoolS/WarmF_B2_R8,2,CoolS/WarmF,quercus,quercus_macrocarpa,doy283: last leaves fell,3.6,11.3,9,80,3.1,3.4,7,70,5.5,3.2,1.3,50,,,,30,2.9,6.8,13.1,5,na,na,na,0
Quma_CoolS/WarmF_B2_R9,2,CoolS/WarmF,quercus,quercus_macrocarpa,doy283: no green leaves,5.3,4.8,9.4,95,3.9,2.9,3.2,80,3.7,2.7,5.4,60,,,,30,13.1,8.5,3.3,30,14.9,10.8,18.7,5
Quma_CoolS/WarmF_B2_R10,2,CoolS/WarmF,quercus,quercus_macrocarpa,doy283: no green leaves,17.7,15.9,17.6,90,12.3,14.2,18,90,8.1,12.6,11.7,90,,,,70,17.3,3.6,1.8,40,na,na,na,0
Quma_CoolS/WarmF_B3_R11,3,CoolS/WarmF,quercus,quercus_macrocarpa,doy276: last leaves fell,4.4,7.3,5.5,95,3.6,4,7.2,80,3.1,1.7,1.2,20,,,,5,na,na,na,0,na,na,na,0
Quma_CoolS/WarmF_B3_R12,3,CoolS/WarmF,quercus,quercus_macrocarpa,,8.4,8.5,12.3,95,5.7,7.4,9.9,90,7.3,6.9,5.1,80,,,,50,19.5,6.7,6.8,10,14.7,17.5,10.6,5
Quma_CoolS/WarmF_B3_R13,3,CoolS/WarmF,quercus,quercus_macrocarpa,doy276: no green leaves; doy283: last leaves fell,13.9,11.4,16,95,13.1,10,11.8,90,4.6,3.1,8.7,70,,,,20,na,na,na,0,na,na,na,0
Quma_CoolS/WarmF_B3_R14,3,CoolS/WarmF,quercus,quercus_macrocarpa,dead,na,na,na,na,na,na,na,na,na,na,na,na,,,,na,na,na,na,na,na,na,na,na
Quma_CoolS/WarmF_B3_R15,3,CoolS/WarmF,quercus,quercus_macrocarpa,doy276: last leaves fell,7.6,6.6,4.6,80,4.4,5.2,4,80,2.5,1.2,3.3,70,,,,10,na,na,na,0,na,na,na,0
Quma_WarmS/CoolF_B1_R1,1,WarmS/CoolF,quercus,quercus_macrocarpa,doy283: no green leaves,5.6,5.7,6.4,100,5.4,5,5.3,100,3.8,3.8,3.9,100,3.2,3.6,2.9,60,1.4,7.3,2,10,10,8.1,8.2,0
Quma_WarmS/CoolF_B1_R2,1,WarmS/CoolF,quercus,quercus_macrocarpa,doy283: no green leaves,4,4.7,6.9,80,3.8,6,3.8,80,4,3.9,4.2,80,3,1.1,4.5,50,13.3,6.5,0.4,20,8.9,6,6.6,0
Quma_WarmS/CoolF_B1_R3,1,WarmS/CoolF,quercus,quercus_macrocarpa,doy283: no green leaves,4,3.3,4,90,3.8,3,3.3,90,2.8,1.2,2.2,70,2.6,2.4,1.1,40,9,6.6,5.6,20,10,9.2,8.2,0
Quma_WarmS/CoolF_B1_R4,1,WarmS/CoolF,quercus,quercus_macrocarpa,doy283: no green leaves,4.4,6.1,4.4,95,4,6.1,4.7,95,3,2.7,3.3,90,3,1.1,1.9,60,0.1,1.1,0.6,10,4.8,2.8,1.3,0
Quma_WarmS/CoolF_B1_R5,1,WarmS/CoolF,quercus,quercus_macrocarpa,,9.1,3.2,3.4,70,10.6,5.8,3.9,60,2.2,2.7,5.6,60,2.6,8,2.2,40,8.8,20.1,24.4,20,3.9,8.4,19.6,10
Quma_WarmS/CoolF_B2_R6,2,WarmS/CoolF,quercus,quercus_macrocarpa,doy276: no green leaves,4.8,4.7,4.7,90,4.6,4.7,4.6,90,3.2,3.5,3.4,80,1.4,1.6,1.2,10,na,na,na,0,na,na,na,0
Quma_WarmS/CoolF_B2_R7,2,WarmS/CoolF,quercus,quercus_macrocarpa,doy283: no green leaves,5.1,4.5,5,95,5.5,4.8,5.1,95,4.3,5.1,4.4,95,3.6,3.1,2,70,6.1,9.1,5,40,6.6,6,3.6,5
Quma_WarmS/CoolF_B2_R8,2,WarmS/CoolF,quercus,quercus_macrocarpa,doy283: no green leaves,4.2,4.3,4.7,95,4.1,4.3,4.1,90,4.2,3.4,3,90,3.1,1.9,3.2,70,5.1,5.6,9,40,,,,
Quma_WarmS/CoolF_B2_R9,2,WarmS/CoolF,quercus,quercus_macrocarpa,doy276: last leaves fell,6.2,5.7,3.6,95,5.2,4.5,4.8,80,1.6,4.1,1.9,40,1.6,1.7,1.9,5,na,na,na,0,na,na,na,0
Quma_WarmS/CoolF_B2_R10,2,WarmS/CoolF,quercus,quercus_macrocarpa,doy276: no green leaves; doy283: last leaves fell,5.1,4.2,4,95,3.8,4.2,4.9,90,1.9,3.3,2.7,70,1.3,1.3,2.1,5,na,na,na,0,na,na,na,0
Quma_WarmS/CoolF_B3_R11,3,WarmS/CoolF,quercus,quercus_macrocarpa,doy276: no green leaves,1.9,4.3,5.8,70,4.3,5.6,2.1,50,2.6,3.9,1.3,20,2.3,2.2,1.6,5,na,na,na,0,na,na,na,0
Quma_WarmS/CoolF_B3_R12,3,WarmS/CoolF,quercus,quercus_macrocarpa,doy283: no green leaves,8.5,3.6,6.8,80,8.9,2,4.3,70,1.7,7.2,1.8,50,5.2,3.6,7.7,50,21.2,9.5,23.9,40,na,na,na,0
Quma_WarmS/CoolF_B3_R13,3,WarmS/CoolF,quercus,quercus_macrocarpa,,7.1,7.5,5.1,80,7.6,5.4,5,80,7.6,4.3,6.7,80,4.9,6.7,4.2,50,19.9,4.6,4.2,40,8.1,2.6,7.9,5
Quma_WarmS/CoolF_B3_R14,3,WarmS/CoolF,quercus,quercus_macrocarpa,doy283: no green leaves,8.4,8.6,9.6,90,6.7,8.9,8.7,90,2.9,2.2,8.7,80,6.8,2.8,2.5,30,1.7,17.7,9,20,na,na,na,0
Quma_WarmS/CoolF_B3_R15,3,WarmS/CoolF,quercus,quercus_macrocarpa,doy262:seam sick,12.9,27.3,23.7,90,13.5,21.9,10.3,90,19.5,7.4,1.6,80,6.9,10.7,7.7,40,22.4,16.3,17.9,30,26.2,14.4,6.5,10
Quma_WarmS/WarmF_B1_R1,1,WarmS/WarmF,quercus,quercus_macrocarpa,doy262: no green leaves,4.7,4.4,5.2,90,4,2.2,1.9,60,na,na,na,0,,,,0,na,na,na,0,na,na,na,0
Quma_WarmS/WarmF_B1_R2,1,WarmS/WarmF,quercus,quercus_macrocarpa,doy283: no green leaves,7,5.6,5.9,80,6.2,4.9,3.6,80,4.5,4.5,4,60,,,,40,17.4,16.5,12.2,40,11.6,9.6,9.6,0
Quma_WarmS/WarmF_B1_R3,1,WarmS/WarmF,quercus,quercus_macrocarpa,doy276: no green leaves; doy283: last leaves fell,5.2,4.2,3.9,90,3.2,6.4,3.4,70,2.2,1.7,2.7,40,,,,10,na,na,na,0,na,na,na,0
Quma_WarmS/WarmF_B1_R4,1,WarmS/WarmF,quercus,quercus_macrocarpa,doy276: no green leaves; doy283: last leaves fell,3.9,4.3,3.5,90,3.5,1.2,3.4,70,1.3,2.9,1.1,30,,,,20,na,na,na,0,na,na,na,0
Quma_WarmS/WarmF_B1_R5,1,WarmS/WarmF,quercus,quercus_macrocarpa,doy276: no green leaves; doy283: last leaves fell,3.2,4.5,3.7,80,3.1,3.3,1.2,70,2.6,2.7,1.3,40,,,,40,na,na,na,0,na,na,na,0
Quma_WarmS/WarmF_B2_R6,2,WarmS/WarmF,quercus,quercus_macrocarpa,dead,na,na,na,na,na,na,na,na,,,,,,,,na,na,na,na,na,na,na,na,na
Quma_WarmS/WarmF_B2_R7,2,WarmS/WarmF,quercus,quercus_macrocarpa,,4.1,14.2,19.4,70,4.4,3.1,16.4,60,3.2,19.4,17.1,60,,,,60,37.6,42.4,38.6,60,41,34.1,39.9,69
Quma_WarmS/WarmF_B2_R8,2,WarmS/WarmF,quercus,quercus_macrocarpa,doy283: no green leaves,2.5,2.4,3.8,80,2.9,1.9,3.4,70,2.6,2.2,2.4,60,,,,40,0.4,6.2,9.4,20,6.5,5.6,7.7,5
Quma_WarmS/WarmF_B2_R9,2,WarmS/WarmF,quercus,quercus_macrocarpa,,5.6,6.9,4.8,80,5.4,2.5,5.9,70,5.1,1.3,2.7,70,,,,50,17.2,22.5,12.1,50,16.4,13.5,14.5,40
Quma_WarmS/WarmF_B2_R10,2,WarmS/WarmF,quercus,quercus_macrocarpa,doy283: last leaves fell,2.6,2.4,2.3,80,3.3,1.9,2.1,60,2.8,1.7,1.3,20,,,,20,0.6,4.4,5.3,5,na,na,na,0
Quma_WarmS/WarmF_B3_R11,3,WarmS/WarmF,quercus,quercus_macrocarpa,doy283: no green leaves,5.3,5.3,3.8,80,3.1,4.1,4.5,70,4,1.4,2.3,50,,,,20,6.8,8.7,6.5,10,na,na,na,0
Quma_WarmS/WarmF_B3_R12,3,WarmS/WarmF,quercus,quercus_macrocarpa,,13.7,19.1,9.9,90,9.6,8.1,16.1,90,6.6,14,7.2,80,,,,60,18,16.7,4,40,1.6,19.9,0.8,40
Quma_WarmS/WarmF_B3_R13,3,WarmS/WarmF,quercus,quercus_macrocarpa,,10.3,5.1,3.3,80,7.6,4,8.8,70,4,6.6,1.1,70,,,,70,15.4,11.7,8.5,70,10.2,7,12.8,50
Quma_WarmS/WarmF_B3_R14,3,WarmS/WarmF,quercus,quercus_macrocarpa,,6,9.1,4.3,80,9.3,4,9.1,70,6.2,2.9,4,60,,,,60,14.6,24.7,10.2,50,9.5,14.3,4.1,50
Quma_WarmS/WarmF_B3_R15,3,WarmS/WarmF,quercus,quercus_macrocarpa,doy276: last leaves fell,8.4,6.8,6,70,7,5,6,60,3.2,4.2,3.7,30,,,,5,na,na,na,0,na,na,na,0
Quma_WarmS/WarmF_B1_R1_nitro,1,WarmS/WarmF_nitro,quercus,quercus_macrocarpa,,4.3,5.2,5.8,90,2.6,6.1,7.4,80,5.1,6.5,3.2,79,,,,60,9,14.1,20.7,60,12.6,16,2.6,50
Quma_WarmS/WarmF_B1_R2_nitro,1,WarmS/WarmF_nitro,quercus,quercus_macrocarpa,doy283: no green leaves,6.9,3.9,4.8,90,5.8,7,1.2,80,3.9,4,2.9,80,,,,60,18.6,10.2,10.8,30,na,na,na,0
Quma_WarmS/WarmF_B1_R3_nitro,1,WarmS/WarmF_nitro,quercus,quercus_macrocarpa,,6.5,4,3.8,80,6,3.3,2.9,80,2.9,4.7,2.2,80,,,,70,14.7,15,2.2,40,10.1,10.7,8,30
Quma_WarmS/WarmF_B1_R4_nitro,1,WarmS/WarmF_nitro,quercus,quercus_macrocarpa,doy283: last leaves fell,5.2,5,4.2,95,3.6,4.8,3.1,90,3.8,3.3,5,90,,,,50,0.9,8.7,10,5,na,na,na,0
Quma_WarmS/WarmF_B1_R5_nitro,1,WarmS/WarmF_nitro,quercus,quercus_macrocarpa,doy276: last leaves fell,3.7,3.8,4.4,80,3.8,3.3,2.9,50,2.3,1.4,2.8,30,,,,10,na,na,na,0,na,na,na,0
Quma_WarmS/WarmF_B2_R6_nitro,2,WarmS/WarmF_nitro,quercus,quercus_macrocarpa,,10.3,11.9,12.3,90,12.1,7.1,10.4,90,6,12.2,15.4,90,,,,90,33,18.7,24.5,60,30.4,29.8,3.9,50
Quma_WarmS/WarmF_B2_R7_nitro,2,WarmS/WarmF_nitro,quercus,quercus_macrocarpa,doy283: no green leaves,3.4,5.1,4.5,80,2.9,3.1,5.5,60,3.4,2.5,3.5,60,,,,30,0.7,4.3,7.3,5,na,na,na,0
Quma_WarmS/WarmF_B2_R8_nitro,2,WarmS/WarmF_nitro,quercus,quercus_macrocarpa,doy276: last leaves fell,3,2.9,2.6,50,2.9,1.4,3.1,40,2.4,2.3,2.3,40,,,,20,na,na,na,0,na,na,na,0
Quma_WarmS/WarmF_B2_R9_nitro,2,WarmS/WarmF_nitro,quercus,quercus_macrocarpa,doy283: last leaves fell,5.6,6.3,7,90,5.6,4.1,4.7,90,3.1,8.8,5.3,80,,,,50,0.8,6.5,10.6,10,na,na,na,0
Quma_WarmS/WarmF_B2_R10_nitro,2,WarmS/WarmF_nitro,quercus,quercus_macrocarpa,doy276: last leaves fell,3.1,3.4,2.7,90,2.1,3.6,2.6,80,2.2,2.2,1.4,40,,,,5,na,na,na,0,na,na,na,0
Quma_WarmS/WarmF_B3_R11_nitro,3,WarmS/WarmF_nitro,quercus,quercus_macrocarpa,doy276: last leaves fell,5,6,7.2,70,5.2,4,1.5,50,4.8,2.1,4.9,50,,,,10,na,na,na,0,na,na,na,0
Quma_WarmS/WarmF_B3_R12_nitro,3,WarmS/WarmF_nitro,quercus,quercus_macrocarpa,,9.3,11.2,6.6,80,3.5,7.6,6.3,80,9.6,7,8.4,80,,,,60,19.6,18.8,8.4,60,17.8,20.7,12.6,50
Quma_WarmS/WarmF_B3_R13_nitro,3,WarmS/WarmF_nitro,quercus,quercus_macrocarpa,,2,6.5,4.9,70,3,5.1,4,60,1.8,4.7,2.8,50,,,,50,12,13.1,12.9,30,2.6,6.9,5.1,10
Quma_WarmS/WarmF_B3_R14_nitro,3,WarmS/WarmF_nitro,quercus,quercus_macrocarpa,doy283: last leaves fell,5.7,9.2,6.7,90,6.3,3.8,4.3,70,7.9,4.9,3.6,60,,,,60,15.9,23.1,0.2,30,na,na,na,0
Quma_WarmS/WarmF_B3_R15_nitro,3,WarmS/WarmF_nitro,quercus,quercus_macrocarpa,doy283: no green leaves,5.2,2,5,60,5,3.6,1.2,60,7.1,4,2.5,40,,,,30,3,26.6,2.9,20,7.9,8.2,9.7,0
Segi_CoolS/CoolF_B1_R1,1,CoolS/CoolF,sequoiadendron,sequoiadendron_giganteum,,,,,,,,,,,,,,,,,,,,,,,,,
Segi_CoolS/CoolF_B1_R2,1,CoolS/CoolF,sequoiadendron,sequoiadendron_giganteum,,,,,,,,,,,,,,,,,,,,,,,,,
Segi_CoolS/CoolF_B1_R3,1,CoolS/CoolF,sequoiadendron,sequoiadendron_giganteum,,,,,,,,,,,,,,,,,,,,,,,,,
Segi_CoolS/CoolF_B1_R4,1,CoolS/CoolF,sequoiadendron,sequoiadendron_giganteum,,,,,,,,,,,,,,,,,,,,,,,,,
Segi_CoolS/CoolF_B1_R5,1,CoolS/CoolF,sequoiadendron,sequoiadendron_giganteum,,,,,,,,,,,,,,,,,,,,,,,,,
Segi_CoolS/CoolF_B2_R6,2,CoolS/CoolF,sequoiadendron,sequoiadendron_giganteum,,,,,,,,,,,,,,,,,,,,,,,,,
Segi_CoolS/CoolF_B2_R7,2,CoolS/CoolF,sequoiadendron,sequoiadendron_giganteum,,,,,,,,,,,,,,,,,,,,,,,,,
Segi_CoolS/CoolF_B2_R8,2,CoolS/CoolF,sequoiadendron,sequoiadendron_giganteum,,,,,,,,,,,,,,,,,,,,,,,,,
Segi_CoolS/CoolF_B2_R9,2,CoolS/CoolF,sequoiadendron,sequoiadendron_giganteum,,,,,,,,,,,,,,,,,,,,,,,,,
Segi_CoolS/CoolF_B2_R10,2,CoolS/CoolF,sequoiadendron,sequoiadendron_giganteum,,,,,,,,,,,,,,,,,,,,,,,,,
Segi_CoolS/CoolF_B3_R11,3,CoolS/CoolF,sequoiadendron,sequoiadendron_giganteum,,,,,,,,,,,,,,,,,,,,,,,,,
Segi_CoolS/CoolF_B3_R12,3,CoolS/CoolF,sequoiadendron,sequoiadendron_giganteum,,,,,,,,,,,,,,,,,,,,,,,,,
Segi_CoolS/CoolF_B3_R13,3,CoolS/CoolF,sequoiadendron,sequoiadendron_giganteum,,,,,,,,,,,,,,,,,,,,,,,,,
Segi_CoolS/CoolF_B3_R14,3,CoolS/CoolF,sequoiadendron,sequoiadendron_giganteum,,,,,,,,,,,,,,,,,,,,,,,,,
Segi_CoolS/CoolF_B3_R15,3,CoolS/CoolF,sequoiadendron,sequoiadendron_giganteum,,,,,,,,,,,,,,,,,,,,,,,,,
Segi_CoolS/CoolF_B1_R1_nitro,1,CoolS/CoolF_nitro,sequoiadendron,sequoiadendron_giganteum,,,,,,,,,,,,,,,,,,,,,,,,,
Segi_CoolS/CoolF_B1_R2_nitro,1,CoolS/CoolF_nitro,sequoiadendron,sequoiadendron_giganteum,,,,,,,,,,,,,,,,,,,,,,,,,
Segi_CoolS/CoolF_B1_R3_nitro,1,CoolS/CoolF_nitro,sequoiadendron,sequoiadendron_giganteum,,,,,,,,,,,,,,,,,,,,,,,,,
Segi_CoolS/CoolF_B1_R4_nitro,1,CoolS/CoolF_nitro,sequoiadendron,sequoiadendron_giganteum,,,,,,,,,,,,,,,,,,,,,,,,,
Segi_CoolS/CoolF_B1_R5_nitro,1,CoolS/CoolF_nitro,sequoiadendron,sequoiadendron_giganteum,,,,,,,,,,,,,,,,,,,,,,,,,
Segi_CoolS/CoolF_B2_R6_nitro,2,CoolS/CoolF_nitro,sequoiadendron,sequoiadendron_giganteum,,,,,,,,,,,,,,,,,,,,,,,,,
Segi_CoolS/CoolF_B2_R7_nitro,2,CoolS/CoolF_nitro,sequoiadendron,sequoiadendron_giganteum,,,,,,,,,,,,,,,,,,,,,,,,,
Segi_CoolS/CoolF_B2_R8_nitro,2,CoolS/CoolF_nitro,sequoiadendron,sequoiadendron_giganteum,,,,,,,,,,,,,,,,,,,,,,,,,
Segi_CoolS/CoolF_B2_R9_nitro,2,CoolS/CoolF_nitro,sequoiadendron,sequoiadendron_giganteum,,,,,,,,,,,,,,,,,,,,,,,,,
Segi_CoolS/CoolF_B2_R10_nitro,2,CoolS/CoolF_nitro,sequoiadendron,sequoiadendron_giganteum,,,,,,,,,,,,,,,,,,,,,,,,,
Segi_CoolS/CoolF_B3_R11_nitro,3,CoolS/CoolF_nitro,sequoiadendron,sequoiadendron_giganteum,,,,,,,,,,,,,,,,,,,,,,,,,
Segi_CoolS/CoolF_B3_R12_nitro,3,CoolS/CoolF_nitro,sequoiadendron,sequoiadendron_giganteum,,,,,,,,,,,,,,,,,,,,,,,,,
Segi_CoolS/CoolF_B3_R13_nitro,3,CoolS/CoolF_nitro,sequoiadendron,sequoiadendron_giganteum,,,,,,,,,,,,,,,,,,,,,,,,,
Segi_CoolS/CoolF_B3_R14_nitro,3,CoolS/CoolF_nitro,sequoiadendron,sequoiadendron_giganteum,,,,,,,,,,,,,,,,,,,,,,,,,
Segi_CoolS/CoolF_B3_R15_nitro,3,CoolS/CoolF_nitro,sequoiadendron,sequoiadendron_giganteum,,,,,,,,,,,,,,,,,,,,,,,,,
Segi_CoolS/WarmF_B1_R1,1,CoolS/WarmF,sequoiadendron,sequoiadendron_giganteum,,,,,,,,,,,,,,,,,,,,,,,,,
Segi_CoolS/WarmF_B1_R2,1,CoolS/WarmF,sequoiadendron,sequoiadendron_giganteum,,,,,,,,,,,,,,,,,,,,,,,,,
Segi_CoolS/WarmF_B1_R3,1,CoolS/WarmF,sequoiadendron,sequoiadendron_giganteum,,,,,,,,,,,,,,,,,,,,,,,,,
Segi_CoolS/WarmF_B1_R4,1,CoolS/WarmF,sequoiadendron,sequoiadendron_giganteum,,,,,,,,,,,,,,,,,,,,,,,,,
Segi_CoolS/WarmF_B1_R5,1,CoolS/WarmF,sequoiadendron,sequoiadendron_giganteum,,,,,,,,,,,,,,,,,,,,,,,,,
Segi_CoolS/WarmF_B2_R6,2,CoolS/WarmF,sequoiadendron,sequoiadendron_giganteum,,,,,,,,,,,,,,,,,,,,,,,,,
Segi_CoolS/WarmF_B2_R7,2,CoolS/WarmF,sequoiadendron,sequoiadendron_giganteum,,,,,,,,,,,,,,,,,,,,,,,,,
Segi_CoolS/WarmF_B2_R8,2,CoolS/WarmF,sequoiadendron,sequoiadendron_giganteum,,,,,,,,,,,,,,,,,,,,,,,,,
Segi_CoolS/WarmF_B2_R9,2,CoolS/WarmF,sequoiadendron,sequoiadendron_giganteum,,,,,,,,,,,,,,,,,,,,,,,,,
Segi_CoolS/WarmF_B2_R10,2,CoolS/WarmF,sequoiadendron,sequoiadendron_giganteum,,,,,,,,,,,,,,,,,,,,,,,,,
Segi_CoolS/WarmF_B3_R11,3,CoolS/WarmF,sequoiadendron,sequoiadendron_giganteum,,,,,,,,,,,,,,,,,,,,,,,,,
Segi_CoolS/WarmF_B3_R12,3,CoolS/WarmF,sequoiadendron,sequoiadendron_giganteum,,,,,,,,,,,,,,,,,,,,,,,,,
Segi_CoolS/WarmF_B3_R13,3,CoolS/WarmF,sequoiadendron,sequoiadendron_giganteum,,,,,,,,,,,,,,,,,,,,,,,,,
Segi_CoolS/WarmF_B3_R14,3,CoolS/WarmF,sequoiadendron,sequoiadendron_giganteum,,,,,,,,,,,,,,,,,,,,,,,,,
Segi_CoolS/WarmF_B3_R15,3,CoolS/WarmF,sequoiadendron,sequoiadendron_giganteum,,,,,,,,,,,,,,,,,,,,,,,,,
Segi_WarmS/CoolF_B1_R1,1,WarmS/CoolF,sequoiadendron,sequoiadendron_giganteum,,,,,,,,,,,,,,,,,,,,,,,,,
Segi_WarmS/CoolF_B1_R2,1,WarmS/CoolF,sequoiadendron,sequoiadendron_giganteum,,,,,,,,,,,,,,,,,,,,,,,,,
Segi_WarmS/CoolF_B1_R3,1,WarmS/CoolF,sequoiadendron,sequoiadendron_giganteum,,,,,,,,,,,,,,,,,,,,,,,,,
Segi_WarmS/CoolF_B1_R4,1,WarmS/CoolF,sequoiadendron,sequoiadendron_giganteum,,,,,,,,,,,,,,,,,,,,,,,,,
Segi_WarmS/CoolF_B1_R5,1,WarmS/CoolF,sequoiadendron,sequoiadendron_giganteum,,,,,,,,,,,,,,,,,,,,,,,,,
Segi_WarmS/CoolF_B2_R6,2,WarmS/CoolF,sequoiadendron,sequoiadendron_giganteum,,,,,,,,,,,,,,,,,,,,,,,,,
Segi_WarmS/CoolF_B2_R7,2,WarmS/CoolF,sequoiadendron,sequoiadendron_giganteum,,,,,,,,,,,,,,,,,,,,,,,,,
Segi_WarmS/CoolF_B2_R8,2,WarmS/CoolF,sequoiadendron,sequoiadendron_giganteum,,,,,,,,,,,,,,,,,,,,,,,,,
Segi_WarmS/CoolF_B2_R9,2,WarmS/CoolF,sequoiadendron,sequoiadendron_giganteum,,,,,,,,,,,,,,,,,,,,,,,,,
Segi_WarmS/CoolF_B2_R10,2,WarmS/CoolF,sequoiadendron,sequoiadendron_giganteum,,,,,,,,,,,,,,,,,,,,,,,,,
Segi_WarmS/CoolF_B3_R11,3,WarmS/CoolF,sequoiadendron,sequoiadendron_giganteum,,,,,,,,,,,,,,,,,,,,,,,,,
Segi_WarmS/CoolF_B3_R12,3,WarmS/CoolF,sequoiadendron,sequoiadendron_giganteum,,,,,,,,,,,,,,,,,,,,,,,,,
Segi_WarmS/CoolF_B3_R13,3,WarmS/CoolF,sequoiadendron,sequoiadendron_giganteum,,,,,,,,,,,,,,,,,,,,,,,,,
Segi_WarmS/CoolF_B3_R14,3,WarmS/CoolF,sequoiadendron,sequoiadendron_giganteum,,,,,,,,,,,,,,,,,,,,,,,,,
Segi_WarmS/CoolF_B3_R15,3,WarmS/CoolF,sequoiadendron,sequoiadendron_giganteum,,,,,,,,,,,,,,,,,,,,,,,,,
Segi_WarmS/WarmF_B1_R1,1,WarmS/WarmF,sequoiadendron,sequoiadendron_giganteum,,,,,,,,,,,,,,,,,,,,,,,,,
Segi_WarmS/WarmF_B1_R2,1,WarmS/WarmF,sequoiadendron,sequoiadendron_giganteum,,,,,,,,,,,,,,,,,,,,,,,,,
Segi_WarmS/WarmF_B1_R3,1,WarmS/WarmF,sequoiadendron,sequoiadendron_giganteum,,,,,,,,,,,,,,,,,,,,,,,,,
Segi_WarmS/WarmF_B1_R4,1,WarmS/WarmF,sequoiadendron,sequoiadendron_giganteum,,,,,,,,,,,,,,,,,,,,,,,,,
Segi_WarmS/WarmF_B1_R5,1,WarmS/WarmF,sequoiadendron,sequoiadendron_giganteum,,,,,,,,,,,,,,,,,,,,,,,,,
Segi_WarmS/WarmF_B2_R6,2,WarmS/WarmF,sequoiadendron,sequoiadendron_giganteum,,,,,,,,,,,,,,,,,,,,,,,,,
Segi_WarmS/WarmF_B2_R7,2,WarmS/WarmF,sequoiadendron,sequoiadendron_giganteum,,,,,,,,,,,,,,,,,,,,,,,,,
Segi_WarmS/WarmF_B2_R8,2,WarmS/WarmF,sequoiadendron,sequoiadendron_giganteum,,,,,,,,,,,,,,,,,,,,,,,,,
Segi_WarmS/WarmF_B2_R9,2,WarmS/WarmF,sequoiadendron,sequoiadendron_giganteum,,,,,,,,,,,,,,,,,,,,,,,,,
Segi_WarmS/WarmF_B2_R10,2,WarmS/WarmF,sequoiadendron,sequoiadendron_giganteum,,,,,,,,,,,,,,,,,,,,,,,,,
Segi_WarmS/WarmF_B3_R11,3,WarmS/WarmF,sequoiadendron,sequoiadendron_giganteum,,,,,,,,,,,,,,,,,,,,,,,,,
Segi_WarmS/WarmF_B3_R12,3,WarmS/WarmF,sequoiadendron,sequoiadendron_giganteum,,,,,,,,,,,,,,,,,,,,,,,,,
Segi_WarmS/WarmF_B3_R13,3,WarmS/WarmF,sequoiadendron,sequoiadendron_giganteum,,,,,,,,,,,,,,,,,,,,,,,,,
Segi_WarmS/WarmF_B3_R14,3,WarmS/WarmF,sequoiadendron,sequoiadendron_giganteum,,,,,,,,,,,,,,,,,,,,,,,,,
Segi_WarmS/WarmF_B3_R15,3,WarmS/WarmF,sequoiadendron,sequoiadendron_giganteum,,,,,,,,,,,,,,,,,,,,,,,,,
Segi_WarmS/WarmF_B1_R1_nitro,1,WarmS/WarmF_nitro,sequoiadendron,sequoiadendron_giganteum,,,,,,,,,,,,,,,,,,,,,,,,,
Segi_WarmS/WarmF_B1_R2_nitro,1,WarmS/WarmF_nitro,sequoiadendron,sequoiadendron_giganteum,,,,,,,,,,,,,,,,,,,,,,,,,
Segi_WarmS/WarmF_B1_R3_nitro,1,WarmS/WarmF_nitro,sequoiadendron,sequoiadendron_giganteum,,,,,,,,,,,,,,,,,,,,,,,,,
Segi_WarmS/WarmF_B1_R4_nitro,1,WarmS/WarmF_nitro,sequoiadendron,sequoiadendron_giganteum,,,,,,,,,,,,,,,,,,,,,,,,,
Segi_WarmS/WarmF_B1_R5_nitro,1,WarmS/WarmF_nitro,sequoiadendron,sequoiadendron_giganteum,,,,,,,,,,,,,,,,,,,,,,,,,
Segi_WarmS/WarmF_B2_R6_nitro,2,WarmS/WarmF_nitro,sequoiadendron,sequoiadendron_giganteum,,,,,,,,,,,,,,,,,,,,,,,,,
Segi_WarmS/WarmF_B2_R7_nitro,2,WarmS/WarmF_nitro,sequoiadendron,sequoiadendron_giganteum,,,,,,,,,,,,,,,,,,,,,,,,,
Segi_WarmS/WarmF_B2_R8_nitro,2,WarmS/WarmF_nitro,sequoiadendron,sequoiadendron_giganteum,,,,,,,,,,,,,,,,,,,,,,,,,
Segi_WarmS/WarmF_B2_R9_nitro,2,WarmS/WarmF_nitro,sequoiadendron,sequoiadendron_giganteum,,,,,,,,,,,,,,,,,,,,,,,,,
Segi_WarmS/WarmF_B2_R10_nitro,2,WarmS/WarmF_nitro,sequoiadendron,sequoiadendron_giganteum,,,,,,,,,,,,,,,,,,,,,,,,,
Segi_WarmS/WarmF_B3_R11_nitro,3,WarmS/WarmF_nitro,sequoiadendron,sequoiadendron_giganteum,,,,,,,,,,,,,,,,,,,,,,,,,
Segi_WarmS/WarmF_B3_R12_nitro,3,WarmS/WarmF_nitro,sequoiadendron,sequoiadendron_giganteum,,,,,,,,,,,,,,,,,,,,,,,,,
Segi_WarmS/WarmF_B3_R13_nitro,3,WarmS/WarmF_nitro,sequoiadendron,sequoiadendron_giganteum,,,,,,,,,,,,,,,,,,,,,,,,,
Segi_WarmS/WarmF_B3_R14_nitro,3,WarmS/WarmF_nitro,sequoiadendron,sequoiadendron_giganteum,,,,,,,,,,,,,,,,,,,,,,,,,
Segi_WarmS/WarmF_B3_R15_nitro,3,WarmS/WarmF_nitro,sequoiadendron,sequoiadendron_giganteum,,,,,,,,,,,,,,,,,,,,,,,,,