tree_ID,bloc,treatment,genus,species,Notes,102,103,106,109,113,116,120,123,127,130,134,137,141,144,148,151,155,158,162,169,171,179,182,186,193,200,207,214,221,228,235,242
Acne_CoolS/CoolF_B1_R1,1,CoolS/CoolF,acer,acer_negundo,doy186: unsure wheras 5-6,4,NA,4,4,4,4,4,4,4,4,4,4,4,4,4,4,4,4,4,4,4,4,na,6,5,4,4,5,5,5,5,5
Acne_CoolS/CoolF_B1_R2,1,CoolS/CoolF,acer,acer_negundo,,4,NA,4,4,4,4,4,4,4,4,4,4,4,4,4,4,4,4,4,4,4,4,na,5,5,5,5,5,5,5,5,5
Acne_CoolS/CoolF_B1_R3,1,CoolS/CoolF,acer,acer_negundo,,4,NA,4,4,4,4,4,4,4,4,4,4,4,4,4,4,4,4,4,4,4,4,na,5,5,5,5,5,6,6,5,5
Acne_CoolS/CoolF_B1_R4,1,CoolS/CoolF,acer,acer_negundo,,3,NA,3,4,4,4,4,4,4,4,4,4,4,4,4,4,4,4,4,4,4,4,na,5,5,5,5,5,5,5,5,5
Acne_CoolS/CoolF_B1_R5,1,CoolS/CoolF,acer,acer_negundo,,4,NA,4,4,4,4,4,4,4,4,4,4,4,4,4,4,4,4,4,4,4,4,na,4,4,4,5,5,5,5,5,5
Acne_CoolS/CoolF_B2_R6,2,CoolS/CoolF,acer,acer_negundo,,4,NA,4,4,4,4,4,4,4,4,4,4,4,4,4,4,4,4,4,4,4,4,na,4,4,5,5,5,5,5,5,6
Acne_CoolS/CoolF_B2_R7,2,CoolS/CoolF,acer,acer_negundo,,4,NA,4,4,4,4,4,4,4,4,4,4,4,4,4,4,4,4,4,4,4,4,na,5,5,5,5,6,6,6,6,6
Acne_CoolS/CoolF_B2_R8,2,CoolS/CoolF,acer,acer_negundo,,3,NA,3,4,4,4,4,4,4,4,4,4,4,4,4,4,4,4,4,4,4,4,na,4,4,5,5,5,6,6,6,6
Acne_CoolS/CoolF_B2_R9,2,CoolS/CoolF,acer,acer_negundo,,4,NA,4,4,4,4,4,4,4,4,4,4,4,4,4,4,4,4,4,4,4,4,na,4,4,4,4,4,4,4,5,5
Acne_CoolS/CoolF_B2_R10,2,CoolS/CoolF,acer,acer_negundo,doy 242: apical and side shoots dead,3,NA,3,4,4,4,4,4,4,4,4,4,4,4,4,4,4,4,4,4,4,4,na,5,5,5,5,5,6,6,6,na
Acne_CoolS/CoolF_B3_R11,3,CoolS/CoolF,acer,acer_negundo,,4,NA,4,4,4,4,4,4,4,4,4,4,4,4,4,4,4,4,4,4,4,4,na,5,4,4,4,4,5,5,5,5
Acne_CoolS/CoolF_B3_R12,3,CoolS/CoolF,acer,acer_negundo,,3,NA,4,4,4,4,4,4,4,4,4,4,4,4,4,4,4,4,4,4,4,4,na,4,4,4,4,5,4,4,5,5
Acne_CoolS/CoolF_B3_R13,3,CoolS/CoolF,acer,acer_negundo,,4,NA,4,4,4,4,4,4,4,4,4,4,4,4,4,4,4,4,4,4,4,4,na,4,4,4,4,4,5,5,5,5
Acne_CoolS/CoolF_B3_R14,3,CoolS/CoolF,acer,acer_negundo,,3,NA,3,4,4,4,4,4,4,4,4,4,4,4,4,4,4,4,4,4,4,4,na,4,4,4,4,4,5,5,5,5
Acne_CoolS/CoolF_B3_R15,3,CoolS/CoolF,acer,acer_negundo,,3,NA,3,4,4,4,4,4,4,4,4,4,4,4,4,4,4,4,4,4,4,4,na,5,5,5,5,5,5,5,5,5
Acne_CoolS/CoolF_B1_R1_nitro,1,CoolS/CoolF_nitro,acer,acer_negundo,,4,NA,4,4,4,4,4,4,4,4,4,4,4,4,4,4,4,4,4,4,4,4,na,5,5,5,5,5,5,5,5,5
Acne_CoolS/CoolF_B1_R2_nitro,1,CoolS/CoolF_nitro,acer,acer_negundo,,4,NA,4,4,4,4,4,4,4,4,4,4,4,4,4,4,4,4,4,4,4,4,na,5,5,5,4,4,4,4,5,5
Acne_CoolS/CoolF_B1_R3_nitro,1,CoolS/CoolF_nitro,acer,acer_negundo,,4,NA,4,4,4,4,4,4,4,4,4,4,4,4,4,4,4,4,4,4,4,4,na,5,5,5,5,5,6,6,5,5
Acne_CoolS/CoolF_B1_R4_nitro,1,CoolS/CoolF_nitro,acer,acer_negundo,,4,NA,4,4,4,4,4,4,4,4,4,4,4,4,4,4,4,4,4,4,4,4,na,4,4,5,5,5,5,6,5,5
Acne_CoolS/CoolF_B1_R5_nitro,1,CoolS/CoolF_nitro,acer,acer_negundo,,4,NA,4,4,4,4,4,4,4,4,4,4,4,4,4,4,4,4,4,4,4,4,na,4,4,5,5,5,5,6,5,5
Acne_CoolS/CoolF_B2_R6_nitro,2,CoolS/CoolF_nitro,acer,acer_negundo,doy186: might be 5 but leaf is rather long,3,NA,4,4,4,4,4,4,4,4,4,4,4,4,4,4,4,4,4,4,4,4,na,4,4,4,5,5,5,5,5,5
Acne_CoolS/CoolF_B2_R7_nitro,2,CoolS/CoolF_nitro,acer,acer_negundo,,4,NA,4,4,4,4,4,4,4,4,4,4,4,4,4,4,4,4,4,4,4,4,na,4,5,5,5,5,5,5,6,6
Acne_CoolS/CoolF_B2_R8_nitro,2,CoolS/CoolF_nitro,acer,acer_negundo,,4,NA,4,4,4,4,4,4,4,4,4,4,4,4,4,4,4,4,4,4,4,4,na,5,5,4,4,5,5,4,4,4
Acne_CoolS/CoolF_B2_R9_nitro,2,CoolS/CoolF_nitro,acer,acer_negundo,,4,NA,4,4,4,4,4,4,4,4,4,4,4,4,4,4,4,4,4,4,4,4,na,4,4,5,5,5,4,5,6,6
Acne_CoolS/CoolF_B2_R10_nitro,2,CoolS/CoolF_nitro,acer,acer_negundo,,4,NA,4,4,4,4,4,4,4,4,4,4,4,4,4,4,4,4,4,4,4,4,na,4,5,4,4,4,5,4,4,4
Acne_CoolS/CoolF_B3_R11_nitro,3,CoolS/CoolF_nitro,acer,acer_negundo,,4,NA,4,4,4,4,4,4,4,4,4,4,4,4,4,4,4,4,4,4,4,4,na,4,4,4,4,4,5,5,5,5
Acne_CoolS/CoolF_B3_R12_nitro,3,CoolS/CoolF_nitro,acer,acer_negundo,doy186: apical shoot dead; doy 199: lateral shoot resprouting from top,4,NA,4,4,4,4,4,4,4,4,4,4,4,4,4,4,4,4,4,4,4,4,na,na,na,4,4,4,5,5,5,5
Acne_CoolS/CoolF_B3_R13_nitro,3,CoolS/CoolF_nitro,acer,acer_negundo,,4,NA,4,4,4,4,4,4,4,4,4,4,4,4,4,4,4,4,4,4,4,4,na,4,4,4,4,4,4,4,4,4
Acne_CoolS/CoolF_B3_R14_nitro,3,CoolS/CoolF_nitro,acer,acer_negundo,,4,NA,4,4,4,4,4,4,4,4,4,4,4,4,4,4,4,4,4,4,4,4,na,4,4,4,4,4,5,5,5,5
Acne_CoolS/CoolF_B3_R15_nitro,3,CoolS/CoolF_nitro,acer,acer_negundo,,4,NA,4,4,4,4,4,4,4,4,4,4,4,4,4,4,4,4,4,4,4,4,na,5,5,5,5,5,6,6,6,6
Acne_CoolS/WarmF_B1_R1,1,CoolS/WarmF,acer,acer_negundo,,3,NA,4,4,4,4,4,4,4,4,4,4,4,4,4,4,4,4,4,4,4,4,na,4,4,4,4,4,4,4,4,4
Acne_CoolS/WarmF_B1_R2,1,CoolS/WarmF,acer,acer_negundo,,3,NA,3,4,3,4,4,4,4,4,4,4,4,4,4,4,4,4,4,4,4,4,na,4,5,5,5,5,4,5,6,6
Acne_CoolS/WarmF_B1_R3,1,CoolS/WarmF,acer,acer_negundo,,4,NA,4,4,4,4,4,4,4,4,4,4,4,4,4,4,4,4,4,4,4,4,na,4,4,4,4,4,4,4,4,5
Acne_CoolS/WarmF_B1_R4,1,CoolS/WarmF,acer,acer_negundo,,3,NA,3,3,4,4,4,4,4,4,4,4,4,4,4,4,4,4,4,4,4,4,na,4,4,5,5,5,5,6,6,5
Acne_CoolS/WarmF_B1_R5,1,CoolS/WarmF,acer,acer_negundo,,3,NA,4,4,4,4,4,4,4,4,4,4,4,4,4,4,4,4,4,4,4,4,na,4,4,4,4,4,5,5,5,5
Acne_CoolS/WarmF_B2_R6,2,CoolS/WarmF,acer,acer_negundo,,3,NA,3,4,3,3,3,4,4,4,4,4,4,4,4,4,4,4,4,4,4,4,na,4,5,4,4,4,5,5,5,5
Acne_CoolS/WarmF_B2_R7,2,CoolS/WarmF,acer,acer_negundo,,4,NA,4,4,4,4,4,4,4,4,4,4,4,4,4,4,4,4,4,4,4,4,na,4,5,4,5,5,5,5,6,6
Acne_CoolS/WarmF_B2_R8,2,CoolS/WarmF,acer,acer_negundo,,4,NA,4,4,4,4,4,4,4,4,4,4,4,4,4,4,4,4,4,4,4,4,na,4,5,5,5,5,6,6,5,5
Acne_CoolS/WarmF_B2_R9,2,CoolS/WarmF,acer,acer_negundo,,3,NA,3,4,4,4,4,4,4,4,4,4,4,4,4,4,4,4,4,4,4,4,na,5,5,5,5,5,6,6,5,5
Acne_CoolS/WarmF_B2_R10,2,CoolS/WarmF,acer,acer_negundo,,4,NA,4,4,4,4,4,4,4,4,4,4,4,4,4,4,4,4,4,4,4,4,na,5,5,5,5,5,6,6,6,6
Acne_CoolS/WarmF_B3_R11,3,CoolS/WarmF,acer,acer_negundo,doy186: close to 5,4,NA,4,4,4,4,4,4,4,4,4,4,4,4,4,4,4,4,4,4,4,4,na,4,4,4,4,4,5,5,5,5
Acne_CoolS/WarmF_B3_R12,3,CoolS/WarmF,acer,acer_negundo,,4,NA,4,4,4,4,4,4,4,4,4,4,4,4,4,4,4,4,4,4,4,4,na,4,4,4,4,4,5,5,5,5
Acne_CoolS/WarmF_B3_R13,3,CoolS/WarmF,acer,acer_negundo,,4,NA,4,4,4,4,4,4,4,4,4,4,4,4,4,4,4,4,4,4,4,4,na,5,5,5,5,5,6,6,5,5
Acne_CoolS/WarmF_B3_R14,3,CoolS/WarmF,acer,acer_negundo,,3,NA,4,4,4,4,4,4,4,4,4,4,4,4,4,4,4,4,4,4,4,4,na,5,4,4,4,4,5,5,5,5
Acne_CoolS/WarmF_B3_R15,3,CoolS/WarmF,acer,acer_negundo,,3,NA,3,4,3,3,3,4,4,4,4,4,4,4,4,4,4,4,4,4,4,4,na,4,4,4,4,5,5,5,4,4
Acne_WarmS/CoolF_B1_R1,1,WarmS/CoolF,acer,acer_negundo,,NA,4,4,4,4,4,4,4,4,4,4,4,4,4,4,4,4,4,4,4,4,4,na,5,6,5,5,5,6,6,6,6
Acne_WarmS/CoolF_B1_R2,1,WarmS/CoolF,acer,acer_negundo,,NA,4,4,4,4,4,4,4,4,4,4,4,4,4,4,4,4,4,4,4,4,4,na,4,4,5,5,5,5,5,5,5
Acne_WarmS/CoolF_B1_R3,1,WarmS/CoolF,acer,acer_negundo,,NA,4,4,4,4,4,4,4,4,4,4,4,4,4,4,4,4,4,4,4,4,4,na,5,5,5,4,4,4,4,4,4
Acne_WarmS/CoolF_B1_R4,1,WarmS/CoolF,acer,acer_negundo,,NA,4,4,4,4,4,4,4,4,4,4,4,4,4,4,4,4,4,4,4,4,4,na,4,4,5,5,5,5,5,5,6
Acne_WarmS/CoolF_B1_R5,1,WarmS/CoolF,acer,acer_negundo,,NA,4,4,4,4,4,4,4,4,4,4,4,4,4,4,4,4,4,4,4,4,4,na,5,5,5,5,5,5,6,6,6
Acne_WarmS/CoolF_B2_R6,2,WarmS/CoolF,acer,acer_negundo,,NA,4,4,4,4,4,4,4,4,4,4,4,4,4,4,4,4,4,4,4,4,4,na,5,5,6,5,5,6,6,6,6
Acne_WarmS/CoolF_B2_R7,2,WarmS/CoolF,acer,acer_negundo,,NA,4,4,4,4,4,4,4,4,4,4,4,4,4,4,4,4,4,4,4,4,4,na,5,5,5,5,5,6,6,6,6
Acne_WarmS/CoolF_B2_R8,2,WarmS/CoolF,acer,acer_negundo,,NA,4,4,4,4,4,4,4,4,4,4,4,4,4,4,4,4,4,4,4,4,4,na,5,5,5,5,6,6,6,6,6
Acne_WarmS/CoolF_B2_R9,2,WarmS/CoolF,acer,acer_negundo,doy186: close to 5,NA,4,4,4,4,4,4,4,4,4,4,4,4,4,4,4,4,4,4,4,4,4,na,4,4,5,5,5,5,5,5,5
Acne_WarmS/CoolF_B2_R10,2,WarmS/CoolF,acer,acer_negundo,doy186: close to 6,NA,4,4,4,4,4,4,4,4,4,4,4,4,4,4,4,4,4,4,4,4,4,na,5,5,5,6,6,6,6,6,6
Acne_WarmS/CoolF_B3_R11,3,WarmS/CoolF,acer,acer_negundo,doy 242: apical shoot dead,NA,4,4,4,4,4,4,4,4,4,4,4,4,4,4,4,4,4,4,4,4,4,na,5,5,5,6,6,6,6,6,na
Acne_WarmS/CoolF_B3_R12,3,WarmS/CoolF,acer,acer_negundo,,NA,4,4,4,4,4,4,4,4,4,4,4,4,4,4,4,4,4,4,4,4,4,na,5,5,5,5,6,6,6,6,6
Acne_WarmS/CoolF_B3_R13,3,WarmS/CoolF,acer,acer_negundo,,NA,4,4,4,4,4,4,4,4,4,4,4,4,4,4,4,4,4,4,4,4,4,na,5,5,5,5,6,na,na,na,na
Acne_WarmS/CoolF_B3_R14,3,WarmS/CoolF,acer,acer_negundo,,NA,4,4,4,4,4,4,4,4,4,4,4,4,4,4,4,4,4,4,4,4,4,na,6,5,5,5,5,6,6,6,5
Acne_WarmS/CoolF_B3_R15,3,WarmS/CoolF,acer,acer_negundo,,NA,4,4,4,4,4,4,4,4,4,4,4,4,4,4,4,4,4,4,4,4,4,na,5,5,5,5,6,6,6,6,6
Acne_WarmS/WarmF_B1_R1,1,WarmS/WarmF,acer,acer_negundo,,NA,4,4,4,4,4,4,4,4,4,4,4,4,4,4,4,4,4,4,4,4,4,na,5,5,5,5,5,5,5,6,6
Acne_WarmS/WarmF_B1_R2,1,WarmS/WarmF,acer,acer_negundo,,NA,4,4,4,4,4,4,4,4,4,4,4,4,4,4,4,4,4,4,4,4,4,na,5,5,5,5,5,5,5,5,5
Acne_WarmS/WarmF_B1_R3,1,WarmS/WarmF,acer,acer_negundo,,NA,4,4,4,4,4,4,4,4,4,4,4,4,4,4,4,4,4,4,4,4,4,na,5,5,5,5,5,5,5,5,6
Acne_WarmS/WarmF_B1_R4,1,WarmS/WarmF,acer,acer_negundo,,NA,4,4,4,4,4,4,4,4,4,4,4,4,4,4,4,4,4,4,4,4,4,na,6,6,6,6,6,6,6,6,6
Acne_WarmS/WarmF_B1_R5,1,WarmS/WarmF,acer,acer_negundo,,NA,4,4,4,4,4,4,4,4,4,4,4,4,4,4,4,4,4,4,4,4,4,na,5,5,4,4,4,4,4,4,4
Acne_WarmS/WarmF_B2_R6,2,WarmS/WarmF,acer,acer_negundo,,NA,4,4,4,4,4,4,4,4,4,4,4,4,4,4,4,4,4,4,4,4,4,na,6,6,6,6,6,6,6,5,6
Acne_WarmS/WarmF_B2_R7,2,WarmS/WarmF,acer,acer_negundo,,NA,4,4,4,4,4,4,4,4,4,4,4,4,4,4,4,4,4,4,4,4,4,na,5,6,6,6,6,6,6,6,6
Acne_WarmS/WarmF_B2_R8,2,WarmS/WarmF,acer,acer_negundo,,NA,4,4,4,4,4,4,4,4,4,4,4,4,4,4,4,4,4,4,4,4,4,na,5,5,5,5,6,5,6,6,6
Acne_WarmS/WarmF_B2_R9,2,WarmS/WarmF,acer,acer_negundo,,NA,4,4,4,4,4,4,4,4,4,4,4,4,4,4,4,4,4,4,4,4,4,na,5,5,5,5,6,6,6,6,6
Acne_WarmS/WarmF_B2_R10,2,WarmS/WarmF,acer,acer_negundo,doy 206: apical bud dessicated,NA,4,4,4,4,4,4,4,4,4,4,4,4,4,4,4,4,4,4,4,4,4,na,5,5,5,na,na,na,na,na,na
Acne_WarmS/WarmF_B3_R11,3,WarmS/WarmF,acer,acer_negundo,,NA,4,4,4,4,4,4,4,4,4,4,4,4,4,4,4,4,4,4,4,4,4,na,5,5,5,5,5,5,6,6,6
Acne_WarmS/WarmF_B3_R12,3,WarmS/WarmF,acer,acer_negundo,,NA,4,4,4,4,4,4,4,4,4,4,4,4,4,4,4,4,4,4,4,4,4,na,5,5,5,5,5,5,6,6,6
Acne_WarmS/WarmF_B3_R13,3,WarmS/WarmF,acer,acer_negundo,,NA,4,4,4,4,4,4,4,4,4,4,4,4,4,4,4,4,4,4,4,4,4,na,5,5,6,6,6,6,6,6,6
Acne_WarmS/WarmF_B3_R14,3,WarmS/WarmF,acer,acer_negundo,,NA,4,4,4,4,4,4,4,4,4,4,4,4,4,4,4,4,4,4,4,4,4,na,5,5,5,5,6,6,6,6,6
Acne_WarmS/WarmF_B3_R15,3,WarmS/WarmF,acer,acer_negundo,,NA,4,4,4,4,4,4,4,4,4,4,4,4,4,4,4,4,4,4,4,4,4,na,5,5,5,4,4,5,5,5,5
Acne_WarmS/WarmF_B1_R1_nitro,1,WarmS/WarmF_nitro,acer,acer_negundo,,NA,4,4,4,4,4,4,4,4,4,4,4,4,4,4,4,4,4,4,4,4,4,na,6,5,6,5,5,5,6,6,6
Acne_WarmS/WarmF_B1_R2_nitro,1,WarmS/WarmF_nitro,acer,acer_negundo,,NA,4,4,4,4,4,4,4,4,4,4,4,4,4,4,4,4,4,4,4,4,4,na,5,6,6,6,6,6,6,6,6
Acne_WarmS/WarmF_B1_R3_nitro,1,WarmS/WarmF_nitro,acer,acer_negundo,,NA,4,4,4,4,4,4,4,4,4,4,4,4,4,4,4,4,4,4,4,4,4,na,5,5,5,6,6,6,6,6,6
Acne_WarmS/WarmF_B1_R4_nitro,1,WarmS/WarmF_nitro,acer,acer_negundo,,NA,4,4,4,4,4,4,4,4,4,4,4,4,4,4,4,4,4,4,4,4,4,na,5,4,5,4,4,4,4,4,4
Acne_WarmS/WarmF_B1_R5_nitro,1,WarmS/WarmF_nitro,acer,acer_negundo,,NA,4,4,4,4,4,4,4,4,4,4,4,4,4,4,4,4,4,4,4,4,4,na,4,4,5,5,5,5,5,6,6
Acne_WarmS/WarmF_B2_R6_nitro,2,WarmS/WarmF_nitro,acer,acer_negundo,,NA,4,4,4,4,4,4,4,4,4,4,4,4,4,4,4,4,4,4,4,4,4,na,5,5,5,5,5,5,5,5,5
Acne_WarmS/WarmF_B2_R7_nitro,2,WarmS/WarmF_nitro,acer,acer_negundo,,NA,4,4,4,4,4,4,4,4,4,4,4,4,4,4,4,4,4,4,4,4,4,na,5,5,6,6,6,6,6,6,6
Acne_WarmS/WarmF_B2_R8_nitro,2,WarmS/WarmF_nitro,acer,acer_negundo,,NA,4,4,4,4,4,4,4,4,4,4,4,4,4,4,4,4,4,4,4,4,4,na,5,5,5,5,6,6,6,6,6
Acne_WarmS/WarmF_B2_R9_nitro,2,WarmS/WarmF_nitro,acer,acer_negundo,,NA,4,4,4,4,4,4,4,4,4,4,4,4,4,4,4,4,4,4,4,4,4,na,5,5,5,5,6,6,6,6,6
Acne_WarmS/WarmF_B2_R10_nitro,2,WarmS/WarmF_nitro,acer,acer_negundo,,NA,4,4,4,4,4,4,4,4,4,4,4,4,4,4,4,4,4,4,4,4,4,na,5,5,5,5,6,6,6,6,6
Acne_WarmS/WarmF_B3_R11_nitro,3,WarmS/WarmF_nitro,acer,acer_negundo,,NA,4,4,4,4,4,4,4,4,4,4,4,4,4,4,4,4,4,4,4,4,4,na,5,6,5,5,6,5,5,6,6
Acne_WarmS/WarmF_B3_R12_nitro,3,WarmS/WarmF_nitro,acer,acer_negundo,,NA,4,4,4,4,4,4,4,4,4,4,4,4,4,4,4,4,4,4,4,4,4,na,5,5,6,6,6,6,6,6,6
Acne_WarmS/WarmF_B3_R13_nitro,3,WarmS/WarmF_nitro,acer,acer_negundo,,NA,4,4,4,4,4,4,4,4,4,4,4,4,4,4,4,4,4,4,4,4,4,na,5,5,5,5,6,5,6,6,6
Acne_WarmS/WarmF_B3_R14_nitro,3,WarmS/WarmF_nitro,acer,acer_negundo,,NA,4,4,4,4,4,4,4,4,4,4,4,4,4,4,4,4,4,4,4,4,4,na,5,5,5,5,5,6,6,6,6
Acne_WarmS/WarmF_B3_R15_nitro,3,WarmS/WarmF_nitro,acer,acer_negundo,,NA,4,4,4,4,4,4,4,4,4,4,4,4,4,4,4,4,4,4,4,4,4,na,4,4,4,4,4,4,5,5,5
Bepa_CoolS/CoolF_B1_R1,1,CoolS/CoolF,betula,betula_papyrifera,,3,NA,3,4,4,4,4,4,4,4,4,4,4,4,4,4,4,4,4,4,4,4,na,4,6,6,6,0,4,6,6,6
Bepa_CoolS/CoolF_B1_R2,1,CoolS/CoolF,betula,betula_papyrifera,,4,NA,4,4,4,4,4,4,4,4,4,4,4,4,4,4,4,4,4,4,4,4,na,4,5,6,6,6,6,6,6,6
Bepa_CoolS/CoolF_B1_R3,1,CoolS/CoolF,betula,betula_papyrifera,,4,NA,4,4,4,4,4,4,4,4,4,4,4,4,4,4,4,4,4,4,4,4,na,4,5,5,5,6,6,6,6,6
Bepa_CoolS/CoolF_B1_R4,1,CoolS/CoolF,betula,betula_papyrifera,116: stage 3 not 4,3,NA,3,4,4,3,4,4,4,4,4,4,4,4,4,4,4,4,4,4,4,4,na,4,5,5,5,6,6,6,6,6
Bepa_CoolS/CoolF_B1_R5,1,CoolS/CoolF,betula,betula_papyrifera,,4,NA,4,4,4,4,4,4,4,4,4,4,4,4,4,4,4,4,4,4,4,4,na,4,5,5,5,6,6,6,6,6
Bepa_CoolS/CoolF_B2_R6,2,CoolS/CoolF,betula,betula_papyrifera,,4,NA,4,4,4,4,4,4,4,4,4,4,4,4,4,4,4,4,4,4,4,4,na,4,5,4,6,6,6,6,6,6
Bepa_CoolS/CoolF_B2_R7,2,CoolS/CoolF,betula,betula_papyrifera,,4,NA,4,4,4,4,4,4,4,4,4,4,4,4,4,4,4,4,4,4,4,4,na,4,5,5,6,6,6,6,6,6
Bepa_CoolS/CoolF_B2_R8,2,CoolS/CoolF,betula,betula_papyrifera,,4,NA,4,4,4,4,4,4,4,4,4,4,4,4,4,4,4,4,4,4,4,4,na,4,5,6,6,6,6,6,6,6
Bepa_CoolS/CoolF_B2_R9,2,CoolS/CoolF,betula,betula_papyrifera,,3,NA,3,4,4,4,4,4,4,4,4,4,4,4,4,4,4,4,4,4,4,4,na,4,5,6,6,6,6,6,6,6
Bepa_CoolS/CoolF_B2_R10,2,CoolS/CoolF,betula,betula_papyrifera,,4,NA,4,4,4,4,4,4,4,4,4,4,4,4,4,4,4,4,4,4,4,4,na,4,5,5,5,6,6,6,6,6
Bepa_CoolS/CoolF_B3_R11,3,CoolS/CoolF,betula,betula_papyrifera,,4,NA,4,4,4,4,4,4,4,4,4,4,4,4,4,4,4,4,4,4,4,4,na,4,5,5,5,6,6,6,6,6
Bepa_CoolS/CoolF_B3_R12,3,CoolS/CoolF,betula,betula_papyrifera,,4,NA,4,4,4,4,4,4,4,4,4,4,4,4,4,4,4,4,4,4,4,4,na,4,6,6,6,6,6,6,6,6
Bepa_CoolS/CoolF_B3_R13,3,CoolS/CoolF,betula,betula_papyrifera,,3,NA,3,4,4,4,4,4,4,4,4,4,4,4,4,4,4,4,4,4,4,4,na,4,5,6,6,6,6,6,6,6
Bepa_CoolS/CoolF_B3_R14,3,CoolS/CoolF,betula,betula_papyrifera,,4,NA,4,4,4,4,4,4,4,4,4,4,4,4,4,4,4,4,4,4,4,4,na,4,5,4,6,6,6,6,6,6
Bepa_CoolS/CoolF_B3_R15,3,CoolS/CoolF,betula,betula_papyrifera,,4,NA,4,4,4,4,4,4,4,4,4,4,4,4,4,4,4,4,4,4,4,4,na,4,5,6,6,6,6,6,6,6
Bepa_CoolS/CoolF_B1_R1_nitro,1,CoolS/CoolF_nitro,betula,betula_papyrifera,,4,NA,4,4,4,4,4,4,4,4,4,4,4,4,4,4,4,4,4,4,4,4,na,4,6,6,6,6,6,6,6,6
Bepa_CoolS/CoolF_B1_R2_nitro,1,CoolS/CoolF_nitro,betula,betula_papyrifera,,4,NA,4,4,4,4,4,4,4,4,4,4,4,4,4,4,4,4,4,4,4,4,na,4,5,6,6,6,6,6,6,6
Bepa_CoolS/CoolF_B1_R3_nitro,1,CoolS/CoolF_nitro,betula,betula_papyrifera,116: stage 3 not 4,4,NA,4,4,4,3,4,4,4,4,4,4,4,4,4,4,4,4,4,4,4,4,na,4,5,6,6,6,6,6,6,6
Bepa_CoolS/CoolF_B1_R4_nitro,1,CoolS/CoolF_nitro,betula,betula_papyrifera,,4,NA,4,4,4,4,4,4,4,4,4,4,4,4,4,4,4,4,4,4,4,4,na,4,5,5,5,6,6,6,6,6
Bepa_CoolS/CoolF_B1_R5_nitro,1,CoolS/CoolF_nitro,betula,betula_papyrifera,,4,NA,4,4,4,4,4,4,4,4,4,4,4,4,4,4,4,4,4,4,4,4,na,4,5,6,6,6,6,6,6,6
Bepa_CoolS/CoolF_B2_R6_nitro,2,CoolS/CoolF_nitro,betula,betula_papyrifera,,4,NA,4,4,4,4,4,4,4,4,4,4,4,4,4,4,4,4,4,4,4,4,na,4,6,6,6,6,6,6,6,6
Bepa_CoolS/CoolF_B2_R7_nitro,2,CoolS/CoolF_nitro,betula,betula_papyrifera,,4,NA,4,4,4,4,4,4,4,4,4,4,4,4,4,4,4,4,4,4,4,4,na,4,na,na,na,na,na,na,na,na
Bepa_CoolS/CoolF_B2_R8_nitro,2,CoolS/CoolF_nitro,betula,betula_papyrifera,,4,NA,4,4,4,4,4,4,4,4,4,4,4,4,4,4,4,4,4,4,4,4,na,4,5,6,6,6,6,6,6,6
Bepa_CoolS/CoolF_B2_R9_nitro,2,CoolS/CoolF_nitro,betula,betula_papyrifera,,4,NA,4,4,4,4,4,4,4,4,4,4,4,4,4,4,4,4,4,4,4,4,na,4,5,5,5,5,6,6,6,6
Bepa_CoolS/CoolF_B2_R10_nitro,2,CoolS/CoolF_nitro,betula,betula_papyrifera,,4,NA,4,4,4,4,4,4,4,4,4,4,4,4,4,4,4,4,4,4,4,4,na,4,5,5,6,6,6,6,6,6
Bepa_CoolS/CoolF_B3_R11_nitro,3,CoolS/CoolF_nitro,betula,betula_papyrifera,,4,NA,4,4,4,4,4,4,4,4,4,4,4,4,4,4,4,4,4,4,4,4,na,4,6,6,6,6,6,6,6,6
Bepa_CoolS/CoolF_B3_R12_nitro,3,CoolS/CoolF_nitro,betula,betula_papyrifera,,4,NA,4,4,4,4,4,4,4,4,4,4,4,4,4,4,4,4,4,4,4,4,na,4,5,5,6,6,6,6,6,6
Bepa_CoolS/CoolF_B3_R13_nitro,3,CoolS/CoolF_nitro,betula,betula_papyrifera,,3,NA,3,3,4,4,4,4,4,4,4,4,4,4,4,4,4,4,4,4,4,4,na,4,6,6,6,6,6,6,6,6
Bepa_CoolS/CoolF_B3_R14_nitro,3,CoolS/CoolF_nitro,betula,betula_papyrifera,,4,NA,4,4,4,4,4,4,4,4,4,4,4,4,4,4,4,4,4,4,4,4,na,4,5,6,6,6,6,6,6,6
Bepa_CoolS/CoolF_B3_R15_nitro,3,CoolS/CoolF_nitro,betula,betula_papyrifera,116: stage 3 not 4,4,NA,4,4,4,3,4,4,4,4,4,4,4,4,4,4,4,4,4,4,4,4,na,4,5,5,5,6,6,6,6,6
Bepa_CoolS/WarmF_B1_R1,1,CoolS/WarmF,betula,betula_papyrifera,,4,NA,4,4,4,4,4,4,4,4,4,4,4,4,4,4,4,4,4,4,4,4,na,4,5,5,5,6,6,6,6,6
Bepa_CoolS/WarmF_B1_R2,1,CoolS/WarmF,betula,betula_papyrifera,,4,NA,4,4,4,4,4,4,4,4,4,4,4,4,4,4,4,4,4,4,4,4,na,4,6,6,6,6,6,6,6,6
Bepa_CoolS/WarmF_B1_R3,1,CoolS/WarmF,betula,betula_papyrifera,,4,NA,4,4,4,4,4,4,4,4,4,4,4,4,4,4,4,4,4,4,4,4,na,4,5,5,5,6,6,6,6,6
Bepa_CoolS/WarmF_B1_R4,1,CoolS/WarmF,betula,betula_papyrifera,,3,NA,3,3,4,4,4,4,4,4,4,4,4,4,4,4,4,4,4,4,4,4,na,4,6,6,6,6,6,6,6,6
Bepa_CoolS/WarmF_B1_R5,1,CoolS/WarmF,betula,betula_papyrifera,,3,NA,3,4,4,4,4,4,4,4,4,4,4,4,4,4,4,4,4,4,4,4,na,4,5,5,5,6,6,6,6,6
Bepa_CoolS/WarmF_B2_R6,2,CoolS/WarmF,betula,betula_papyrifera,,4,NA,4,4,4,4,4,4,4,4,4,4,4,4,4,4,4,4,4,4,4,4,na,4,5,6,6,6,6,6,6,6
Bepa_CoolS/WarmF_B2_R7,2,CoolS/WarmF,betula,betula_papyrifera,,4,NA,4,4,4,4,4,4,4,4,4,4,4,4,4,4,4,4,4,4,4,4,na,4,5,5,5,6,6,6,6,6
Bepa_CoolS/WarmF_B2_R8,2,CoolS/WarmF,betula,betula_papyrifera,,4,NA,4,4,4,4,4,4,4,4,4,4,4,4,4,4,4,4,4,4,4,4,na,4,6,6,6,6,6,6,6,6
Bepa_CoolS/WarmF_B2_R9,2,CoolS/WarmF,betula,betula_papyrifera,,2,NA,3,3,4,4,4,4,4,4,4,4,4,4,4,4,4,4,4,4,4,4,na,4,5,6,6,6,6,6,6,6
Bepa_CoolS/WarmF_B2_R10,2,CoolS/WarmF,betula,betula_papyrifera,"doy 193: almost 0?; doy 207: apical bud snapped off; doy 228: almost all other buds are 0 except the apical, which is dead",4,NA,4,4,4,4,4,4,4,4,4,4,4,4,4,4,4,4,4,4,4,4,na,4,6,0,na,na,na,na,na,na
Bepa_CoolS/WarmF_B3_R11,3,CoolS/WarmF,betula,betula_papyrifera,,4,NA,4,4,4,4,4,4,4,4,4,4,4,4,4,4,4,4,4,4,4,4,na,4,6,6,6,6,6,6,6,6
Bepa_CoolS/WarmF_B3_R12,3,CoolS/WarmF,betula,betula_papyrifera,,4,NA,4,4,4,4,4,4,4,4,4,4,4,4,4,4,4,4,4,4,4,4,na,4,6,6,6,6,6,6,6,6
Bepa_CoolS/WarmF_B3_R13,3,CoolS/WarmF,betula,betula_papyrifera,,4,NA,4,4,4,4,4,4,4,4,4,4,4,4,4,4,4,4,4,4,4,4,na,4,5,6,6,6,6,6,6,6
Bepa_CoolS/WarmF_B3_R14,3,CoolS/WarmF,betula,betula_papyrifera,,4,NA,4,4,4,4,4,4,4,4,4,4,4,4,4,4,4,4,4,4,4,4,na,4,6,6,6,6,6,6,6,6
Bepa_CoolS/WarmF_B3_R15,3,CoolS/WarmF,betula,betula_papyrifera,,4,NA,4,4,4,4,4,4,4,4,4,4,4,4,4,4,4,4,4,4,4,4,na,4,6,6,6,6,6,6,6,6
Bepa_WarmS/CoolF_B1_R1,1,WarmS/CoolF,betula,betula_papyrifera,,NA,4,4,4,4,4,4,4,4,4,4,4,4,4,4,4,4,4,4,4,4,4,na,4,5,5,5,5,5,5,5,6
Bepa_WarmS/CoolF_B1_R2,1,WarmS/CoolF,betula,betula_papyrifera,,NA,4,4,4,4,4,4,4,4,4,4,4,4,4,4,4,4,4,4,4,4,4,na,4,5,6,6,6,6,6,6,6
Bepa_WarmS/CoolF_B1_R3,1,WarmS/CoolF,betula,betula_papyrifera,,NA,4,4,4,4,4,4,4,4,4,4,4,4,4,4,4,4,4,4,4,4,4,na,4,5,5,5,6,6,6,6,6
Bepa_WarmS/CoolF_B1_R4,1,WarmS/CoolF,betula,betula_papyrifera,,NA,4,4,4,4,4,4,4,4,4,4,4,4,4,4,4,4,4,4,4,4,4,na,4,6,0,0,0,0,0,0,0
Bepa_WarmS/CoolF_B1_R5,1,WarmS/CoolF,betula,betula_papyrifera,,NA,4,4,4,4,4,4,4,4,4,4,4,4,4,4,4,4,4,4,4,4,4,na,4,6,6,6,6,6,6,6,6
Bepa_WarmS/CoolF_B2_R6,2,WarmS/CoolF,betula,betula_papyrifera,,NA,4,4,4,4,4,4,4,4,4,4,4,4,4,4,4,4,4,4,4,4,4,na,4,5,5,6,6,6,6,6,6
Bepa_WarmS/CoolF_B2_R7,2,WarmS/CoolF,betula,betula_papyrifera,,NA,4,4,4,4,4,4,4,4,4,4,4,4,4,4,4,4,4,4,4,4,4,na,4,6,6,6,6,6,6,6,6
Bepa_WarmS/CoolF_B2_R8,2,WarmS/CoolF,betula,betula_papyrifera,,NA,4,4,4,4,4,4,4,4,4,4,4,4,4,4,4,4,4,4,4,4,4,na,4,6,6,6,6,6,6,6,6
Bepa_WarmS/CoolF_B2_R9,2,WarmS/CoolF,betula,betula_papyrifera,,NA,4,4,4,4,4,4,4,4,4,4,4,4,4,4,4,4,4,4,4,4,4,na,4,6,6,6,6,6,6,6,6
Bepa_WarmS/CoolF_B2_R10,2,WarmS/CoolF,betula,betula_papyrifera,,NA,4,4,4,4,4,4,4,4,4,4,4,4,4,4,4,4,4,4,4,4,4,na,4,6,6,6,6,6,6,6,6
Bepa_WarmS/CoolF_B3_R11,3,WarmS/CoolF,betula,betula_papyrifera,,NA,4,4,4,4,4,4,4,4,4,4,4,4,4,4,4,4,4,4,4,4,4,na,4,6,6,6,6,6,6,6,6
Bepa_WarmS/CoolF_B3_R12,3,WarmS/CoolF,betula,betula_papyrifera,,NA,4,4,4,4,4,4,4,4,4,4,4,4,4,4,4,4,4,4,4,4,4,na,4,6,0,0,0,6,6,6,6
Bepa_WarmS/CoolF_B3_R13,3,WarmS/CoolF,betula,betula_papyrifera,,NA,4,4,4,4,4,4,4,4,4,4,4,4,4,4,4,4,4,4,4,4,4,na,4,6,6,6,6,6,6,6,6
Bepa_WarmS/CoolF_B3_R14,3,WarmS/CoolF,betula,betula_papyrifera,,NA,4,4,4,4,4,4,4,4,4,4,4,4,4,4,4,4,4,4,4,4,4,na,4,5,6,6,6,6,6,6,6
Bepa_WarmS/CoolF_B3_R15,3,WarmS/CoolF,betula,betula_papyrifera,,NA,4,4,4,4,4,4,4,4,4,4,4,4,4,4,4,4,4,4,4,4,4,na,4,6,6,6,6,6,6,6,6
Bepa_WarmS/WarmF_B1_R1,1,WarmS/WarmF,betula,betula_papyrifera,,NA,4,4,4,4,4,4,4,4,4,4,4,4,4,4,4,4,4,4,4,4,4,na,4,6,6,6,6,6,6,6,6
Bepa_WarmS/WarmF_B1_R2,1,WarmS/WarmF,betula,betula_papyrifera,,NA,4,4,4,4,4,4,4,4,4,4,4,4,4,4,4,4,4,4,4,4,4,na,4,6,6,6,6,6,6,6,6
Bepa_WarmS/WarmF_B1_R3,1,WarmS/WarmF,betula,betula_papyrifera,,NA,4,4,4,4,4,4,4,4,4,4,4,4,4,4,4,4,4,4,4,4,4,na,4,5,5,5,6,6,6,6,6
Bepa_WarmS/WarmF_B1_R4,1,WarmS/WarmF,betula,betula_papyrifera,,NA,4,4,4,4,4,4,4,4,4,4,4,4,4,4,4,4,4,4,4,4,4,na,4,6,6,6,6,6,6,6,6
Bepa_WarmS/WarmF_B1_R5,1,WarmS/WarmF,betula,betula_papyrifera,,NA,4,4,4,4,4,4,4,4,4,4,4,4,4,4,4,4,4,4,4,4,4,na,4,6,6,6,6,6,6,6,6
Bepa_WarmS/WarmF_B2_R6,2,WarmS/WarmF,betula,betula_papyrifera,,NA,4,4,4,4,4,4,4,4,4,4,4,4,4,4,4,4,4,4,4,4,4,na,4,5,6,6,6,6,6,6,6
Bepa_WarmS/WarmF_B2_R7,2,WarmS/WarmF,betula,betula_papyrifera,,NA,4,4,4,4,4,4,4,4,4,4,4,4,4,4,4,4,4,4,4,4,4,na,4,5,6,6,6,6,6,6,6
Bepa_WarmS/WarmF_B2_R8,2,WarmS/WarmF,betula,betula_papyrifera,,NA,4,4,4,4,4,4,4,4,4,4,4,4,4,4,4,4,4,4,4,4,4,na,4,5,6,6,6,6,6,6,6
Bepa_WarmS/WarmF_B2_R9,2,WarmS/WarmF,betula,betula_papyrifera,,NA,4,4,4,4,4,4,4,4,4,4,4,4,4,4,4,4,4,4,4,4,4,na,4,5,5,6,6,6,6,6,6
Bepa_WarmS/WarmF_B2_R10,2,WarmS/WarmF,betula,betula_papyrifera,,NA,4,4,4,4,4,4,4,4,4,4,4,4,4,4,4,4,4,4,4,4,4,na,4,6,6,6,6,6,6,6,6
Bepa_WarmS/WarmF_B3_R11,3,WarmS/WarmF,betula,betula_papyrifera,,NA,4,4,4,4,4,4,4,4,4,4,4,4,4,4,4,4,4,4,4,4,4,na,4,6,6,6,4,4,4,4,4
Bepa_WarmS/WarmF_B3_R12,3,WarmS/WarmF,betula,betula_papyrifera,,NA,4,4,4,4,4,4,4,4,4,4,4,4,4,4,4,4,4,4,4,4,4,na,4,6,6,6,6,6,6,6,6
Bepa_WarmS/WarmF_B3_R13,3,WarmS/WarmF,betula,betula_papyrifera,,NA,4,4,4,4,4,4,4,4,4,4,4,4,4,4,4,4,4,4,4,4,4,na,4,5,5,6,6,6,6,6,6
Bepa_WarmS/WarmF_B3_R14,3,WarmS/WarmF,betula,betula_papyrifera,,NA,4,4,4,4,4,4,4,4,4,4,4,4,4,4,4,4,4,4,4,4,4,na,4,4,6,6,6,6,6,6,6
Bepa_WarmS/WarmF_B3_R15,3,WarmS/WarmF,betula,betula_papyrifera,,NA,4,4,4,4,4,4,4,4,4,4,4,4,4,4,4,4,4,4,4,4,4,na,4,5,5,5,6,6,6,6,6
Bepa_WarmS/WarmF_B1_R1_nitro,1,WarmS/WarmF_nitro,betula,betula_papyrifera,,NA,4,4,4,4,4,4,4,4,4,4,4,4,4,4,4,4,4,4,4,4,4,na,4,5,5,6,6,6,6,6,6
Bepa_WarmS/WarmF_B1_R2_nitro,1,WarmS/WarmF_nitro,betula,betula_papyrifera,,NA,4,4,4,4,4,4,4,4,4,4,4,4,4,4,4,4,4,4,4,4,4,na,4,6,6,6,6,6,6,6,6
Bepa_WarmS/WarmF_B1_R3_nitro,1,WarmS/WarmF_nitro,betula,betula_papyrifera,,NA,4,4,4,4,4,4,4,4,4,4,4,4,4,4,4,4,4,4,4,4,4,na,4,5,6,5,6,6,6,6,6
Bepa_WarmS/WarmF_B1_R4_nitro,1,WarmS/WarmF_nitro,betula,betula_papyrifera,,NA,4,4,4,4,4,4,4,4,4,4,4,4,4,4,4,4,4,4,4,4,4,na,4,5,5,6,6,6,6,6,6
Bepa_WarmS/WarmF_B1_R5_nitro,1,WarmS/WarmF_nitro,betula,betula_papyrifera,,NA,4,4,4,4,4,4,4,4,4,4,4,4,4,4,4,4,4,4,4,4,4,na,4,5,6,6,6,6,6,6,6
Bepa_WarmS/WarmF_B2_R6_nitro,2,WarmS/WarmF_nitro,betula,betula_papyrifera,,NA,4,4,4,4,4,4,4,4,4,4,4,4,4,4,4,4,4,4,4,4,4,na,4,6,6,6,6,6,6,6,6
Bepa_WarmS/WarmF_B2_R7_nitro,2,WarmS/WarmF_nitro,betula,betula_papyrifera,,NA,4,4,4,4,4,4,4,4,4,4,4,4,4,4,4,4,4,4,4,4,4,na,4,5,5,6,6,6,6,6,6
Bepa_WarmS/WarmF_B2_R8_nitro,2,WarmS/WarmF_nitro,betula,betula_papyrifera,,NA,4,4,4,4,4,4,4,4,4,4,4,4,4,4,4,4,4,4,4,4,4,na,4,6,6,6,6,6,6,6,6
Bepa_WarmS/WarmF_B2_R9_nitro,2,WarmS/WarmF_nitro,betula,betula_papyrifera,,NA,4,4,4,4,4,4,4,4,4,4,4,4,4,4,4,4,4,4,4,4,4,na,4,5,6,6,6,6,6,6,6
Bepa_WarmS/WarmF_B2_R10_nitro,2,WarmS/WarmF_nitro,betula,betula_papyrifera,,NA,4,4,4,4,4,4,4,4,4,4,4,4,4,4,4,4,4,4,4,4,4,na,4,5,4,5,6,6,6,6,6
Bepa_WarmS/WarmF_B3_R11_nitro,3,WarmS/WarmF_nitro,betula,betula_papyrifera,,NA,4,4,4,4,4,4,4,4,4,4,4,4,4,4,4,4,4,4,4,4,4,na,4,6,6,6,6,6,6,6,6
Bepa_WarmS/WarmF_B3_R12_nitro,3,WarmS/WarmF_nitro,betula,betula_papyrifera,,NA,4,4,4,4,4,4,4,4,4,4,4,4,4,4,4,4,4,4,4,4,4,na,4,5,6,6,6,6,6,6,6
Bepa_WarmS/WarmF_B3_R13_nitro,3,WarmS/WarmF_nitro,betula,betula_papyrifera,,NA,4,4,4,4,4,4,4,4,4,4,4,4,4,4,4,4,4,4,4,4,4,na,4,6,6,6,6,6,6,6,6
Bepa_WarmS/WarmF_B3_R14_nitro,3,WarmS/WarmF_nitro,betula,betula_papyrifera,,NA,4,4,4,4,4,4,4,4,4,4,4,4,4,4,4,4,4,4,4,4,4,na,4,5,6,6,6,6,6,6,6
Bepa_WarmS/WarmF_B3_R15_nitro,3,WarmS/WarmF_nitro,betula,betula_papyrifera,,NA,4,4,4,4,4,4,4,4,4,4,4,4,4,4,4,4,4,4,4,4,4,na,4,6,6,6,6,6,6,6,6
Pist_CoolS/CoolF_B1_R1,1,CoolS/CoolF,pinus,pinus_strobus,,1,NA,2,2,2,2,2,2,2,2,na,3,3,3,3,4,4,4,4,4,4,4,na,,6,6,6,6,6,6,6,6
Pist_CoolS/CoolF_B1_R2,1,CoolS/CoolF,pinus,pinus_strobus,,1,NA,1,1,2,2,2,2,2,2,na,3,3,3,3,4,4,4,4,4,4,4,na,,6,6,6,6,6,6,6,4
Pist_CoolS/CoolF_B1_R3,1,CoolS/CoolF,pinus,pinus_strobus,,1,NA,1,1,1,1,2,2,2,2,na,2,2,3,3,3,3,3,4,4,4,4,na,,6,6,6,6,6,6,6,6
Pist_CoolS/CoolF_B1_R4,1,CoolS/CoolF,pinus,pinus_strobus,,1,NA,1,1,1,1,1,2,2,2,na,2,2,2,3,4,4,4,4,4,4,4,na,,5,5,5,6,6,6,6,6
Pist_CoolS/CoolF_B1_R5,1,CoolS/CoolF,pinus,pinus_strobus,116: stage 2 not 3,2,NA,2,2,3,2,2,2,2,2,na,3,3,3,4,4,4,4,4,4,4,4,na,,6,6,4,4,4,4,4,4
Pist_CoolS/CoolF_B2_R6,2,CoolS/CoolF,pinus,pinus_strobus,,1,NA,1,1,1,1,2,2,2,2,na,2,2,2,4,4,4,4,4,4,4,4,na,,6,6,6,6,6,6,6,6
Pist_CoolS/CoolF_B2_R7,2,CoolS/CoolF,pinus,pinus_strobus,,0,NA,1,1,1,1,2,2,2,2,na,3,3,3,4,4,4,4,4,4,4,4,na,,6,6,6,6,6,6,6,6
Pist_CoolS/CoolF_B2_R8,2,CoolS/CoolF,pinus,pinus_strobus,,0,NA,1,1,1,1,1,2,2,2,na,2,3,3,4,4,4,4,4,4,4,4,na,,6,6,6,6,6,6,6,6
Pist_CoolS/CoolF_B2_R9,2,CoolS/CoolF,pinus,pinus_strobus,116: stage 2 not 3,2,NA,2,2,3,2,2,2,2,2,na,3,3,3,4,4,4,4,4,4,4,4,na,,6,6,6,6,6,6,6,6
Pist_CoolS/CoolF_B2_R10,2,CoolS/CoolF,pinus,pinus_strobus,,0,NA,0,0,1,1,1,1,1,1,na,2,2,2,3,4,4,4,4,4,4,4,na,,6,6,6,6,6,6,6,6
Pist_CoolS/CoolF_B3_R11,3,CoolS/CoolF,pinus,pinus_strobus,,1,NA,1,1,1,1,2,2,2,2,na,2,3,3,3,4,4,4,4,4,4,4,na,,6,6,6,6,6,6,6,6
Pist_CoolS/CoolF_B3_R12,3,CoolS/CoolF,pinus,pinus_strobus,,1,NA,2,2,2,1,2,2,2,2,na,3,3,4,4,4,4,4,4,4,4,4,na,,6,6,6,6,6,6,6,6
Pist_CoolS/CoolF_B3_R13,3,CoolS/CoolF,pinus,pinus_strobus,doy137: bug bit off apical shoot,1,NA,1,1,1,1,2,2,2,2,na,2,2,2,3,3,3,3,4,4,4,4,na,,4,4,4,4,4,4,4,4
Pist_CoolS/CoolF_B3_R14,3,CoolS/CoolF,pinus,pinus_strobus,,1,NA,1,1,1,1,2,2,2,2,na,2,2,3,3,3,3,3,4,4,4,4,na,,5,5,6,6,6,6,6,6
Pist_CoolS/CoolF_B3_R15,3,CoolS/CoolF,pinus,pinus_strobus,,1,NA,2,2,2,2,2,2,2,2,na,3,3,3,4,4,4,4,4,4,4,4,na,,6,6,6,6,6,6,6,6
Pist_CoolS/CoolF_B1_R1_nitro,1,CoolS/CoolF_nitro,pinus,pinus_strobus,,1,NA,1,1,1,2,2,2,2,2,na,3,3,3,3,4,4,4,4,4,4,4,na,,5,6,6,6,6,6,6,6
Pist_CoolS/CoolF_B1_R2_nitro,1,CoolS/CoolF_nitro,pinus,pinus_strobus,116: stage 1 not 2,1,NA,1,1,2,1,2,2,2,2,na,2,2,2,3,3,3,3,4,4,4,4,na,,6,6,6,6,6,6,6,6
Pist_CoolS/CoolF_B1_R3_nitro,1,CoolS/CoolF_nitro,pinus,pinus_strobus,,1,NA,2,2,2,2,2,2,2,2,na,3,3,3,4,4,4,4,4,4,4,4,na,,4,4,4,4,6,6,6,4
Pist_CoolS/CoolF_B1_R4_nitro,1,CoolS/CoolF_nitro,pinus,pinus_strobus,116: stage 1 not 2,1,NA,2,2,2,1,2,2,2,2,na,3,3,3,3,4,4,4,4,4,4,4,na,,6,6,6,6,6,6,6,6
Pist_CoolS/CoolF_B1_R5_nitro,1,CoolS/CoolF_nitro,pinus,pinus_strobus,,1,NA,1,1,2,2,2,2,2,2,na,3,3,3,3,4,4,4,4,4,4,4,na,,6,6,6,6,6,6,6,6
Pist_CoolS/CoolF_B2_R6_nitro,2,CoolS/CoolF_nitro,pinus,pinus_strobus,,1,NA,1,1,1,1,1,2,2,2,na,2,2,2,3,3,3,3,4,4,4,4,na,,6,6,6,6,6,6,6,6
Pist_CoolS/CoolF_B2_R7_nitro,2,CoolS/CoolF_nitro,pinus,pinus_strobus,,1,NA,2,2,2,2,2,2,2,2,na,3,3,3,4,4,4,4,4,4,4,4,na,,6,6,6,6,6,6,6,6
Pist_CoolS/CoolF_B2_R8_nitro,2,CoolS/CoolF_nitro,pinus,pinus_strobus,,1,NA,1,1,2,2,2,2,2,2,na,2,2,3,3,4,4,4,4,4,4,4,na,,6,6,6,6,6,6,6,6
Pist_CoolS/CoolF_B2_R9_nitro,2,CoolS/CoolF_nitro,pinus,pinus_strobus,116: stage 1 not 2,1,NA,1,1,2,1,2,2,2,2,na,2,2,2,3,3,3,3,4,4,4,4,na,,6,6,6,6,6,6,6,6
Pist_CoolS/CoolF_B2_R10_nitro,2,CoolS/CoolF_nitro,pinus,pinus_strobus,,1,NA,1,1,1,1,1,2,2,2,na,2,3,3,4,4,4,4,4,4,4,4,na,,6,6,6,6,6,6,6,6
Pist_CoolS/CoolF_B3_R11_nitro,3,CoolS/CoolF_nitro,pinus,pinus_strobus,,1,NA,1,1,1,1,1,2,2,2,na,2,2,3,4,4,4,4,4,4,4,4,na,,6,6,6,6,6,6,6,6
Pist_CoolS/CoolF_B3_R12_nitro,3,CoolS/CoolF_nitro,pinus,pinus_strobus,116: stage 2 not 3,1,NA,2,2,3,2,2,2,2,2,na,3,3,4,4,4,4,4,4,4,4,4,na,,6,6,6,6,6,6,6,6
Pist_CoolS/CoolF_B3_R13_nitro,3,CoolS/CoolF_nitro,pinus,pinus_strobus,,1,NA,1,1,1,1,2,1,1,1,na,2,2,2,3,3,3,3,4,4,4,4,na,,6,6,6,6,6,6,4,4
Pist_CoolS/CoolF_B3_R14_nitro,3,CoolS/CoolF_nitro,pinus,pinus_strobus,,0,NA,0,1,1,1,1,2,2,2,na,2,2,2,3,3,3,3,4,4,4,4,na,,5,5,5,6,6,6,6,6
Pist_CoolS/CoolF_B3_R15_nitro,3,CoolS/CoolF_nitro,pinus,pinus_strobus,116: stage 1 not 2,1,NA,2,2,2,1,2,2,2,2,na,3,3,3,4,4,4,4,4,4,4,4,na,,6,6,6,6,6,6,4,4
Pist_CoolS/WarmF_B1_R1,1,CoolS/WarmF,pinus,pinus_strobus,,1,NA,2,2,2,2,2,2,2,2,na,3,3,3,3,4,4,4,4,4,4,4,na,,6,6,6,6,6,6,6,6
Pist_CoolS/WarmF_B1_R2,1,CoolS/WarmF,pinus,pinus_strobus,,1,NA,1,1,1,1,2,2,2,2,na,2,2,3,3,3,3,3,4,4,4,4,na,,5,5,5,5,5,6,6,6
Pist_CoolS/WarmF_B1_R3,1,CoolS/WarmF,pinus,pinus_strobus,,1,NA,2,2,2,2,2,2,2,2,na,3,3,3,4,4,4,4,4,4,4,4,na,,6,6,6,6,6,6,6,6
Pist_CoolS/WarmF_B1_R4,1,CoolS/WarmF,pinus,pinus_strobus,,0,NA,0,0,0,1,1,2,2,2,na,2,2,2,3,3,3,3,4,4,4,4,na,,6,6,6,6,6,6,6,6
Pist_CoolS/WarmF_B1_R5,1,CoolS/WarmF,pinus,pinus_strobus,116: stage 1 not 2,1,NA,1,1,2,1,2,2,2,2,na,3,3,3,4,4,4,4,4,4,4,4,na,,6,6,6,6,6,6,6,6
Pist_CoolS/WarmF_B2_R6,2,CoolS/WarmF,pinus,pinus_strobus,,0,NA,0,0,0,1,1,2,2,2,na,2,2,3,3,4,4,4,4,4,4,4,na,,6,6,6,6,6,6,6,6
Pist_CoolS/WarmF_B2_R7,2,CoolS/WarmF,pinus,pinus_strobus,,1,NA,1,1,1,1,1,2,2,2,na,2,3,3,3,4,4,4,4,4,4,4,na,,6,6,6,6,6,6,6,6
Pist_CoolS/WarmF_B2_R8,2,CoolS/WarmF,pinus,pinus_strobus,,0,NA,1,1,1,1,2,2,2,2,na,3,3,3,4,4,4,4,4,4,4,4,na,,6,4,4,4,4,4,4,4
Pist_CoolS/WarmF_B2_R9,2,CoolS/WarmF,pinus,pinus_strobus,,1,NA,1,1,1,1,1,2,2,2,na,2,2,2,3,3,3,3,4,4,4,4,na,,6,6,6,6,6,6,6,6
Pist_CoolS/WarmF_B2_R10,2,CoolS/WarmF,pinus,pinus_strobus,,1,NA,2,2,2,2,2,2,2,2,na,3,3,3,4,4,4,4,4,4,4,4,na,,6,6,6,6,6,6,4,4
Pist_CoolS/WarmF_B3_R11,3,CoolS/WarmF,pinus,pinus_strobus,,1,NA,2,2,2,2,2,2,2,2,na,2,3,3,4,4,4,4,4,4,4,4,na,,5,5,5,5,6,6,6,6
Pist_CoolS/WarmF_B3_R12,3,CoolS/WarmF,pinus,pinus_strobus,116: stage 1 not 2,1,NA,1,1,2,1,2,2,2,2,na,2,3,3,3,3,3,3,4,4,4,4,na,,5,5,5,5,6,6,6,6
Pist_CoolS/WarmF_B3_R13,3,CoolS/WarmF,pinus,pinus_strobus,,0,NA,0,0,0,1,1,1,1,1,na,2,2,2,3,3,3,3,4,4,4,4,na,,5,5,5,5,6,6,6,6
Pist_CoolS/WarmF_B3_R14,3,CoolS/WarmF,pinus,pinus_strobus,116: stage 1 not 2,1,NA,1,1,2,1,2,2,2,2,na,2,3,3,4,4,4,4,4,4,4,4,na,,6,6,6,6,6,6,6,6
Pist_CoolS/WarmF_B3_R15,3,CoolS/WarmF,pinus,pinus_strobus,,1,NA,1,1,1,1,1,2,2,2,na,2,2,2,3,3,3,3,4,4,4,4,na,,5,6,6,6,6,6,6,6
Pist_WarmS/CoolF_B1_R1,1,WarmS/CoolF,pinus,pinus_strobus,,NA,2,2,3,3,3,3,3,3,3,na,4,4,4,4,4,4,4,4,4,4,4,na,,6,6,6,6,6,6,6,6
Pist_WarmS/CoolF_B1_R2,1,WarmS/CoolF,pinus,pinus_strobus,,NA,2,2,2,2,3,3,3,3,3,na,4,4,4,4,4,4,4,4,4,4,4,na,,6,6,6,6,6,6,6,6
Pist_WarmS/CoolF_B1_R3,1,WarmS/CoolF,pinus,pinus_strobus,,NA,2,2,2,2,3,3,3,3,3,na,4,4,4,4,4,4,4,4,4,4,4,na,,6,6,6,6,6,6,6,6
Pist_WarmS/CoolF_B1_R4,1,WarmS/CoolF,pinus,pinus_strobus,,NA,1,1,1,1,2,2,2,2,2,na,4,4,4,4,4,4,4,4,4,4,4,na,,6,6,6,6,6,6,6,6
Pist_WarmS/CoolF_B1_R5,1,WarmS/CoolF,pinus,pinus_strobus,,NA,2,2,2,2,2,2,2,2,2,na,4,4,4,4,4,4,4,4,4,4,4,na,,6,6,6,6,6,6,6,6
Pist_WarmS/CoolF_B2_R6,2,WarmS/CoolF,pinus,pinus_strobus,,NA,2,2,2,2,2,3,3,3,3,na,4,4,4,4,4,4,4,4,4,4,4,na,,6,6,6,6,6,6,6,6
Pist_WarmS/CoolF_B2_R7,2,WarmS/CoolF,pinus,pinus_strobus,,NA,2,2,3,3,3,3,3,3,3,na,4,4,4,4,4,4,4,4,4,4,4,na,,6,6,6,6,6,6,6,6
Pist_WarmS/CoolF_B2_R8,2,WarmS/CoolF,pinus,pinus_strobus,,NA,2,2,3,3,3,3,3,3,3,na,4,4,4,4,4,4,4,4,4,4,4,na,,6,6,6,6,6,6,6,6
Pist_WarmS/CoolF_B2_R9,2,WarmS/CoolF,pinus,pinus_strobus,,NA,1,1,1,1,2,2,2,2,2,na,3,3,3,4,4,4,4,4,4,4,4,na,,6,6,6,6,6,6,6,6
Pist_WarmS/CoolF_B2_R10,2,WarmS/CoolF,pinus,pinus_strobus,,NA,2,2,3,3,3,4,4,4,4,na,4,4,4,4,4,4,4,4,4,4,4,na,,6,6,6,6,6,6,6,6
Pist_WarmS/CoolF_B3_R11,3,WarmS/CoolF,pinus,pinus_strobus,,NA,1,1,1,1,2,2,2,2,2,na,2,3,4,4,4,4,4,4,4,4,4,na,,6,5,6,6,6,6,6,6
Pist_WarmS/CoolF_B3_R12,3,WarmS/CoolF,pinus,pinus_strobus,,NA,2,2,2,3,3,3,3,3,3,na,4,4,4,4,4,4,4,4,4,4,4,na,,6,6,6,6,6,6,6,6
Pist_WarmS/CoolF_B3_R13,3,WarmS/CoolF,pinus,pinus_strobus,,NA,2,2,2,3,3,3,3,3,3,na,4,4,4,4,4,4,4,4,4,4,4,na,,6,6,6,6,6,6,6,6
Pist_WarmS/CoolF_B3_R14,3,WarmS/CoolF,pinus,pinus_strobus,,NA,2,2,2,3,3,4,4,4,4,na,4,4,4,4,4,4,4,4,4,4,4,na,,6,6,6,6,6,4,4,4
Pist_WarmS/CoolF_B3_R15,3,WarmS/CoolF,pinus,pinus_strobus,,NA,2,2,2,2,3,3,3,3,3,na,4,4,4,4,4,4,4,4,4,4,4,na,,6,6,6,6,6,6,6,6
Pist_WarmS/WarmF_B1_R1,1,WarmS/WarmF,pinus,pinus_strobus,,NA,2,2,2,2,3,3,3,3,3,na,4,4,4,4,4,4,4,4,4,4,4,na,,6,6,6,6,6,6,6,6
Pist_WarmS/WarmF_B1_R2,1,WarmS/WarmF,pinus,pinus_strobus,,NA,2,2,3,3,3,3,3,3,3,na,4,4,4,4,4,4,4,4,4,4,4,na,,6,6,6,6,6,6,6,6
Pist_WarmS/WarmF_B1_R3,1,WarmS/WarmF,pinus,pinus_strobus,,NA,2,2,2,2,2,2,2,3,3,na,4,4,4,4,4,4,4,4,4,4,4,na,,6,6,6,6,6,6,6,6
Pist_WarmS/WarmF_B1_R4,1,WarmS/WarmF,pinus,pinus_strobus,,NA,1,1,1,2,2,2,2,2,2,na,4,4,4,4,4,4,4,4,4,4,4,na,,5,6,6,6,6,6,6,6
Pist_WarmS/WarmF_B1_R5,1,WarmS/WarmF,pinus,pinus_strobus,,NA,2,2,2,2,3,4,4,4,4,na,4,4,4,4,4,4,4,4,4,4,4,na,,6,6,6,6,6,6,6,6
Pist_WarmS/WarmF_B2_R6,2,WarmS/WarmF,pinus,pinus_strobus,,NA,1,1,2,2,2,2,2,2,2,na,4,4,4,4,4,4,4,4,4,4,4,na,,6,6,6,6,6,6,6,6
Pist_WarmS/WarmF_B2_R7,2,WarmS/WarmF,pinus,pinus_strobus,,NA,2,2,2,2,2,2,2,2,2,na,4,4,4,4,4,4,4,4,4,4,4,na,,6,5,6,6,6,6,6,6
Pist_WarmS/WarmF_B2_R8,2,WarmS/WarmF,pinus,pinus_strobus,,NA,2,2,2,2,3,3,3,3,3,na,4,4,4,4,4,4,4,4,4,4,4,na,,6,6,6,6,6,6,6,6
Pist_WarmS/WarmF_B2_R9,2,WarmS/WarmF,pinus,pinus_strobus,,NA,2,2,2,2,3,3,3,3,3,na,4,4,4,4,4,4,4,4,4,4,4,na,,6,6,6,6,6,6,6,6
Pist_WarmS/WarmF_B2_R10,2,WarmS/WarmF,pinus,pinus_strobus,,NA,2,2,2,3,3,3,3,3,3,na,4,4,4,4,4,4,4,4,4,4,4,na,,6,6,6,4,4,4,4,4
Pist_WarmS/WarmF_B3_R11,3,WarmS/WarmF,pinus,pinus_strobus,,NA,2,2,3,3,3,3,3,4,4,na,4,4,4,4,4,4,4,4,4,4,4,na,,6,6,6,6,6,6,6,6
Pist_WarmS/WarmF_B3_R12,3,WarmS/WarmF,pinus,pinus_strobus,,NA,1,1,1,1,2,2,2,2,2,na,3,3,3,4,4,4,4,4,4,4,4,na,,6,6,6,6,6,6,6,6
Pist_WarmS/WarmF_B3_R13,3,WarmS/WarmF,pinus,pinus_strobus,,NA,2,2,2,2,3,3,3,2,3,na,4,4,4,4,4,4,4,4,4,4,4,na,,6,6,6,6,6,6,6,6
Pist_WarmS/WarmF_B3_R14,3,WarmS/WarmF,pinus,pinus_strobus,,NA,2,2,2,2,3,3,3,3,3,na,4,4,4,4,4,4,4,4,4,4,4,na,,6,6,6,6,6,6,6,6
Pist_WarmS/WarmF_B3_R15,3,WarmS/WarmF,pinus,pinus_strobus,,NA,2,2,3,2,3,3,3,3,3,na,4,4,4,4,4,4,4,4,4,4,4,na,,6,6,6,6,6,6,6,6
Pist_WarmS/WarmF_B1_R1_nitro,1,WarmS/WarmF_nitro,pinus,pinus_strobus,,NA,2,2,2,1,2,3,3,3,3,na,4,4,4,4,4,4,4,4,4,4,4,na,,5,6,6,6,6,6,6,6
Pist_WarmS/WarmF_B1_R2_nitro,1,WarmS/WarmF_nitro,pinus,pinus_strobus,,NA,1,1,1,1,2,2,2,2,2,na,4,4,4,4,4,4,4,4,4,4,4,na,,6,6,6,6,6,6,6,6
Pist_WarmS/WarmF_B1_R3_nitro,1,WarmS/WarmF_nitro,pinus,pinus_strobus,,NA,2,2,3,3,3,4,4,4,4,na,4,4,4,4,4,4,4,4,4,4,4,na,,6,6,6,6,6,6,6,6
Pist_WarmS/WarmF_B1_R4_nitro,1,WarmS/WarmF_nitro,pinus,pinus_strobus,,NA,2,2,3,3,3,4,4,4,4,na,4,4,4,4,4,4,4,4,4,4,4,na,,6,6,6,6,6,6,6,6
Pist_WarmS/WarmF_B1_R5_nitro,1,WarmS/WarmF_nitro,pinus,pinus_strobus,,NA,2,2,3,2,3,3,3,3,4,na,4,4,4,4,4,4,4,4,4,4,4,na,,6,6,6,6,6,6,6,6
Pist_WarmS/WarmF_B2_R6_nitro,2,WarmS/WarmF_nitro,pinus,pinus_strobus,,NA,2,2,2,3,3,4,4,4,4,na,4,4,4,4,4,4,4,4,4,4,4,na,,6,6,6,6,6,6,6,6
Pist_WarmS/WarmF_B2_R7_nitro,2,WarmS/WarmF_nitro,pinus,pinus_strobus,,NA,2,2,2,2,3,3,3,3,3,na,4,4,4,4,4,4,4,4,4,4,4,na,,6,6,6,6,6,6,6,6
Pist_WarmS/WarmF_B2_R8_nitro,2,WarmS/WarmF_nitro,pinus,pinus_strobus,,NA,2,2,2,2,2,3,3,3,3,na,4,4,4,4,4,4,4,4,4,4,4,na,,6,6,6,6,6,6,6,6
Pist_WarmS/WarmF_B2_R9_nitro,2,WarmS/WarmF_nitro,pinus,pinus_strobus,,NA,2,2,2,2,2,2,3,3,3,na,4,4,4,4,4,4,4,4,4,4,4,na,,6,6,6,6,6,6,6,6
Pist_WarmS/WarmF_B2_R10_nitro,2,WarmS/WarmF_nitro,pinus,pinus_strobus,,NA,1,1,2,2,2,2,2,2,2,na,3,4,4,4,4,4,4,4,4,4,4,na,,6,6,6,6,6,6,6,6
Pist_WarmS/WarmF_B3_R11_nitro,3,WarmS/WarmF_nitro,pinus,pinus_strobus,,NA,2,2,2,3,3,4,4,4,4,na,4,4,4,4,4,4,4,4,4,4,4,na,,6,6,6,6,6,6,6,6
Pist_WarmS/WarmF_B3_R12_nitro,3,WarmS/WarmF_nitro,pinus,pinus_strobus,,NA,1,1,1,2,2,2,2,2,2,na,3,4,4,4,4,4,4,4,4,4,4,na,,5,5,5,5,6,6,6,6
Pist_WarmS/WarmF_B3_R13_nitro,3,WarmS/WarmF_nitro,pinus,pinus_strobus,,NA,1,1,1,2,2,2,2,3,3,na,3,4,4,4,4,4,4,4,4,4,4,na,,6,6,6,6,6,6,6,6
Pist_WarmS/WarmF_B3_R14_nitro,3,WarmS/WarmF_nitro,pinus,pinus_strobus,,NA,2,2,2,2,2,3,3,3,3,na,4,4,4,4,4,4,4,4,4,4,4,na,,6,6,6,6,6,6,6,6
Pist_WarmS/WarmF_B3_R15_nitro,3,WarmS/WarmF_nitro,pinus,pinus_strobus,,NA,2,2,2,2,3,3,3,3,3,na,4,4,4,4,4,4,4,4,4,4,4,na,,6,6,6,6,6,6,6,4
Poba_CoolS/CoolF_B1_R1,1,CoolS/CoolF,populus,populus_balsamifera,doy 207: apical shoot ate; doy 242: apical shoot died,2,NA,2,3,3,3,3,4,4,4,4,4,4,4,4,4,4,4,4,4,4,4,na,4,4,6,4,4,4,4,4,na
Poba_CoolS/CoolF_B1_R2,1,CoolS/CoolF,populus,populus_balsamifera,,3,NA,3,3,3,3,3,4,4,4,4,4,4,4,4,4,4,4,4,4,4,4,na,4,4,4,4,4,4,4,4,4
Poba_CoolS/CoolF_B1_R3,1,CoolS/CoolF,populus,populus_balsamifera,,2,NA,2,3,3,3,3,3,3,3,3,4,4,4,4,4,4,4,4,4,4,4,na,4,4,6,4,4,4,5,0,0
Poba_CoolS/CoolF_B1_R4,1,CoolS/CoolF,populus,populus_balsamifera,doy 207: apical shoot ate doy221: apical shoot dead,3,NA,3,3,4,4,4,4,4,4,4,4,4,4,4,4,4,4,4,4,4,4,na,4,4,4,4,4,na,na,na,na
Poba_CoolS/CoolF_B1_R5,1,CoolS/CoolF,populus,populus_balsamifera,doy221: apical shoot dead,3,NA,3,3,3,3,4,4,4,4,4,4,4,4,4,4,4,4,4,4,4,4,na,4,4,4,4,4,na,4,4,4
Poba_CoolS/CoolF_B2_R6,2,CoolS/CoolF,populus,populus_balsamifera,,2,NA,2,3,2,3,3,3,3,3,3,4,4,4,4,4,4,4,4,4,4,4,na,4,4,4,4,4,4,4,4,4
Poba_CoolS/CoolF_B2_R7,2,CoolS/CoolF,populus,populus_balsamifera,,2,NA,2,2,3,3,4,4,4,4,4,4,4,4,4,4,4,4,4,4,4,4,na,4,4,4,4,4,4,6,0,0
Poba_CoolS/CoolF_B2_R8,2,CoolS/CoolF,populus,populus_balsamifera,"doy148: apical shoot is dead, lateral branch is fully leafed out",2,NA,2,NA,1,3,1,1,1,1,2,1,1,1,na,na,na,na,na,na,na,na,na,4,4,4,4,4,na,na,na,na
Poba_CoolS/CoolF_B2_R9,2,CoolS/CoolF,populus,populus_balsamifera,,1,NA,2,2,2,3,2,2,2,2,2,4,4,4,4,4,4,4,4,4,4,4,na,4,4,4,6,6,4,4,4,4
Poba_CoolS/CoolF_B2_R10,2,CoolS/CoolF,populus,populus_balsamifera,,2,NA,2,3,3,3,3,4,4,4,4,4,4,4,4,4,4,4,4,4,4,4,na,4,4,4,4,4,4,4,4,4
Poba_CoolS/CoolF_B3_R11,3,CoolS/CoolF,populus,populus_balsamifera,"doy 207: apical shoot ate, no lateral shoot yet",2,NA,2,2,2,3,2,3,3,3,3,3,3,4,4,4,4,4,4,4,4,4,na,4,4,4,na,na,na,na,na,na
Poba_CoolS/CoolF_B3_R12,3,CoolS/CoolF,populus,populus_balsamifera,doy137: dead,1,NA,1,1,1,3,1,1,1,1,1,NA,na,na,na,na,na,na,na,na,na,na,na,4,4,na,na,na,na,na,na,na
Poba_CoolS/CoolF_B3_R13,3,CoolS/CoolF,populus,populus_balsamifera,,2,NA,2,3,3,3,4,4,4,4,4,4,4,4,4,4,4,4,4,4,4,4,na,4,4,4,4,4,4,4,4,4
Poba_CoolS/CoolF_B3_R14,3,CoolS/CoolF,populus,populus_balsamifera,,2,NA,2,2,3,3,3,3,3,3,3,4,4,4,4,4,4,4,4,4,4,4,na,4,4,4,4,4,4,4,0,0
Poba_CoolS/CoolF_B3_R15,3,CoolS/CoolF,populus,populus_balsamifera,,2,NA,3,3,3,3,3,3,3,4,4,4,4,4,4,4,4,4,4,4,4,4,na,4,4,4,4,4,4,4,4,6
Poba_CoolS/CoolF_B1_R1_nitro,1,CoolS/CoolF_nitro,populus,populus_balsamifera,,2,NA,2,2,2,3,3,3,3,3,3,4,4,4,4,4,4,4,4,4,4,4,na,4,4,4,4,4,4,4,4,6
Poba_CoolS/CoolF_B1_R2_nitro,1,CoolS/CoolF_nitro,populus,populus_balsamifera,,2,NA,3,3,3,3,3,3,3,3,3,4,4,4,4,4,4,4,4,4,4,4,na,4,4,4,4,4,4,4,4,4
Poba_CoolS/CoolF_B1_R3_nitro,1,CoolS/CoolF_nitro,populus,populus_balsamifera,,1,NA,2,2,2,3,3,3,3,3,3,3,3,4,4,4,4,4,4,4,4,4,na,4,4,4,4,4,4,4,0,0
Poba_CoolS/CoolF_B1_R4_nitro,1,CoolS/CoolF_nitro,populus,populus_balsamifera,,3,NA,3,3,4,4,4,4,4,4,4,4,4,4,4,4,4,4,4,4,4,4,na,4,4,5,4,4,4,6,0,0
Poba_CoolS/CoolF_B1_R5_nitro,1,CoolS/CoolF_nitro,populus,populus_balsamifera,,3,NA,3,3,4,4,4,4,4,4,4,4,4,4,4,4,4,4,4,4,4,4,na,4,4,4,4,4,4,4,4,4
Poba_CoolS/CoolF_B2_R6_nitro,2,CoolS/CoolF_nitro,populus,populus_balsamifera,,2,NA,2,3,2,3,3,2,2,2,2,3,4,4,4,4,4,4,4,4,4,4,na,4,4,4,4,4,4,6,0,0
Poba_CoolS/CoolF_B2_R7_nitro,2,CoolS/CoolF_nitro,populus,populus_balsamifera,,2,NA,2,2,2,3,3,2,2,2,2,3,4,4,4,4,4,4,4,4,4,4,na,4,4,4,4,4,4,6,0,0
Poba_CoolS/CoolF_B2_R8_nitro,2,CoolS/CoolF_nitro,populus,populus_balsamifera,doy137: shoot that isn't tagged is getting measured,2,NA,2,2,3,3,3,4,4,4,4,4,4,4,4,4,4,4,4,4,4,4,na,4,4,5,4,4,4,4,6,0
Poba_CoolS/CoolF_B2_R9_nitro,2,CoolS/CoolF_nitro,populus,populus_balsamifera,,2,NA,2,2,2,2,2,3,3,3,3,4,4,4,4,4,4,4,4,4,4,4,na,4,6,4,4,4,4,4,4,0
Poba_CoolS/CoolF_B2_R10_nitro,2,CoolS/CoolF_nitro,populus,populus_balsamifera,,2,NA,2,2,2,3,3,3,3,3,3,4,4,4,4,4,4,4,4,4,4,4,na,4,4,4,4,4,4,4,4,4
Poba_CoolS/CoolF_B3_R11_nitro,3,CoolS/CoolF_nitro,populus,populus_balsamifera,"doy 235: apical shoot dead, measurement from next nearest bud",2,NA,2,3,3,3,3,3,3,3,4,4,4,4,4,4,4,4,4,4,4,4,na,4,4,6,4,4,4,4,na,na
Poba_CoolS/CoolF_B3_R12_nitro,3,CoolS/CoolF_nitro,populus,populus_balsamifera,,2,NA,2,3,3,3,3,4,4,4,4,4,4,4,4,4,4,4,4,4,4,4,na,4,4,4,4,4,4,4,4,4
Poba_CoolS/CoolF_B3_R13_nitro,3,CoolS/CoolF_nitro,populus,populus_balsamifera,doy221: apical shoot broken,3,NA,3,3,3,3,3,3,3,3,4,4,4,4,4,4,4,4,4,4,4,4,na,4,4,4,4,4,na,na,na,na
Poba_CoolS/CoolF_B3_R14_nitro,3,CoolS/CoolF_nitro,populus,populus_balsamifera,,2,NA,2,2,3,3,4,4,4,4,4,4,4,4,4,4,4,4,4,4,4,4,na,4,4,5,4,4,4,4,4,0
Poba_CoolS/CoolF_B3_R15_nitro,3,CoolS/CoolF_nitro,populus,populus_balsamifera,,1,NA,2,2,2,3,3,1,1,1,1,3,3,3,4,4,4,4,4,4,4,4,na,4,4,4,4,5,4,4,4,4
Poba_CoolS/WarmF_B1_R1,1,CoolS/WarmF,populus,populus_balsamifera,,2,NA,2,2,2,3,3,3,3,3,3,4,4,4,4,4,4,4,4,4,4,4,na,4,4,4,4,4,4,4,5,4
Poba_CoolS/WarmF_B1_R2,1,CoolS/WarmF,populus,populus_balsamifera,,1,NA,1,1,2,3,2,2,2,2,2,4,4,4,4,4,4,4,4,4,4,4,na,4,4,5,4,4,4,4,4,4
Poba_CoolS/WarmF_B1_R3,1,CoolS/WarmF,populus,populus_balsamifera,,2,NA,3,3,3,3,3,3,3,3,3,4,4,4,4,4,4,4,4,4,4,4,na,4,4,4,4,4,4,4,4,0
Poba_CoolS/WarmF_B1_R4,1,CoolS/WarmF,populus,populus_balsamifera,,1,NA,2,2,2,3,2,3,3,3,4,4,4,4,4,4,4,4,4,4,4,4,na,4,4,5,4,4,4,4,4,6
Poba_CoolS/WarmF_B1_R5,1,CoolS/WarmF,populus,populus_balsamifera,,1,NA,2,2,2,3,2,2,2,2,2,3,3,3,3,4,4,4,4,4,4,4,na,4,4,5,4,4,4,4,4,6
Poba_CoolS/WarmF_B2_R6,2,CoolS/WarmF,populus,populus_balsamifera,,2,NA,1,1,1,3,1,2,2,2,2,3,4,4,4,4,4,4,4,4,4,4,na,4,4,4,4,4,4,4,4,4
Poba_CoolS/WarmF_B2_R7,2,CoolS/WarmF,populus,populus_balsamifera,,2,NA,2,2,2,3,3,3,3,3,3,4,4,4,4,4,4,4,4,4,4,4,na,4,4,4,4,4,0,4,4,4
Poba_CoolS/WarmF_B2_R8,2,CoolS/WarmF,populus,populus_balsamifera,,3,NA,3,3,3,3,4,4,4,4,4,4,4,4,4,4,4,4,4,4,4,4,na,4,5,4,4,4,4,4,4,4
Poba_CoolS/WarmF_B2_R9,2,CoolS/WarmF,populus,populus_balsamifera,,1,NA,2,2,2,3,1,2,2,2,2,3,3,3,3,4,4,4,4,4,4,4,na,4,4,4,4,4,4,4,0,0
Poba_CoolS/WarmF_B2_R10,2,CoolS/WarmF,populus,populus_balsamifera,,2,NA,3,3,3,3,3,3,3,3,3,4,4,4,4,4,4,4,4,4,4,4,na,4,4,4,4,4,4,4,4,4
Poba_CoolS/WarmF_B3_R11,3,CoolS/WarmF,populus,populus_balsamifera,,3,NA,3,3,4,4,4,4,4,4,4,4,4,4,4,4,4,4,4,4,4,4,na,4,4,4,4,4,4,4,4,4
Poba_CoolS/WarmF_B3_R12,3,CoolS/WarmF,populus,populus_balsamifera,,2,NA,2,2,2,2,2,2,3,3,3,4,4,4,4,4,4,4,4,4,4,4,na,4,4,4,4,4,4,4,4,4
Poba_CoolS/WarmF_B3_R13,3,CoolS/WarmF,populus,populus_balsamifera,,1,NA,2,2,2,3,3,3,3,3,3,4,4,4,4,4,4,4,4,4,4,4,na,4,4,4,4,4,4,4,4,4
Poba_CoolS/WarmF_B3_R14,3,CoolS/WarmF,populus,populus_balsamifera,,2,NA,3,3,3,3,4,4,4,4,4,4,4,4,4,4,4,4,4,4,4,4,na,4,4,4,4,4,4,4,4,4
Poba_CoolS/WarmF_B3_R15,3,CoolS/WarmF,populus,populus_balsamifera,"doy221: apical shoot dead; doy 242: new shoot has been growing, unsure where previous dead or why observations not taken",2,NA,2,2,2,2,2,2,2,2,3,3,3,4,4,4,4,4,4,4,4,4,na,4,4,4,4,4,na,na,na,4
Poba_WarmS/CoolF_B1_R1,1,WarmS/CoolF,populus,populus_balsamifera,doy 207: apical shoot ate doy221: shoot dead,NA,4,4,4,4,4,4,4,4,4,4,4,4,4,4,4,4,4,4,4,4,4,na,4,4,6,4,4,na,na,na,na
Poba_WarmS/CoolF_B1_R2,1,WarmS/CoolF,populus,populus_balsamifera,,NA,4,4,4,4,4,4,4,4,4,4,4,4,4,4,4,4,4,4,4,4,4,na,4,4,5,4,4,4,0,4,0
Poba_WarmS/CoolF_B1_R3,1,WarmS/CoolF,populus,populus_balsamifera,,NA,4,4,4,4,4,4,4,4,4,4,4,4,4,4,4,4,4,4,4,4,4,na,4,4,5,4,4,4,4,4,4
Poba_WarmS/CoolF_B1_R4,1,WarmS/CoolF,populus,populus_balsamifera,,NA,4,4,4,4,4,4,4,4,4,4,4,4,4,4,4,4,4,4,4,4,4,na,4,4,4,4,4,4,4,4,4
Poba_WarmS/CoolF_B1_R5,1,WarmS/CoolF,populus,populus_balsamifera,,NA,4,4,4,4,4,4,4,4,4,4,4,4,4,4,4,4,4,4,4,4,4,na,4,4,4,4,4,4,4,4,4
Poba_WarmS/CoolF_B2_R6,2,WarmS/CoolF,populus,populus_balsamifera,dead,NA,4,4,4,4,4,4,4,4,na,na,NA,na,na,na,na,na,na,na,na,na,na,na,4,4,na,na,na,na,na,na,na
Poba_WarmS/CoolF_B2_R7,2,WarmS/CoolF,populus,populus_balsamifera,,NA,4,4,4,4,4,4,4,4,4,4,4,4,4,4,4,4,4,4,4,4,4,na,4,4,4,4,4,4,4,0,0
Poba_WarmS/CoolF_B2_R8,2,WarmS/CoolF,populus,populus_balsamifera,"probably dead. Doy137: main shoot dead, sprouting from bottom, no phenomonitoring",NA,4,4,4,4,4,4,4,4,na,na,NA,na,na,na,na,na,na,na,na,na,na,na,4,4,na,na,na,na,na,na,na
Poba_WarmS/CoolF_B2_R9,2,WarmS/CoolF,populus,populus_balsamifera,,NA,4,4,4,4,4,4,4,4,4,4,4,4,4,4,4,4,4,4,4,4,4,na,4,4,4,4,4,4,4,4,4
Poba_WarmS/CoolF_B2_R10,2,WarmS/CoolF,populus,populus_balsamifera,,NA,4,4,4,4,4,4,4,4,4,4,4,4,4,4,4,4,4,4,4,4,4,na,4,4,4,4,4,4,4,4,4
Poba_WarmS/CoolF_B3_R11,3,WarmS/CoolF,populus,populus_balsamifera,,NA,2,2,3,3,4,4,4,4,4,4,4,4,4,4,4,4,4,4,4,4,4,na,4,6,4,4,4,4,4,4,5
Poba_WarmS/CoolF_B3_R12,3,WarmS/CoolF,populus,populus_balsamifera,doy221: apical shoot dead,NA,4,4,4,4,4,4,4,4,4,4,4,4,4,4,4,4,4,4,4,4,4,na,4,4,4,4,4,na,na,na,na
Poba_WarmS/CoolF_B3_R13,3,WarmS/CoolF,populus,populus_balsamifera,,NA,4,4,4,4,4,4,4,4,4,4,4,4,4,4,4,4,4,4,4,4,4,na,4,4,4,4,4,4,4,4,4
Poba_WarmS/CoolF_B3_R14,3,WarmS/CoolF,populus,populus_balsamifera,,NA,4,4,4,4,4,4,4,4,4,4,4,4,4,4,4,4,4,4,4,4,4,na,4,4,4,4,4,4,4,4,4
Poba_WarmS/CoolF_B3_R15,3,WarmS/CoolF,populus,populus_balsamifera,,NA,4,4,4,4,4,4,4,4,4,4,4,4,4,4,4,4,4,4,4,4,4,na,4,4,4,4,4,4,na,na,na
Poba_WarmS/WarmF_B1_R1,1,WarmS/WarmF,populus,populus_balsamifera,,NA,4,4,4,4,4,4,4,4,4,4,4,4,4,4,4,4,4,4,4,4,4,na,4,4,4,4,4,4,4,4,4
Poba_WarmS/WarmF_B1_R2,1,WarmS/WarmF,populus,populus_balsamifera,,NA,4,4,4,4,4,4,4,4,4,4,4,4,4,4,4,4,4,4,4,4,4,na,4,4,4,4,4,5,5,4,4
Poba_WarmS/WarmF_B1_R3,1,WarmS/WarmF,populus,populus_balsamifera,doy221: all shoots dead,NA,4,4,4,4,4,4,4,4,4,4,4,4,4,4,4,4,4,4,4,4,4,na,4,4,4,4,4,na,na,na,na
Poba_WarmS/WarmF_B1_R4,1,WarmS/WarmF,populus,populus_balsamifera,,NA,4,4,4,4,4,4,4,4,4,4,4,4,4,4,4,4,4,4,4,4,4,na,4,4,4,4,4,4,4,4,4
Poba_WarmS/WarmF_B1_R5,1,WarmS/WarmF,populus,populus_balsamifera,,NA,4,4,4,4,4,4,4,4,4,4,4,4,4,4,4,4,4,4,4,4,4,na,4,4,6,4,4,4,4,6,6
Poba_WarmS/WarmF_B2_R6,2,WarmS/WarmF,populus,populus_balsamifera,doy 192: rebursting?? Might be second flush (big green bud),NA,4,4,4,4,4,4,4,4,4,4,4,4,4,4,4,4,4,4,4,4,4,na,4,4,4,4,4,4,4,4,4
Poba_WarmS/WarmF_B2_R7,2,WarmS/WarmF,populus,populus_balsamifera,,NA,4,4,4,4,4,4,4,4,4,4,4,4,4,4,4,4,4,4,4,4,4,na,4,4,6,0,0,4,4,4,4
Poba_WarmS/WarmF_B2_R8,2,WarmS/WarmF,populus,populus_balsamifera,,NA,4,4,4,4,4,4,4,4,4,4,4,4,4,4,4,4,4,4,4,4,4,na,4,4,4,4,4,4,4,4,4
Poba_WarmS/WarmF_B2_R9,2,WarmS/WarmF,populus,populus_balsamifera,,NA,4,4,4,4,4,4,4,4,4,4,4,4,4,4,4,4,4,4,4,4,4,na,4,4,4,4,4,4,4,4,4
Poba_WarmS/WarmF_B2_R10,2,WarmS/WarmF,populus,populus_balsamifera,,NA,4,4,4,4,4,4,4,4,4,4,4,4,4,4,4,4,4,4,4,4,4,na,4,4,4,4,6,4,4,4,4
Poba_WarmS/WarmF_B3_R11,3,WarmS/WarmF,populus,populus_balsamifera,,NA,2,2,3,3,4,4,4,4,4,4,4,4,4,4,4,4,4,4,4,4,4,na,4,4,4,4,4,4,4,4,4
Poba_WarmS/WarmF_B3_R12,3,WarmS/WarmF,populus,populus_balsamifera,,NA,4,4,4,4,4,4,4,4,4,4,4,4,4,4,4,4,4,4,4,4,4,na,4,4,4,4,4,4,4,4,4
Poba_WarmS/WarmF_B3_R13,3,WarmS/WarmF,populus,populus_balsamifera,"doy 207: apical shoot ate, no lateral shoot yet; doy 242: new apical shoot has grown over where previous shoot died (amazing)",NA,4,4,4,4,4,4,4,4,4,4,4,4,4,4,4,4,4,4,4,4,4,na,4,4,4,na,na,na,na,na,4
Poba_WarmS/WarmF_B3_R14,3,WarmS/WarmF,populus,populus_balsamifera,,NA,4,4,4,4,4,4,4,4,4,4,4,4,4,4,4,4,4,4,4,4,4,na,4,5,4,4,4,4,4,4,4
Poba_WarmS/WarmF_B3_R15,3,WarmS/WarmF,populus,populus_balsamifera,,NA,4,4,4,4,4,4,4,4,4,4,4,4,4,4,4,4,4,4,4,4,4,na,4,4,4,4,4,4,4,4,4
Poba_WarmS/WarmF_B1_R1_nitro,1,WarmS/WarmF_nitro,populus,populus_balsamifera,,NA,4,4,4,4,4,4,4,4,4,4,4,4,4,4,4,4,4,4,4,4,4,na,4,4,5,4,4,4,4,4,4
Poba_WarmS/WarmF_B1_R2_nitro,1,WarmS/WarmF_nitro,populus,populus_balsamifera,,NA,2,2,2,2,2,2,2,2,2,2,2,2,2,3,3,3,3,3,4,4,4,na,4,4,4,5,5,4,4,5,4
Poba_WarmS/WarmF_B1_R3_nitro,1,WarmS/WarmF_nitro,populus,populus_balsamifera,,NA,4,4,4,4,4,4,4,4,4,4,4,4,4,4,4,4,4,4,4,4,4,na,4,4,4,6,4,4,na,4,4
Poba_WarmS/WarmF_B1_R4_nitro,1,WarmS/WarmF_nitro,populus,populus_balsamifera,,NA,4,4,4,4,4,4,4,4,4,4,4,4,4,4,4,4,4,4,4,4,4,na,4,4,6,4,4,4,4,na,na
Poba_WarmS/WarmF_B1_R5_nitro,1,WarmS/WarmF_nitro,populus,populus_balsamifera,,NA,4,4,4,4,4,4,4,4,4,4,4,4,4,4,4,4,4,4,4,4,4,na,4,4,4,4,4,4,6,0,0
Poba_WarmS/WarmF_B2_R6_nitro,2,WarmS/WarmF_nitro,populus,populus_balsamifera,,NA,4,4,4,4,4,4,4,4,4,4,4,4,4,4,4,4,4,4,4,4,4,na,4,4,4,4,4,4,4,4,4
Poba_WarmS/WarmF_B2_R7_nitro,2,WarmS/WarmF_nitro,populus,populus_balsamifera,,NA,4,4,4,4,4,4,4,4,4,4,4,4,4,4,4,4,4,4,4,4,4,na,4,4,4,4,4,4,6,4,4
Poba_WarmS/WarmF_B2_R8_nitro,2,WarmS/WarmF_nitro,populus,populus_balsamifera,,NA,4,4,4,4,4,4,4,4,4,4,4,4,4,4,4,4,4,4,4,4,4,na,4,4,5,4,4,4,4,0,0
Poba_WarmS/WarmF_B2_R9_nitro,2,WarmS/WarmF_nitro,populus,populus_balsamifera,doy137: dead,NA,1,1,1,1,1,1,1,1,1,1,NA,na,na,na,na,na,na,na,na,na,na,na,4,4,na,na,na,na,na,na,na
Poba_WarmS/WarmF_B2_R10_nitro,2,WarmS/WarmF_nitro,populus,populus_balsamifera,,NA,1,1,1,2,2,2,3,3,4,4,4,4,4,4,4,4,4,4,4,4,4,na,4,4,4,4,4,4,4,0,0
Poba_WarmS/WarmF_B3_R11_nitro,3,WarmS/WarmF_nitro,populus,populus_balsamifera,,NA,4,4,4,4,4,4,4,4,4,4,4,4,4,4,4,4,4,4,4,4,4,na,4,4,4,4,4,4,4,4,4
Poba_WarmS/WarmF_B3_R12_nitro,3,WarmS/WarmF_nitro,populus,populus_balsamifera,,NA,4,4,4,4,4,4,4,4,4,4,4,4,4,4,4,4,4,4,4,4,4,na,4,4,4,4,4,4,4,4,4
Poba_WarmS/WarmF_B3_R13_nitro,3,WarmS/WarmF_nitro,populus,populus_balsamifera,,NA,4,4,4,4,4,4,4,4,4,4,4,4,4,4,4,4,4,4,4,4,4,na,4,4,4,4,4,4,4,4,4
Poba_WarmS/WarmF_B3_R14_nitro,3,WarmS/WarmF_nitro,populus,populus_balsamifera,,NA,4,4,4,4,4,4,4,4,4,4,4,4,4,4,4,4,4,4,4,4,4,na,4,4,4,4,4,4,4,4,4
Poba_WarmS/WarmF_B3_R15_nitro,3,WarmS/WarmF_nitro,populus,populus_balsamifera,,NA,2,3,3,3,4,4,4,4,4,4,4,4,4,4,4,4,4,4,4,4,4,na,4,4,4,4,4,4,4,4,4
Prvi_CoolS/CoolF_B1_R1,1,CoolS/CoolF,prunus,prunus_virginiana,,4,NA,4,4,4,4,4,4,4,4,4,4,4,4,4,4,4,4,4,4,4,4,6,0,0,0,0,0,0,0,0,0
Prvi_CoolS/CoolF_B1_R2,1,CoolS/CoolF,prunus,prunus_virginiana,,4,NA,4,4,4,4,4,4,4,4,4,4,4,4,4,4,4,4,4,4,4,4,6,0,0,0,0,0,0,0,0,0
Prvi_CoolS/CoolF_B1_R3,1,CoolS/CoolF,prunus,prunus_virginiana,,4,NA,4,4,4,4,4,4,4,4,4,4,4,4,4,4,4,4,4,4,4,4,6,6,6,6,0,0,0,0,0,0
Prvi_CoolS/CoolF_B1_R4,1,CoolS/CoolF,prunus,prunus_virginiana,,4,NA,4,4,4,4,4,4,4,4,4,4,4,4,4,4,4,4,4,4,4,4,5,6,6,6,0,0,0,0,0,0
Prvi_CoolS/CoolF_B1_R5,1,CoolS/CoolF,prunus,prunus_virginiana,,4,NA,4,4,4,4,4,4,4,4,4,4,4,4,4,4,4,4,4,4,4,4,4,6,6,0,0,0,0,0,0,0
Prvi_CoolS/CoolF_B2_R6,2,CoolS/CoolF,prunus,prunus_virginiana,,3,NA,4,4,4,4,4,4,4,4,4,4,4,4,4,4,4,4,4,4,4,4,4,5,6,6,0,0,0,0,0,0
Prvi_CoolS/CoolF_B2_R7,2,CoolS/CoolF,prunus,prunus_virginiana,,4,NA,4,4,4,4,4,4,4,4,4,4,4,4,4,4,4,4,4,4,4,4,6,6,6,6,6,0,0,0,0,0
Prvi_CoolS/CoolF_B2_R8,2,CoolS/CoolF,prunus,prunus_virginiana,116: stage 3 not 4,2,NA,3,3,4,3,4,4,4,4,4,4,4,4,4,4,4,4,4,4,4,4,5,6,6,6,0,0,0,0,0,0
Prvi_CoolS/CoolF_B2_R9,2,CoolS/CoolF,prunus,prunus_virginiana,,4,NA,4,4,4,4,4,4,4,4,4,4,4,4,4,4,4,4,4,4,4,4,5,6,6,6,0,0,0,0,0,0
Prvi_CoolS/CoolF_B2_R10,2,CoolS/CoolF,prunus,prunus_virginiana,,4,NA,4,4,4,4,4,4,4,4,4,4,4,4,4,4,4,4,4,4,4,4,5,6,6,6,0,0,0,0,0,0
Prvi_CoolS/CoolF_B3_R11,3,CoolS/CoolF,prunus,prunus_virginiana,,4,NA,4,4,4,4,4,4,4,4,4,4,4,4,4,4,4,4,4,4,4,4,5,6,0,0,0,0,0,0,0,0
Prvi_CoolS/CoolF_B3_R12,3,CoolS/CoolF,prunus,prunus_virginiana,doy182: apical shoot dead; doy 214: lateral bud observed,4,NA,4,4,4,4,4,4,4,4,4,4,4,4,4,4,4,4,4,4,4,4,na,na,na,na,na,5,6,6,6,6
Prvi_CoolS/CoolF_B3_R13,3,CoolS/CoolF,prunus,prunus_virginiana,,4,NA,4,4,4,4,4,4,4,4,4,4,4,4,4,4,4,4,4,4,4,4,4,5,6,6,0,0,0,0,0,0
Prvi_CoolS/CoolF_B3_R14,3,CoolS/CoolF,prunus,prunus_virginiana,,4,NA,4,4,4,4,4,4,4,4,4,4,4,4,4,4,4,4,4,4,4,4,4,5,6,6,6,6,6,0,0,0
Prvi_CoolS/CoolF_B3_R15,3,CoolS/CoolF,prunus,prunus_virginiana,,4,NA,4,4,4,4,4,4,4,4,4,4,4,4,4,4,4,4,4,4,4,4,5,6,6,6,0,0,0,0,0,0
Prvi_CoolS/CoolF_B1_R1_nitro,1,CoolS/CoolF_nitro,prunus,prunus_virginiana,,3,NA,3,3,3,4,4,4,4,4,4,4,4,4,4,4,4,4,4,4,4,4,5,6,6,6,6,0,0,0,0,0
Prvi_CoolS/CoolF_B1_R2_nitro,1,CoolS/CoolF_nitro,prunus,prunus_virginiana,,4,NA,4,4,4,4,4,4,4,4,4,4,4,4,4,4,4,4,4,4,4,4,5,6,6,0,0,0,0,0,0,0
Prvi_CoolS/CoolF_B1_R3_nitro,1,CoolS/CoolF_nitro,prunus,prunus_virginiana,,4,NA,4,4,4,4,4,4,4,4,4,4,4,4,4,4,4,4,4,4,4,4,5,6,6,0,0,0,0,0,0,0
Prvi_CoolS/CoolF_B1_R4_nitro,1,CoolS/CoolF_nitro,prunus,prunus_virginiana,main branch dead,3,NA,3,3,3,3,3,4,4,4,4,4,4,4,4,4,4,4,4,4,4,4,4,5,6,0,0,0,0,0,0,0
Prvi_CoolS/CoolF_B1_R5_nitro,1,CoolS/CoolF_nitro,prunus,prunus_virginiana,,4,NA,4,4,4,4,4,4,4,4,4,4,4,4,4,4,4,4,4,4,4,4,5,6,6,0,0,0,0,0,0,0
Prvi_CoolS/CoolF_B2_R6_nitro,2,CoolS/CoolF_nitro,prunus,prunus_virginiana,,4,NA,4,4,4,4,4,4,4,4,4,4,4,4,4,4,4,4,4,4,4,4,5,6,0,0,0,0,0,0,0,0
Prvi_CoolS/CoolF_B2_R7_nitro,2,CoolS/CoolF_nitro,prunus,prunus_virginiana,,4,NA,4,4,4,4,4,4,4,4,4,4,4,4,4,4,4,4,4,4,4,4,5,6,0,0,0,0,0,0,0,0
Prvi_CoolS/CoolF_B2_R8_nitro,2,CoolS/CoolF_nitro,prunus,prunus_virginiana,,4,NA,4,4,4,4,4,4,4,4,4,4,4,4,4,4,4,4,4,4,4,4,5,6,6,6,0,0,0,0,0,0
Prvi_CoolS/CoolF_B2_R9_nitro,2,CoolS/CoolF_nitro,prunus,prunus_virginiana,,4,NA,4,4,4,4,4,4,4,4,4,4,4,4,4,4,4,4,4,4,4,4,5,6,6,6,0,0,0,0,0,0
Prvi_CoolS/CoolF_B2_R10_nitro,2,CoolS/CoolF_nitro,prunus,prunus_virginiana,116: stage 3 not 4,3,NA,3,3,4,3,3,4,4,4,4,4,4,4,4,4,4,4,4,4,4,4,5,6,6,0,0,0,0,0,0,0
Prvi_CoolS/CoolF_B3_R11_nitro,3,CoolS/CoolF_nitro,prunus,prunus_virginiana,,2,NA,2,2,2,2,4,2,2,2,2,4,4,4,4,4,4,4,4,4,4,4,na,na,na,na,na,na,na,na,na,na
Prvi_CoolS/CoolF_B3_R12_nitro,3,CoolS/CoolF_nitro,prunus,prunus_virginiana,,4,NA,4,4,4,4,4,4,4,4,4,4,4,4,4,4,4,4,4,4,4,4,5,6,6,6,6,0,0,0,0,0
Prvi_CoolS/CoolF_B3_R13_nitro,3,CoolS/CoolF_nitro,prunus,prunus_virginiana,,4,NA,4,4,4,4,4,4,4,4,4,4,4,4,4,4,4,4,4,4,4,4,4,5,6,0,0,0,0,0,0,0
Prvi_CoolS/CoolF_B3_R14_nitro,3,CoolS/CoolF_nitro,prunus,prunus_virginiana,,2,NA,2,2,2,2,2,3,3,3,4,4,4,4,4,4,4,4,4,4,4,4,4,5,5,0,0,0,0,0,0,0
Prvi_CoolS/CoolF_B3_R15_nitro,3,CoolS/CoolF_nitro,prunus,prunus_virginiana,"116: main stem 2, smaller branch 4; doy182: apical shoot almost dead",2,NA,2,2,2,2,3,2,3,4,4,4,4,4,4,4,4,4,4,4,4,4,na,na,na,na,na,na,na,na,na,na
Prvi_CoolS/WarmF_B1_R1,1,CoolS/WarmF,prunus,prunus_virginiana,main 2; lateral 4; doy 199: side shoot observed,2,NA,2,2,2,2,2,2,2,2,2,2,2,na,na,na,na,na,na,na,na,na,4,5,5,6,6,0,0,0,0,0
Prvi_CoolS/WarmF_B1_R2,1,CoolS/WarmF,prunus,prunus_virginiana,,4,NA,4,4,4,4,4,4,4,4,4,4,4,4,4,4,4,4,4,4,4,4,5,6,6,6,0,0,0,0,0,0
Prvi_CoolS/WarmF_B1_R3,1,CoolS/WarmF,prunus,prunus_virginiana,,4,NA,4,4,4,4,4,4,4,4,4,4,4,4,4,4,4,4,4,4,4,4,5,6,6,0,0,0,0,0,0,0
Prvi_CoolS/WarmF_B1_R4,1,CoolS/WarmF,prunus,prunus_virginiana,,4,NA,4,4,4,4,4,4,4,4,4,4,4,4,4,4,4,4,4,4,4,4,5,6,6,6,0,0,0,0,0,0
Prvi_CoolS/WarmF_B1_R5,1,CoolS/WarmF,prunus,prunus_virginiana,,4,NA,4,4,4,4,4,4,4,4,4,4,4,4,4,4,4,4,4,4,4,4,5,6,6,6,6,0,0,0,0,0
Prvi_CoolS/WarmF_B2_R6,2,CoolS/WarmF,prunus,prunus_virginiana,,4,NA,4,4,4,4,4,4,4,4,4,4,4,4,4,4,4,4,4,4,4,4,0,0,0,0,0,0,0,0,0,0
Prvi_CoolS/WarmF_B2_R7,2,CoolS/WarmF,prunus,prunus_virginiana,,4,NA,4,4,4,4,4,4,4,4,4,4,4,4,4,4,4,4,4,4,4,4,4,5,6,6,6,6,6,0,0,0
Prvi_CoolS/WarmF_B2_R8,2,CoolS/WarmF,prunus,prunus_virginiana,116: stage 3 not 4; doy 207; one side of the bud is still green,4,NA,4,4,4,3,3,4,4,4,4,4,4,4,4,4,4,4,4,4,4,4,5,6,6,0,5,5,5,0,0,0
Prvi_CoolS/WarmF_B2_R9,2,CoolS/WarmF,prunus,prunus_virginiana,,4,NA,4,4,4,4,4,4,4,4,4,4,4,4,4,4,4,4,4,4,4,4,0,0,6,0,0,0,0,0,0,0
Prvi_CoolS/WarmF_B2_R10,2,CoolS/WarmF,prunus,prunus_virginiana,,4,NA,4,4,4,4,4,4,4,4,4,4,4,4,4,4,4,4,4,4,4,4,5,6,6,0,0,0,0,0,0,0
Prvi_CoolS/WarmF_B3_R11,3,CoolS/WarmF,prunus,prunus_virginiana,doy151: gave up hope on the apical shoot. It looks like its not going to flush normally. Leaves coming out from the bottom.,2,NA,2,2,2,2,2,2,2,2,3,3,3,3,3,na,na,na,na,na,na,na,na,na,na,na,na,na,na,na,na,na
Prvi_CoolS/WarmF_B3_R12,3,CoolS/WarmF,prunus,prunus_virginiana,,4,NA,4,4,4,4,4,4,4,4,4,4,4,4,4,4,4,4,4,4,4,4,5,6,0,0,0,0,0,0,0,0
Prvi_CoolS/WarmF_B3_R13,3,CoolS/WarmF,prunus,prunus_virginiana,main maybe dead,4,NA,4,4,4,4,4,4,4,4,4,4,4,4,4,4,4,4,4,4,4,4,5,6,0,0,0,0,0,0,0,0
Prvi_CoolS/WarmF_B3_R14,3,CoolS/WarmF,prunus,prunus_virginiana,,4,NA,4,4,4,4,4,4,4,4,4,4,4,4,4,4,4,4,4,4,4,4,0,0,0,0,0,0,0,0,0,0
Prvi_CoolS/WarmF_B3_R15,3,CoolS/WarmF,prunus,prunus_virginiana,,4,NA,4,4,4,4,4,4,4,4,4,4,4,4,4,4,4,4,4,4,4,4,5,6,0,0,0,0,0,0,0,0
Prvi_WarmS/CoolF_B1_R1,1,WarmS/CoolF,prunus,prunus_virginiana,,NA,4,4,4,4,4,4,4,4,4,4,4,4,4,4,4,4,4,4,4,4,4,0,0,0,0,0,0,0,0,0,0
Prvi_WarmS/CoolF_B1_R2,1,WarmS/CoolF,prunus,prunus_virginiana,,NA,4,4,4,4,4,4,4,4,4,4,4,4,4,4,4,4,4,4,4,4,4,5,6,6,0,0,0,0,0,0,0
Prvi_WarmS/CoolF_B1_R3,1,WarmS/CoolF,prunus,prunus_virginiana,,NA,4,4,4,4,4,4,4,4,4,4,4,4,4,4,4,4,4,4,4,4,4,0,0,0,0,0,0,0,0,0,0
Prvi_WarmS/CoolF_B1_R4,1,WarmS/CoolF,prunus,prunus_virginiana,,NA,4,4,4,4,4,4,4,4,4,4,4,4,4,4,4,4,4,4,4,4,4,5,6,0,0,0,0,0,0,0,0
Prvi_WarmS/CoolF_B1_R5,1,WarmS/CoolF,prunus,prunus_virginiana,,NA,4,4,4,4,4,4,4,4,4,4,4,4,4,4,4,4,4,4,4,4,4,0,0,0,0,0,0,0,0,0,0
Prvi_WarmS/CoolF_B2_R6,2,WarmS/CoolF,prunus,prunus_virginiana,,NA,4,4,4,4,4,4,4,4,4,4,4,4,4,4,4,4,4,4,4,4,4,0,0,0,0,0,0,0,0,0,0
Prvi_WarmS/CoolF_B2_R7,2,WarmS/CoolF,prunus,prunus_virginiana,,NA,4,4,4,4,4,4,4,4,4,4,4,4,4,4,4,4,4,4,4,4,4,0,0,0,0,0,0,0,0,0,0
Prvi_WarmS/CoolF_B2_R8,2,WarmS/CoolF,prunus,prunus_virginiana,,NA,4,4,4,4,4,4,4,4,4,4,4,4,4,4,4,4,4,4,4,4,4,0,0,0,0,0,0,0,0,0,0
Prvi_WarmS/CoolF_B2_R9,2,WarmS/CoolF,prunus,prunus_virginiana,,NA,4,4,4,4,4,4,4,4,4,4,4,4,4,4,4,4,4,4,4,4,4,5,6,6,0,0,0,0,0,0,0
Prvi_WarmS/CoolF_B2_R10,2,WarmS/CoolF,prunus,prunus_virginiana,,NA,2,2,2,2,2,2,2,2,2,2,NA,NA,NA,na,na,na,na,na,na,na,na,na,na,na,na,na,na,na,na,na,na
Prvi_WarmS/CoolF_B3_R11,3,WarmS/CoolF,prunus,prunus_virginiana,dead,NA,NA,NA,NA,NA,NA,NA,NA,NA,NA,NA,4,4,4,4,4,4,4,4,4,4,4,na,na,na,na,na,na,na,na,na,na
Prvi_WarmS/CoolF_B3_R12,3,WarmS/CoolF,prunus,prunus_virginiana,,NA,4,4,4,4,4,4,4,4,4,4,4,4,4,4,4,4,4,4,4,4,4,4,5,5,6,0,0,0,0,0,0
Prvi_WarmS/CoolF_B3_R13,3,WarmS/CoolF,prunus,prunus_virginiana,,NA,4,4,4,4,4,4,4,4,4,4,4,4,4,4,4,4,4,4,4,4,4,5,6,6,6,0,0,0,0,0,0
Prvi_WarmS/CoolF_B3_R14,3,WarmS/CoolF,prunus,prunus_virginiana,,NA,4,4,4,4,4,4,4,4,4,4,4,4,4,4,4,4,4,4,4,4,4,5,6,6,6,0,0,0,0,0,0
Prvi_WarmS/CoolF_B3_R15,3,WarmS/CoolF,prunus,prunus_virginiana,dead,NA,NA,NA,NA,NA,NA,NA,NA,NA,NA,3,4,4,4,4,4,4,4,4,4,4,4,na,na,na,na,na,na,na,na,na,na
Prvi_WarmS/WarmF_B1_R1,1,WarmS/WarmF,prunus,prunus_virginiana,,NA,4,4,4,4,4,4,4,4,4,4,4,4,4,4,4,4,4,4,4,4,4,0,0,0,0,0,0,0,0,0,0
Prvi_WarmS/WarmF_B1_R2,1,WarmS/WarmF,prunus,prunus_virginiana,terminal buds seem dead; lateral 3,NA,1,1,1,1,NA,NA,NA,NA,NA,NA,NA,NA,NA,na,na,na,na,na,na,na,na,na,na,na,na,na,na,na,na,na,na
Prvi_WarmS/WarmF_B1_R3,1,WarmS/WarmF,prunus,prunus_virginiana,,NA,4,4,4,4,4,4,4,4,4,4,4,4,4,4,4,4,4,4,4,4,4,5,6,6,6,6,0,0,0,0,0
Prvi_WarmS/WarmF_B1_R4,1,WarmS/WarmF,prunus,prunus_virginiana,,NA,4,4,4,4,4,4,4,4,4,4,4,4,4,4,4,4,4,4,4,4,4,0,0,0,0,0,0,0,0,0,0
Prvi_WarmS/WarmF_B1_R5,1,WarmS/WarmF,prunus,prunus_virginiana,,NA,4,4,4,4,4,4,4,4,4,4,4,4,4,4,4,4,4,4,4,4,4,na,na,na,na,na,na,na,na,na,na
Prvi_WarmS/WarmF_B2_R6,2,WarmS/WarmF,prunus,prunus_virginiana,,NA,4,4,4,4,4,4,4,4,4,4,4,4,4,4,4,4,4,4,4,4,4,0,0,0,0,0,0,0,0,0,0
Prvi_WarmS/WarmF_B2_R7,2,WarmS/WarmF,prunus,prunus_virginiana,,NA,4,4,4,4,4,4,4,4,4,4,4,4,4,4,4,4,4,4,4,4,4,5,6,0,0,0,0,0,0,0,0
Prvi_WarmS/WarmF_B2_R8,2,WarmS/WarmF,prunus,prunus_virginiana,dead--dendrometer switch it?,NA,NA,NA,NA,NA,2,2,2,3,4,4,4,4,4,4,4,4,4,4,4,4,4,5,6,6,0,0,0,0,0,0,0
Prvi_WarmS/WarmF_B2_R9,2,WarmS/WarmF,prunus,prunus_virginiana,,NA,4,4,4,4,4,4,4,4,4,4,4,4,4,4,4,4,4,4,4,4,4,0,0,0,0,0,0,0,0,0,0
Prvi_WarmS/WarmF_B2_R10,2,WarmS/WarmF,prunus,prunus_virginiana,doy178:dead,NA,4,4,4,4,4,4,4,4,4,4,4,4,4,4,4,4,4,4,4,4,na,na,na,na,na,na,na,na,na,na,na
Prvi_WarmS/WarmF_B3_R11,3,WarmS/WarmF,prunus,prunus_virginiana,,NA,4,4,4,4,4,4,4,4,4,4,4,4,4,4,4,4,4,4,4,4,4,0,0,0,0,0,0,0,0,0,0
Prvi_WarmS/WarmF_B3_R12,3,WarmS/WarmF,prunus,prunus_virginiana,,NA,4,4,4,4,4,4,4,4,4,4,4,4,4,4,4,4,4,4,4,4,4,0,0,0,0,0,0,0,0,0,0
Prvi_WarmS/WarmF_B3_R13,3,WarmS/WarmF,prunus,prunus_virginiana,,NA,4,4,4,4,4,4,4,4,4,4,4,4,4,4,4,4,4,4,4,4,4,0,0,6,0,0,0,0,0,0,0
Prvi_WarmS/WarmF_B3_R14,3,WarmS/WarmF,prunus,prunus_virginiana,,NA,4,4,4,4,4,4,4,4,4,4,4,4,4,4,4,4,4,4,4,4,4,5,6,6,0,0,0,0,0,0,0
Prvi_WarmS/WarmF_B3_R15,3,WarmS/WarmF,prunus,prunus_virginiana,,NA,4,4,4,4,4,4,4,4,4,4,4,4,4,4,4,4,4,4,4,4,4,0,0,6,6,0,0,0,0,0,0
Prvi_WarmS/WarmF_B1_R1_nitro,1,WarmS/WarmF_nitro,prunus,prunus_virginiana,,NA,4,4,4,4,4,4,4,4,4,4,4,4,4,4,4,4,4,4,4,4,4,5,6,6,0,0,0,0,0,0,0
Prvi_WarmS/WarmF_B1_R2_nitro,1,WarmS/WarmF_nitro,prunus,prunus_virginiana,,NA,3,3,3,3,,4,4,4,4,4,4,4,4,4,4,4,4,4,4,4,4,5,6,6,6,0,0,0,0,0,0
Prvi_WarmS/WarmF_B1_R3_nitro,1,WarmS/WarmF_nitro,prunus,prunus_virginiana,,NA,4,4,4,4,4,4,4,4,4,4,4,4,4,4,4,4,4,4,4,4,4,5,6,6,6,6,0,0,0,0,0
Prvi_WarmS/WarmF_B1_R4_nitro,1,WarmS/WarmF_nitro,prunus,prunus_virginiana,,NA,4,4,4,4,4,4,4,4,4,4,4,4,4,4,4,4,4,4,4,4,4,5,6,0,0,0,0,0,0,0,0
Prvi_WarmS/WarmF_B1_R5_nitro,1,WarmS/WarmF_nitro,prunus,prunus_virginiana,,NA,4,4,4,4,4,4,4,4,4,4,4,4,4,4,4,4,4,4,4,4,4,0,0,0,0,0,0,0,0,0,0
Prvi_WarmS/WarmF_B2_R6_nitro,2,WarmS/WarmF_nitro,prunus,prunus_virginiana,dead; side shoots sprouting,NA,4,NA,NA,NA,NA,NA,NA,NA,3,3,NA,NA,NA,na,na,na,na,na,na,na,na,na,na,na,na,na,na,na,na,na,na
Prvi_WarmS/WarmF_B2_R7_nitro,2,WarmS/WarmF_nitro,prunus,prunus_virginiana,,NA,2,3,3,3,4,4,4,4,4,4,4,4,4,4,4,4,4,4,4,4,4,5,6,0,0,0,0,0,0,0,0
Prvi_WarmS/WarmF_B2_R8_nitro,2,WarmS/WarmF_nitro,prunus,prunus_virginiana,dead,NA,NA,NA,NA,NA,NA,NA,NA,NA,NA,NA,na,na,na,na,na,na,na,na,na,na,na,na,na,na,na,na,na,na,na,na,na
Prvi_WarmS/WarmF_B2_R9_nitro,2,WarmS/WarmF_nitro,prunus,prunus_virginiana,,NA,4,4,4,4,4,4,4,4,4,4,4,4,4,4,4,4,4,4,4,4,4,5,6,0,0,0,0,0,0,0,0
Prvi_WarmS/WarmF_B2_R10_nitro,2,WarmS/WarmF_nitro,prunus,prunus_virginiana,,NA,4,4,4,4,4,4,4,4,4,4,4,4,4,4,4,4,4,4,4,4,4,5,6,6,0,0,0,0,0,0,0
Prvi_WarmS/WarmF_B3_R11_nitro,3,WarmS/WarmF_nitro,prunus,prunus_virginiana,,NA,4,4,4,4,4,4,4,4,4,4,4,4,4,4,4,4,4,4,4,4,4,5,6,6,0,0,0,0,0,0,0
Prvi_WarmS/WarmF_B3_R12_nitro,3,WarmS/WarmF_nitro,prunus,prunus_virginiana,,NA,4,4,4,4,4,4,4,4,4,4,4,4,4,4,4,4,4,4,4,4,4,0,0,0,0,0,0,0,0,0,0
Prvi_WarmS/WarmF_B3_R13_nitro,3,WarmS/WarmF_nitro,prunus,prunus_virginiana,,NA,4,4,4,4,4,4,4,4,4,4,4,4,4,4,4,4,4,4,4,4,4,5,6,6,6,0,0,0,0,0,0
Prvi_WarmS/WarmF_B3_R14_nitro,3,WarmS/WarmF_nitro,prunus,prunus_virginiana,,NA,4,4,4,4,4,4,4,4,4,4,4,4,4,4,4,4,4,4,4,4,4,0,0,0,0,0,0,0,0,0,0
Prvi_WarmS/WarmF_B3_R15_nitro,3,WarmS/WarmF_nitro,prunus,prunus_virginiana,doy 193: dead,NA,4,4,4,4,4,4,4,4,4,4,4,4,4,4,4,4,4,4,4,4,4,0,0,na,na,na,na,na,na,na,na
Quma_CoolS/CoolF_B1_R1,1,CoolS/CoolF,quercus,quercus_macrocarpa,,1,NA,2,2,2,2,3,3,3,3,4,3,3,4,4,4,4,4,4,4,4,4,na,5,5,5,5,5,5,5,6,6
Quma_CoolS/CoolF_B1_R2,1,CoolS/CoolF,quercus,quercus_macrocarpa,,1,NA,1,1,1,2,2,2,2,2,2,3,3,3,3,4,4,4,4,4,4,4,na,6,6,6,6,6,6,5,6,6
Quma_CoolS/CoolF_B1_R3,1,CoolS/CoolF,quercus,quercus_macrocarpa,,0,NA,1,1,1,1,1,2,2,2,2,2,2,3,3,4,4,4,4,4,4,4,na,6,6,6,6,6,5,6,0,0
Quma_CoolS/CoolF_B1_R4,1,CoolS/CoolF,quercus,quercus_macrocarpa,,0,NA,1,1,1,2,2,2,2,2,2,2,2,2,3,4,4,4,4,4,4,4,na,4,4,5,5,5,6,5,5,6
Quma_CoolS/CoolF_B1_R5,1,CoolS/CoolF,quercus,quercus_macrocarpa,,0,NA,1,1,1,2,1,1,1,1,2,2,2,2,3,3,4,4,4,4,4,4,na,6,6,6,6,6,6,6,6,0
Quma_CoolS/CoolF_B2_R6,2,CoolS/CoolF,quercus,quercus_macrocarpa,"doy151: initial flush died, starts second flush",2,NA,2,2,2,2,3,3,3,3,3,3,3,3,3,3,4,4,4,4,4,4,na,4,4,5,6,6,6,5,6,6
Quma_CoolS/CoolF_B2_R7,2,CoolS/CoolF,quercus,quercus_macrocarpa,,2,NA,2,2,2,2,2,2,2,2,3,3,3,3,3,4,4,4,4,4,4,4,na,4,4,5,5,5,5,5,6,6
Quma_CoolS/CoolF_B2_R8,2,CoolS/CoolF,quercus,quercus_macrocarpa,,1,NA,2,2,2,2,2,2,2,2,2,3,3,3,4,4,4,4,4,4,4,4,na,4,4,5,6,6,6,5,6,6
Quma_CoolS/CoolF_B2_R9,2,CoolS/CoolF,quercus,quercus_macrocarpa,,0,NA,1,1,2,2,2,2,2,2,2,2,2,3,3,3,4,4,4,4,4,4,na,4,4,4,6,6,6,5,6,6
Quma_CoolS/CoolF_B2_R10,2,CoolS/CoolF,quercus,quercus_macrocarpa,,0,NA,1,1,1,2,2,2,2,2,2,2,2,2,3,3,4,4,4,4,4,4,na,6,6,6,6,6,6,6,0,0
Quma_CoolS/CoolF_B3_R11,3,CoolS/CoolF,quercus,quercus_macrocarpa,,1,NA,1,2,2,2,2,2,2,2,2,3,3,3,3,4,4,3,4,4,4,4,na,6,6,6,6,6,6,0,0,0
Quma_CoolS/CoolF_B3_R12,3,CoolS/CoolF,quercus,quercus_macrocarpa,,1,NA,2,2,2,2,2,2,2,2,3,3,3,4,4,4,4,4,4,4,4,4,na,4,4,5,6,6,6,5,5,6
Quma_CoolS/CoolF_B3_R13,3,CoolS/CoolF,quercus,quercus_macrocarpa,,1,NA,2,2,2,2,3,3,3,3,3,3,3,4,4,4,4,4,4,4,4,4,na,4,4,4,6,6,6,5,6,6
Quma_CoolS/CoolF_B3_R14,3,CoolS/CoolF,quercus,quercus_macrocarpa,,0,NA,1,1,1,2,2,2,2,2,2,1,1,2,2,2,2,3,4,4,4,4,na,6,6,6,6,6,6,6,6,6
Quma_CoolS/CoolF_B3_R15,3,CoolS/CoolF,quercus,quercus_macrocarpa,,1,NA,1,1,2,2,2,2,2,2,2,2,2,3,3,4,4,4,4,4,4,4,na,4,4,4,6,6,6,4,4,4
Quma_CoolS/CoolF_B1_R1_nitro,1,CoolS/CoolF_nitro,quercus,quercus_macrocarpa,,0,NA,1,1,1,1,1,2,2,2,2,3,3,3,3,4,4,4,4,4,4,4,na,4,6,6,6,6,6,0,0,0
Quma_CoolS/CoolF_B1_R2_nitro,1,CoolS/CoolF_nitro,quercus,quercus_macrocarpa,"doy151: initial flush died, starts second flush",1,NA,1,2,2,2,3,3,3,3,3,3,3,3,3,3,3,4,4,4,4,4,na,4,5,4,4,4,4,4,4,4
Quma_CoolS/CoolF_B1_R3_nitro,1,CoolS/CoolF_nitro,quercus,quercus_macrocarpa,"doy151: initial flush died, starts second flush",1,NA,2,2,2,2,2,2,2,2,3,3,3,3,3,3,3,4,4,4,4,4,na,4,4,6,6,6,4,5,5,0
Quma_CoolS/CoolF_B1_R4_nitro,1,CoolS/CoolF_nitro,quercus,quercus_macrocarpa,,0,NA,1,1,1,1,1,1,1,1,2,2,2,3,3,4,4,4,4,4,4,4,na,6,6,6,6,6,6,6,6,6
Quma_CoolS/CoolF_B1_R5_nitro,1,CoolS/CoolF_nitro,quercus,quercus_macrocarpa,,1,NA,1,1,2,2,2,2,2,2,2,2,2,2,3,3,4,4,4,4,4,4,na,6,4,6,6,6,6,0,0,0
Quma_CoolS/CoolF_B2_R6_nitro,2,CoolS/CoolF_nitro,quercus,quercus_macrocarpa,,1,NA,1,1,2,2,2,2,2,3,4,3,3,4,4,4,4,4,4,4,4,4,na,6,4,4,5,5,5,0,6,6
Quma_CoolS/CoolF_B2_R7_nitro,2,CoolS/CoolF_nitro,quercus,quercus_macrocarpa,,0,NA,1,1,1,1,1,2,2,2,2,2,2,3,3,4,4,4,4,4,4,4,na,6,5,4,4,4,4,4,4,4
Quma_CoolS/CoolF_B2_R8_nitro,2,CoolS/CoolF_nitro,quercus,quercus_macrocarpa,,0,NA,1,1,1,2,2,2,2,2,2,2,2,2,3,3,3,3,4,4,4,4,na,6,5,6,6,6,6,6,6,6
Quma_CoolS/CoolF_B2_R9_nitro,2,CoolS/CoolF_nitro,quercus,quercus_macrocarpa,"doy151: initial flush died, starts second flush",2,NA,3,3,3,3,3,4,4,4,4,3,3,3,3,3,3,4,4,4,4,4,na,6,5,6,6,6,6,6,6,6
Quma_CoolS/CoolF_B2_R10_nitro,2,CoolS/CoolF_nitro,quercus,quercus_macrocarpa,,0,NA,1,1,1,1,2,2,2,2,2,2,2,3,3,4,4,4,4,4,4,4,na,4,4,5,5,6,5,5,5,6
Quma_CoolS/CoolF_B3_R11_nitro,3,CoolS/CoolF_nitro,quercus,quercus_macrocarpa,,1,NA,1,1,1,1,2,2,2,2,2,3,3,3,4,4,4,4,4,4,4,4,na,6,6,6,6,6,6,0,0,0
Quma_CoolS/CoolF_B3_R12_nitro,3,CoolS/CoolF_nitro,quercus,quercus_macrocarpa,,0,NA,1,1,2,2,2,2,2,2,2,3,3,3,4,4,4,4,4,4,4,4,na,6,6,6,4,6,6,6,0,0
Quma_CoolS/CoolF_B3_R13_nitro,3,CoolS/CoolF_nitro,quercus,quercus_macrocarpa,,1,NA,2,2,2,2,2,2,2,2,2,3,3,3,4,4,4,4,4,4,4,4,na,4,4,4,6,6,5,5,5,6
Quma_CoolS/CoolF_B3_R14_nitro,3,CoolS/CoolF_nitro,quercus,quercus_macrocarpa,,0,NA,1,1,1,1,1,1,2,2,2,2,3,3,4,4,4,4,4,4,4,4,na,4,4,5,6,6,6,6,6,6
Quma_CoolS/CoolF_B3_R15_nitro,3,CoolS/CoolF_nitro,quercus,quercus_macrocarpa,,0,NA,1,1,1,1,2,2,2,2,2,2,2,3,3,3,4,4,4,4,4,4,na,4,4,5,6,6,6,6,6,6
Quma_CoolS/WarmF_B1_R1,1,CoolS/WarmF,quercus,quercus_macrocarpa,,1,NA,2,2,2,2,2,2,2,2,3,3,3,3,4,4,4,4,4,4,4,4,na,4,6,6,6,6,6,6,0,0
Quma_CoolS/WarmF_B1_R2,1,CoolS/WarmF,quercus,quercus_macrocarpa,,0,NA,1,1,1,1,2,2,2,2,2,3,3,3,4,4,4,4,4,4,4,4,na,4,4,4,5,5,5,5,5,6
Quma_CoolS/WarmF_B1_R3,1,CoolS/WarmF,quercus,quercus_macrocarpa,,1,NA,1,1,1,2,2,2,2,2,2,3,3,3,4,4,4,4,4,4,4,4,na,4,4,6,6,6,6,0,0,0
Quma_CoolS/WarmF_B1_R4,1,CoolS/WarmF,quercus,quercus_macrocarpa,,0,NA,1,1,1,2,1,1,1,1,2,2,2,2,3,3,4,4,4,4,4,4,na,4,4,4,5,5,5,0,5,6
Quma_CoolS/WarmF_B1_R5,1,CoolS/WarmF,quercus,quercus_macrocarpa,,0,NA,1,1,2,2,2,2,2,2,2,2,2,3,3,4,4,4,4,4,4,4,na,6,6,6,6,6,6,5,6,0
Quma_CoolS/WarmF_B2_R6,2,CoolS/WarmF,quercus,quercus_macrocarpa,,1,NA,1,1,1,2,2,2,2,2,2,3,3,4,4,4,4,4,4,4,4,4,na,6,6,6,6,6,6,0,0,0
Quma_CoolS/WarmF_B2_R7,2,CoolS/WarmF,quercus,quercus_macrocarpa,"doy151: initial flush died, starts second flush",0,NA,1,1,2,2,2,2,2,2,3,3,3,3,3,3,3,4,4,4,4,4,na,4,4,5,5,5,6,5,6,6
Quma_CoolS/WarmF_B2_R8,2,CoolS/WarmF,quercus,quercus_macrocarpa,,2,NA,2,2,2,2,2,3,3,3,3,3,3,3,4,4,4,4,4,4,4,4,na,4,4,5,5,5,6,6,6,0
Quma_CoolS/WarmF_B2_R9,2,CoolS/WarmF,quercus,quercus_macrocarpa,,1,NA,1,1,1,2,2,2,2,2,2,2,2,2,3,3,3,4,4,4,4,4,na,6,4,5,5,6,6,6,6,6
Quma_CoolS/WarmF_B2_R10,2,CoolS/WarmF,quercus,quercus_macrocarpa,,0,NA,1,1,1,2,2,2,2,2,2,3,3,3,4,4,4,4,4,4,4,4,na,6,6,6,6,6,6,0,0,0
Quma_CoolS/WarmF_B3_R11,3,CoolS/WarmF,quercus,quercus_macrocarpa,,1,NA,1,1,1,2,1,1,1,1,2,2,2,3,3,3,4,4,4,4,4,4,na,4,4,5,6,6,5,5,6,6
Quma_CoolS/WarmF_B3_R12,3,CoolS/WarmF,quercus,quercus_macrocarpa,,0,NA,1,1,1,2,2,2,2,2,2,3,3,3,3,4,4,4,4,4,4,4,na,4,4,5,6,6,6,0,6,6
Quma_CoolS/WarmF_B3_R13,3,CoolS/WarmF,quercus,quercus_macrocarpa,,0,NA,1,1,1,2,1,1,1,2,2,2,3,3,3,4,4,4,4,4,4,4,na,6,6,6,6,6,6,5,5,6
Quma_CoolS/WarmF_B3_R14,3,CoolS/WarmF,quercus,quercus_macrocarpa,probably dead; doy 207: ijbol it's missing,0,NA,1,1,1,2,1,1,1,1,na,NA,na,na,na,na,na,na,na,na,na,na,na,6,6,6,na,na,na,na,na,na
Quma_CoolS/WarmF_B3_R15,3,CoolS/WarmF,quercus,quercus_macrocarpa,,1,NA,1,2,2,2,2,2,2,2,3,3,3,3,4,4,4,4,4,4,4,4,na,5,5,6,6,6,6,6,0,0
Quma_WarmS/CoolF_B1_R1,1,WarmS/CoolF,quercus,quercus_macrocarpa,,NA,2,2,3,4,4,4,4,4,4,4,4,4,4,4,4,4,4,4,4,4,4,na,6,6,6,6,6,6,0,0,0
Quma_WarmS/CoolF_B1_R2,1,WarmS/CoolF,quercus,quercus_macrocarpa,,NA,1,1,2,3,4,4,4,4,4,4,4,4,4,4,4,4,4,4,4,4,4,na,5,6,6,6,6,6,6,6,6
Quma_WarmS/CoolF_B1_R3,1,WarmS/CoolF,quercus,quercus_macrocarpa,,NA,2,2,3,4,4,4,4,4,4,4,4,4,4,4,4,4,4,4,4,4,4,na,5,5,6,6,6,6,6,6,6
Quma_WarmS/CoolF_B1_R4,1,WarmS/CoolF,quercus,quercus_macrocarpa,,NA,3,4,4,4,4,4,4,4,4,4,4,4,4,4,4,4,4,4,4,4,4,na,6,6,6,6,6,6,0,0,0
Quma_WarmS/CoolF_B1_R5,1,WarmS/CoolF,quercus,quercus_macrocarpa,,NA,3,3,4,4,4,4,4,4,4,4,4,4,4,4,4,4,4,4,4,4,4,na,4,5,5,6,6,6,5,5,6
Quma_WarmS/CoolF_B2_R6,2,WarmS/CoolF,quercus,quercus_macrocarpa,,NA,1,1,2,2,3,3,3,3,4,4,4,4,4,4,4,4,4,4,4,4,4,na,6,6,6,6,6,6,0,0,0
Quma_WarmS/CoolF_B2_R7,2,WarmS/CoolF,quercus,quercus_macrocarpa,,NA,1,1,1,2,2,2,2,3,4,4,4,4,4,4,4,4,4,4,4,4,4,na,6,6,6,6,6,6,0,0,0
Quma_WarmS/CoolF_B2_R8,2,WarmS/CoolF,quercus,quercus_macrocarpa,,NA,3,3,4,4,4,4,4,4,4,4,4,4,4,4,4,4,4,4,4,4,4,na,6,6,6,6,6,6,0,0,0
Quma_WarmS/CoolF_B2_R9,2,WarmS/CoolF,quercus,quercus_macrocarpa,,NA,3,3,4,4,4,4,4,4,4,4,4,4,4,4,4,4,4,4,4,4,4,na,6,6,6,6,6,6,0,0,0
Quma_WarmS/CoolF_B2_R10,2,WarmS/CoolF,quercus,quercus_macrocarpa,,NA,2,3,4,4,4,4,4,4,4,4,4,4,4,4,4,4,4,4,4,4,4,na,6,6,6,6,6,6,0,0,0
Quma_WarmS/CoolF_B3_R11,3,WarmS/CoolF,quercus,quercus_macrocarpa,,NA,2,2,2,3,3,3,4,4,4,4,4,4,4,4,4,4,4,4,4,4,4,na,5,5,5,6,6,5,5,6,6
Quma_WarmS/CoolF_B3_R12,3,WarmS/CoolF,quercus,quercus_macrocarpa,,NA,1,1,1,2,2,2,3,3,4,4,4,4,4,4,4,4,4,4,4,4,4,na,5,5,6,6,6,6,6,6,6
Quma_WarmS/CoolF_B3_R13,3,WarmS/CoolF,quercus,quercus_macrocarpa,,NA,1,1,1,2,2,2,2,2,3,3,3,3,4,4,4,4,4,4,4,4,4,na,5,5,6,6,6,6,6,6,0
Quma_WarmS/CoolF_B3_R14,3,WarmS/CoolF,quercus,quercus_macrocarpa,,NA,1,1,1,2,2,2,3,3,4,4,4,4,4,4,4,4,4,4,4,4,4,na,5,5,5,6,6,6,5,6,6
Quma_WarmS/CoolF_B3_R15,3,WarmS/CoolF,quercus,quercus_macrocarpa,,NA,1,1,2,2,2,3,3,3,3,4,3,4,4,4,4,4,4,4,4,4,4,na,5,4,5,4,5,5,5,5,6
Quma_WarmS/WarmF_B1_R1,1,WarmS/WarmF,quercus,quercus_macrocarpa,doy 207: is this our first 0? Ask Christophe but do 6 for now,NA,2,2,2,3,4,4,4,4,4,4,4,4,4,4,4,4,4,4,4,4,4,na,4,6,6,6,6,5,0,0,0
Quma_WarmS/WarmF_B1_R2,1,WarmS/WarmF,quercus,quercus_macrocarpa,,NA,3,3,3,4,4,4,4,4,4,4,4,4,4,4,4,4,4,4,4,4,4,na,5,4,5,5,5,5,5,5,6
Quma_WarmS/WarmF_B1_R3,1,WarmS/WarmF,quercus,quercus_macrocarpa,,NA,2,2,2,3,4,4,4,4,4,4,4,4,4,4,4,4,4,4,4,4,4,na,5,5,5,5,6,5,5,5,6
Quma_WarmS/WarmF_B1_R4,1,WarmS/WarmF,quercus,quercus_macrocarpa,,NA,3,3,3,4,4,4,4,4,4,4,4,4,4,4,4,4,4,4,4,4,4,na,5,5,5,5,5,5,5,5,6
Quma_WarmS/WarmF_B1_R5,1,WarmS/WarmF,quercus,quercus_macrocarpa,,NA,3,4,4,4,4,4,4,4,4,4,4,4,4,4,4,4,4,4,4,4,4,na,5,5,5,5,5,6,5,5,6
Quma_WarmS/WarmF_B2_R6,2,WarmS/WarmF,quercus,quercus_macrocarpa,dead,NA,NA,NA,NA,NA,1,1,1,1,1,1,1,1,1,1,1,1,1,2,na,na,na,na,na,na,na,na,na,na,na,na,na
Quma_WarmS/WarmF_B2_R7,2,WarmS/WarmF,quercus,quercus_macrocarpa,"doy137: apical shoot is dead, the phenostage 2 is for the lateral shoots that are still alive",NA,2,3,3,3,3,3,2,2,2,2,2,2,2,2,2,2,2,2,4,4,4,na,na,na,na,na,na,na,na,na,na
Quma_WarmS/WarmF_B2_R8,2,WarmS/WarmF,quercus,quercus_macrocarpa,,NA,1,2,2,3,3,4,4,4,4,4,4,4,4,4,4,4,4,4,4,4,4,na,6,6,6,6,6,6,6,0,0
Quma_WarmS/WarmF_B2_R9,2,WarmS/WarmF,quercus,quercus_macrocarpa,,NA,2,2,2,2,4,4,4,4,4,4,4,4,4,4,4,4,4,4,4,4,4,na,4,4,4,5,5,5,5,6,6
Quma_WarmS/WarmF_B2_R10,2,WarmS/WarmF,quercus,quercus_macrocarpa,,NA,1,1,1,2,2,2,2,3,4,4,4,4,4,4,4,4,4,4,4,4,4,na,4,6,6,6,6,5,5,6,6
Quma_WarmS/WarmF_B3_R11,3,WarmS/WarmF,quercus,quercus_macrocarpa,,NA,1,1,1,2,2,2,3,3,3,4,4,4,4,4,4,4,4,4,4,4,4,na,4,5,5,6,6,6,6,6,6
Quma_WarmS/WarmF_B3_R12,3,WarmS/WarmF,quercus,quercus_macrocarpa,,NA,1,1,2,2,2,2,2,3,3,4,4,4,4,4,4,4,4,4,4,4,4,na,6,6,6,6,6,6,6,0,0
Quma_WarmS/WarmF_B3_R13,3,WarmS/WarmF,quercus,quercus_macrocarpa,,NA,1,1,2,2,2,2,2,3,4,4,4,4,4,4,4,4,4,4,4,4,4,na,5,5,6,6,6,6,6,0,0
Quma_WarmS/WarmF_B3_R14,3,WarmS/WarmF,quercus,quercus_macrocarpa,,NA,2,2,3,3,4,4,4,4,4,4,4,4,4,4,4,4,4,4,4,4,4,na,5,5,6,6,6,6,6,6,0
Quma_WarmS/WarmF_B3_R15,3,WarmS/WarmF,quercus,quercus_macrocarpa,,NA,2,2,3,3,4,4,4,4,4,4,4,4,4,4,4,4,4,4,4,4,4,na,6,6,6,4,4,5,6,0,0
Quma_WarmS/WarmF_B1_R1_nitro,1,WarmS/WarmF_nitro,quercus,quercus_macrocarpa,,NA,2,2,3,4,4,4,4,4,4,4,4,4,4,4,4,4,4,4,4,4,4,na,5,5,5,5,6,5,5,6,6
Quma_WarmS/WarmF_B1_R2_nitro,1,WarmS/WarmF_nitro,quercus,quercus_macrocarpa,dead,NA,NA,0,1,2,2,2,2,3,4,4,4,4,4,4,4,4,4,4,4,4,4,na,6,6,6,4,4,6,0,0,0
Quma_WarmS/WarmF_B1_R3_nitro,1,WarmS/WarmF_nitro,quercus,quercus_macrocarpa,,NA,2,2,3,3,4,4,4,4,4,4,4,4,4,4,4,4,4,4,4,4,4,na,4,5,6,6,6,6,6,6,0
Quma_WarmS/WarmF_B1_R4_nitro,1,WarmS/WarmF_nitro,quercus,quercus_macrocarpa,,NA,3,3,4,4,4,4,4,4,4,4,4,4,4,4,4,4,4,4,4,4,4,na,6,6,6,6,6,6,0,0,0
Quma_WarmS/WarmF_B1_R5_nitro,1,WarmS/WarmF_nitro,quercus,quercus_macrocarpa,doy 193: might resprout,NA,3,3,4,4,4,4,4,4,4,4,4,4,4,4,4,4,4,4,4,4,4,na,4,6,4,4,4,6,4,4,4
Quma_WarmS/WarmF_B2_R6_nitro,2,WarmS/WarmF_nitro,quercus,quercus_macrocarpa,dead,NA,NA,NA,NA,2,2,2,2,2,3,3,3,3,4,4,4,4,4,4,4,4,4,na,5,5,6,6,6,6,6,6,0
Quma_WarmS/WarmF_B2_R7_nitro,2,WarmS/WarmF_nitro,quercus,quercus_macrocarpa,,NA,2,2,3,4,4,4,4,4,4,4,4,4,4,4,4,4,4,4,4,4,4,na,5,5,5,6,6,6,6,6,6
Quma_WarmS/WarmF_B2_R8_nitro,2,WarmS/WarmF_nitro,quercus,quercus_macrocarpa,,NA,3,4,4,4,4,4,4,4,4,4,4,4,4,4,4,4,4,4,4,4,4,na,4,5,6,6,6,6,6,6,6
Quma_WarmS/WarmF_B2_R9_nitro,2,WarmS/WarmF_nitro,quercus,quercus_macrocarpa,,NA,3,3,3,4,4,4,4,4,4,4,4,4,4,4,4,4,4,4,4,4,4,na,6,5,5,5,5,6,5,6,6
Quma_WarmS/WarmF_B2_R10_nitro,2,WarmS/WarmF_nitro,quercus,quercus_macrocarpa,,NA,2,2,2,3,4,4,4,4,4,4,4,4,4,4,4,4,4,4,4,4,4,na,6,6,6,6,6,6,6,0,0
Quma_WarmS/WarmF_B3_R11_nitro,3,WarmS/WarmF_nitro,quercus,quercus_macrocarpa,,NA,2,2,2,3,3,4,4,4,4,4,4,4,4,4,4,4,4,4,4,4,4,na,4,5,5,6,6,6,6,6,6
Quma_WarmS/WarmF_B3_R12_nitro,3,WarmS/WarmF_nitro,quercus,quercus_macrocarpa,,NA,1,1,1,2,2,2,3,3,4,4,4,4,4,4,4,4,4,4,4,4,4,na,6,4,6,4,5,5,5,6,6
Quma_WarmS/WarmF_B3_R13_nitro,3,WarmS/WarmF_nitro,quercus,quercus_macrocarpa,,NA,2,2,3,3,4,4,4,4,4,4,4,4,4,4,4,4,4,4,4,4,4,na,4,6,6,6,6,6,0,0,0
Quma_WarmS/WarmF_B3_R14_nitro,3,WarmS/WarmF_nitro,quercus,quercus_macrocarpa,,NA,2,2,2,3,4,4,4,4,4,4,4,4,4,4,4,4,4,4,4,4,4,na,5,5,5,6,6,6,6,6,0
Quma_WarmS/WarmF_B3_R15_nitro,3,WarmS/WarmF_nitro,quercus,quercus_macrocarpa,,NA,3,3,3,4,4,4,4,4,4,4,4,4,4,4,4,4,4,4,4,4,4,na,5,5,5,6,6,6,6,6,6
Segi_CoolS/CoolF_B1_R1,1,CoolS/CoolF,sequoiadendron,sequoiadendron_giganteum,doy 193: dead,1,NA,1,1,1,1,1,na,na,na,na,na,0,1,1,1,1,1,1,1,1,1,na,1,na,na,na,na,na,na,na,na
Segi_CoolS/CoolF_B1_R2,1,CoolS/CoolF,sequoiadendron,sequoiadendron_giganteum,,1,NA,1,1,1,1,1,na,na,na,na,na,1,1,1,1,1,1,1,1,1,2,na,2,2,2,2,2,3,3,3,3
Segi_CoolS/CoolF_B1_R3,1,CoolS/CoolF,sequoiadendron,sequoiadendron_giganteum,doy 207: dead,1,NA,1,1,1,1,1,na,na,na,na,na,0,0,1,1,1,1,1,1,1,1,na,1,1,1,na,na,na,na,na,na
Segi_CoolS/CoolF_B1_R4,1,CoolS/CoolF,sequoiadendron,sequoiadendron_giganteum,,1,NA,1,1,1,1,1,na,na,na,na,na,1,1,1,1,1,1,1,2,2,2,na,2,2,2,3,3,3,3,3,3
Segi_CoolS/CoolF_B1_R5,1,CoolS/CoolF,sequoiadendron,sequoiadendron_giganteum,,1,NA,1,1,1,1,1,na,na,na,na,na,0,0,0,1,1,1,1,1,1,1,na,2,1,1,1,1,1,3,3,3
Segi_CoolS/CoolF_B2_R6,2,CoolS/CoolF,sequoiadendron,sequoiadendron_giganteum,,1,NA,1,1,1,1,1,na,na,na,na,na,1,1,1,1,1,2,2,3,3,3,na,3,3,3,3,3,3,3,3,3
Segi_CoolS/CoolF_B2_R7,2,CoolS/CoolF,sequoiadendron,sequoiadendron_giganteum,,1,NA,1,1,1,1,1,na,na,na,na,na,1,1,1,1,1,1,2,2,2,2,na,3,3,3,3,3,3,3,3,3
Segi_CoolS/CoolF_B2_R8,2,CoolS/CoolF,sequoiadendron,sequoiadendron_giganteum,,1,NA,1,1,1,1,1,na,na,na,na,na,1,1,1,1,1,1,1,1,1,1,na,2,2,2,2,2,3,3,3,3
Segi_CoolS/CoolF_B2_R9,2,CoolS/CoolF,sequoiadendron,sequoiadendron_giganteum,,1,NA,1,1,1,1,1,na,na,na,na,na,0,0,1,1,1,1,1,1,1,1,na,1,1,2,1,1,2,2,2,2
Segi_CoolS/CoolF_B2_R10,2,CoolS/CoolF,sequoiadendron,sequoiadendron_giganteum,,1,NA,1,1,1,1,1,na,na,na,na,na,0,0,1,1,1,1,1,1,1,1,na,2,2,2,2,2,3,3,3,3
Segi_CoolS/CoolF_B3_R11,3,CoolS/CoolF,sequoiadendron,sequoiadendron_giganteum,,1,NA,1,1,1,1,1,na,na,na,na,na,1,1,1,1,na,na,na,na,na,na,na,na,na,na,na,na,na,na,na,na
Segi_CoolS/CoolF_B3_R12,3,CoolS/CoolF,sequoiadendron,sequoiadendron_giganteum,,1,NA,1,1,1,1,1,na,na,na,na,na,1,1,1,1,1,1,1,2,2,2,na,2,3,2,2,2,2,3,2,2
Segi_CoolS/CoolF_B3_R13,3,CoolS/CoolF,sequoiadendron,sequoiadendron_giganteum,doy 207: dying; doy 228: dead,1,NA,1,1,1,1,1,na,na,na,na,na,1,1,1,1,1,1,1,1,1,1,na,1,1,1,1,1,1,na,na,na
Segi_CoolS/CoolF_B3_R14,3,CoolS/CoolF,sequoiadendron,sequoiadendron_giganteum,,1,NA,1,1,1,1,1,na,na,na,na,na,0,0,1,1,1,1,1,1,1,1,na,1,1,1,1,1,1,1,2,2
Segi_CoolS/CoolF_B3_R15,3,CoolS/CoolF,sequoiadendron,sequoiadendron_giganteum,,1,NA,1,1,1,1,1,na,na,na,na,na,0,0,1,1,1,1,1,1,2,2,na,2,3,2,3,3,3,3,3,3
Segi_CoolS/CoolF_B1_R1_nitro,1,CoolS/CoolF_nitro,sequoiadendron,sequoiadendron_giganteum,,1,NA,1,1,1,1,1,na,na,na,na,na,1,1,1,1,1,1,1,na,na,na,na,na,,na,na,na,na,na,na,na
Segi_CoolS/CoolF_B1_R2_nitro,1,CoolS/CoolF_nitro,sequoiadendron,sequoiadendron_giganteum,,1,NA,1,1,1,1,1,na,na,na,na,na,0,0,1,1,1,1,1,1,1,2,na,2,2,2,2,3,3,3,3,3
Segi_CoolS/CoolF_B1_R3_nitro,1,CoolS/CoolF_nitro,sequoiadendron,sequoiadendron_giganteum,,1,NA,1,1,1,1,1,na,na,na,na,na,0,0,1,1,1,1,1,2,2,2,na,2,2,2,2,3,3,3,3,3
Segi_CoolS/CoolF_B1_R4_nitro,1,CoolS/CoolF_nitro,sequoiadendron,sequoiadendron_giganteum,,1,NA,1,1,1,1,1,na,na,na,na,na,0,0,1,1,1,1,1,1,1,2,na,2,2,2,2,2,3,3,3,3
Segi_CoolS/CoolF_B1_R5_nitro,1,CoolS/CoolF_nitro,sequoiadendron,sequoiadendron_giganteum,,1,NA,1,1,1,1,1,na,na,na,na,na,0,0,1,1,1,1,1,1,1,2,na,2,2,2,2,2,3,3,3,3
Segi_CoolS/CoolF_B2_R6_nitro,2,CoolS/CoolF_nitro,sequoiadendron,sequoiadendron_giganteum,,1,NA,1,1,1,1,1,na,na,na,na,na,1,1,1,1,1,1,1,1,1,1,na,2,2,2,2,3,2,3,3,3
Segi_CoolS/CoolF_B2_R7_nitro,2,CoolS/CoolF_nitro,sequoiadendron,sequoiadendron_giganteum,,1,NA,1,1,1,1,1,na,na,na,na,na,1,1,1,1,1,1,1,2,3,3,na,3,3,3,3,3,3,3,3,3
Segi_CoolS/CoolF_B2_R8_nitro,2,CoolS/CoolF_nitro,sequoiadendron,sequoiadendron_giganteum,,1,NA,1,1,1,1,1,na,na,na,na,na,1,1,1,1,1,2,2,3,3,3,na,3,3,3,3,3,3,3,3,3
Segi_CoolS/CoolF_B2_R9_nitro,2,CoolS/CoolF_nitro,sequoiadendron,sequoiadendron_giganteum,,1,NA,1,1,1,1,1,na,na,na,na,na,1,1,1,1,1,1,1,1,1,1,na,1,1,1,1,1,1,1,1,1
Segi_CoolS/CoolF_B2_R10_nitro,2,CoolS/CoolF_nitro,sequoiadendron,sequoiadendron_giganteum,,1,NA,1,1,1,1,1,na,na,na,na,na,1,1,1,1,1,1,1,na,na,na,na,na,na,na,na,na,na,na,na,na
Segi_CoolS/CoolF_B3_R11_nitro,3,CoolS/CoolF_nitro,sequoiadendron,sequoiadendron_giganteum,,1,NA,1,1,1,1,1,na,na,na,na,na,1,1,1,1,1,2,2,2,3,3,na,3,3,2,3,3,3,3,3,3
Segi_CoolS/CoolF_B3_R12_nitro,3,CoolS/CoolF_nitro,sequoiadendron,sequoiadendron_giganteum,,1,NA,1,1,1,1,1,na,na,na,na,na,0,1,1,1,1,1,1,2,2,2,na,3,3,3,3,3,3,3,3,3
Segi_CoolS/CoolF_B3_R13_nitro,3,CoolS/CoolF_nitro,sequoiadendron,sequoiadendron_giganteum,,1,NA,1,1,1,1,1,na,na,na,na,na,1,1,1,1,1,2,2,3,3,3,na,3,3,3,3,3,3,3,3,3
Segi_CoolS/CoolF_B3_R14_nitro,3,CoolS/CoolF_nitro,sequoiadendron,sequoiadendron_giganteum,,1,NA,1,1,1,1,1,na,na,na,na,na,1,1,1,1,1,1,1,2,3,3,na,3,3,3,3,3,3,3,3,3
Segi_CoolS/CoolF_B3_R15_nitro,3,CoolS/CoolF_nitro,sequoiadendron,sequoiadendron_giganteum,doy179:dead,1,NA,1,1,1,1,1,na,na,na,na,na,1,1,1,1,1,1,1,1,1,na,na,na,na,na,na,na,na,na,na,na
Segi_CoolS/WarmF_B1_R1,1,CoolS/WarmF,sequoiadendron,sequoiadendron_giganteum,,1,NA,1,1,1,1,1,na,na,na,na,na,1,1,1,1,1,1,1,1,2,2,na,2,2,2,2,3,3,3,3,3
Segi_CoolS/WarmF_B1_R2,1,CoolS/WarmF,sequoiadendron,sequoiadendron_giganteum,,1,NA,1,1,1,1,1,na,na,na,na,na,0,0,0,0,1,1,1,1,1,2,na,2,2,2,2,2,2,3,3,3
Segi_CoolS/WarmF_B1_R3,1,CoolS/WarmF,sequoiadendron,sequoiadendron_giganteum,,1,NA,1,1,1,1,1,na,na,na,na,na,0,0,0,0,na,na,na,na,na,na,na,na,na,na,na,na,na,na,na,na
Segi_CoolS/WarmF_B1_R4,1,CoolS/WarmF,sequoiadendron,sequoiadendron_giganteum,,1,NA,1,1,1,1,1,na,na,na,na,na,1,1,1,1,1,1,1,na,na,na,na,na,na,na,na,na,na,na,na,na
Segi_CoolS/WarmF_B1_R5,1,CoolS/WarmF,sequoiadendron,sequoiadendron_giganteum,,1,NA,1,1,1,1,1,na,na,na,na,na,1,1,1,1,1,1,1,na,na,na,na,na,na,na,na,na,na,na,na,na
Segi_CoolS/WarmF_B2_R6,2,CoolS/WarmF,sequoiadendron,sequoiadendron_giganteum,,1,NA,1,1,1,1,1,na,na,na,na,na,1,1,1,1,1,1,1,1,2,3,na,3,2,3,3,3,3,3,3,3
Segi_CoolS/WarmF_B2_R7,2,CoolS/WarmF,sequoiadendron,sequoiadendron_giganteum,doy 207: probably dead; doy 228: dead,1,NA,1,1,1,1,1,na,na,na,na,na,1,1,1,1,1,1,1,1,1,1,na,1,2,2,2,2,1,na,na,na
Segi_CoolS/WarmF_B2_R8,2,CoolS/WarmF,sequoiadendron,sequoiadendron_giganteum,,1,NA,1,1,1,1,1,na,na,na,na,na,1,1,1,1,1,2,2,2,2,2,na,3,3,3,3,3,3,3,3,3
Segi_CoolS/WarmF_B2_R9,2,CoolS/WarmF,sequoiadendron,sequoiadendron_giganteum,,1,NA,1,1,1,1,1,na,na,na,na,na,1,1,1,1,1,1,1,1,1,2,na,3,2,2,2,3,2,3,3,3
Segi_CoolS/WarmF_B2_R10,2,CoolS/WarmF,sequoiadendron,sequoiadendron_giganteum,,1,NA,1,1,1,1,1,na,na,na,na,na,1,1,1,1,1,1,1,1,1,2,na,3,2,2,2,3,3,3,3,3
Segi_CoolS/WarmF_B3_R11,3,CoolS/WarmF,sequoiadendron,sequoiadendron_giganteum,,1,NA,1,1,1,1,1,na,na,na,na,na,1,1,1,1,1,1,1,1,2,2,na,3,2,2,2,3,3,3,3,3
Segi_CoolS/WarmF_B3_R12,3,CoolS/WarmF,sequoiadendron,sequoiadendron_giganteum,doy 207: dying,1,NA,1,1,1,1,1,na,na,na,na,na,0,1,1,1,1,1,1,na,1,1,na,1,1,1,1,1,1,1,1,1
Segi_CoolS/WarmF_B3_R13,3,CoolS/WarmF,sequoiadendron,sequoiadendron_giganteum,,1,NA,1,1,1,1,1,na,na,na,na,na,1,1,1,1,1,2,2,2,2,2,na,3,3,3,3,3,3,3,3,3
Segi_CoolS/WarmF_B3_R14,3,CoolS/WarmF,sequoiadendron,sequoiadendron_giganteum,,1,NA,1,1,1,1,1,na,na,na,na,na,1,1,1,1,1,2,2,2,3,3,na,3,3,3,3,3,3,3,3,3
Segi_CoolS/WarmF_B3_R15,3,CoolS/WarmF,sequoiadendron,sequoiadendron_giganteum,,1,NA,1,1,1,1,1,na,na,na,na,na,1,1,1,1,1,2,2,3,3,3,na,3,3,3,3,3,3,3,3,3
Segi_WarmS/CoolF_B1_R1,1,WarmS/CoolF,sequoiadendron,sequoiadendron_giganteum,,NA,1,1,1,1,na,1,na,na,na,na,na,1,1,1,1,1,2,2,2,2,2,na,2,2,2,2,3,3,3,3,3
Segi_WarmS/CoolF_B1_R2,1,WarmS/CoolF,sequoiadendron,sequoiadendron_giganteum,,NA,1,1,1,1,na,1,na,na,na,na,na,0,0,0,0,na,na,na,na,na,na,na,na,na,na,na,na,na,na,na,na
Segi_WarmS/CoolF_B1_R3,1,WarmS/CoolF,sequoiadendron,sequoiadendron_giganteum,,NA,0,1,1,1,na,1,na,na,na,na,na,0,0,0,0,na,na,na,na,na,na,na,na,na,na,na,na,na,na,na,na
Segi_WarmS/CoolF_B1_R4,1,WarmS/CoolF,sequoiadendron,sequoiadendron_giganteum,doy 207: dead,NA,1,1,1,1,na,1,na,na,na,na,na,1,1,1,1,1,1,1,1,1,1,na,1,1,1,na,na,na,na,na,na
Segi_WarmS/CoolF_B1_R5,1,WarmS/CoolF,sequoiadendron,sequoiadendron_giganteum,,NA,1,1,1,1,na,1,na,na,na,na,na,1,1,1,1,1,1,1,2,2,2,na,2,2,1,1,1,1,1,1,1
Segi_WarmS/CoolF_B2_R6,2,WarmS/CoolF,sequoiadendron,sequoiadendron_giganteum,,NA,1,1,1,1,na,1,na,na,na,na,na,2,3,3,3,3,3,3,3,3,3,na,3,3,3,3,3,3,3,3,3
Segi_WarmS/CoolF_B2_R7,2,WarmS/CoolF,sequoiadendron,sequoiadendron_giganteum,,NA,1,1,1,1,na,1,na,na,na,na,na,2,3,3,3,3,3,3,3,3,3,na,3,3,3,3,3,3,3,3,3
Segi_WarmS/CoolF_B2_R8,2,WarmS/CoolF,sequoiadendron,sequoiadendron_giganteum,,NA,1,1,1,1,na,1,na,na,na,na,na,1,2,2,3,3,3,3,3,3,3,na,3,3,3,3,3,3,3,3,3
Segi_WarmS/CoolF_B2_R9,2,WarmS/CoolF,sequoiadendron,sequoiadendron_giganteum,,NA,1,1,1,1,na,1,na,na,na,na,na,2,2,2,2,2,2,2,3,3,3,na,3,3,3,3,3,3,3,3,3
Segi_WarmS/CoolF_B2_R10,2,WarmS/CoolF,sequoiadendron,sequoiadendron_giganteum,,NA,1,1,1,1,na,1,na,na,na,na,na,1,1,1,2,2,2,2,2,2,2,na,2,1,1,1,1,1,1,1,1
Segi_WarmS/CoolF_B3_R11,3,WarmS/CoolF,sequoiadendron,sequoiadendron_giganteum,,NA,0,1,1,1,na,1,na,na,na,na,na,1,1,1,2,2,2,2,3,3,3,na,3,2,2,3,3,3,3,3,3
Segi_WarmS/CoolF_B3_R12,3,WarmS/CoolF,sequoiadendron,sequoiadendron_giganteum,,NA,1,1,1,1,na,1,na,na,na,na,na,1,2,2,2,2,2,2,2,3,3,na,3,3,2,3,3,3,3,3,3
Segi_WarmS/CoolF_B3_R13,3,WarmS/CoolF,sequoiadendron,sequoiadendron_giganteum,,NA,1,1,1,1,na,1,na,na,na,na,na,1,1,1,2,2,2,2,3,3,3,na,3,3,3,3,3,3,3,3,3
Segi_WarmS/CoolF_B3_R14,3,WarmS/CoolF,sequoiadendron,sequoiadendron_giganteum,,NA,1,1,1,1,na,1,na,na,na,na,na,1,1,1,2,2,2,2,3,3,3,na,3,3,3,3,3,3,3,3,3
Segi_WarmS/CoolF_B3_R15,3,WarmS/CoolF,sequoiadendron,sequoiadendron_giganteum,,NA,1,1,1,1,na,1,na,na,na,na,na,0,0,0,0,0,0,0,na,na,na,na,na,na,na,na,na,na,na,na,na
Segi_WarmS/WarmF_B1_R1,1,WarmS/WarmF,sequoiadendron,sequoiadendron_giganteum,,NA,1,1,1,1,1,1,na,na,na,na,na,1,2,2,2,2,2,2,3,3,3,na,3,3,3,2,3,3,3,3,3
Segi_WarmS/WarmF_B1_R2,1,WarmS/WarmF,sequoiadendron,sequoiadendron_giganteum,,NA,1,1,1,1,1,1,na,na,na,na,na,0,0,0,0,na,na,na,na,na,na,na,na,,na,na,na,na,na,na,na
Segi_WarmS/WarmF_B1_R3,1,WarmS/WarmF,sequoiadendron,sequoiadendron_giganteum,,NA,0,1,1,1,1,1,na,na,na,na,na,0,0,0,0,na,na,na,na,na,na,na,na,,na,na,na,na,na,na,na
Segi_WarmS/WarmF_B1_R4,1,WarmS/WarmF,sequoiadendron,sequoiadendron_giganteum,,NA,0,1,1,1,1,1,na,na,na,na,na,0,0,0,0,na,na,na,na,na,na,na,na,,na,na,na,na,na,na,na
Segi_WarmS/WarmF_B1_R5,1,WarmS/WarmF,sequoiadendron,sequoiadendron_giganteum,,NA,1,1,1,1,1,1,na,na,na,na,na,1,1,1,1,1,1,1,1,1,1,na,1,1,2,3,3,3,3,3,3
Segi_WarmS/WarmF_B2_R6,2,WarmS/WarmF,sequoiadendron,sequoiadendron_giganteum,,NA,1,1,1,1,1,1,na,na,na,na,na,2,2,3,3,3,3,3,3,3,3,na,3,3,3,3,3,3,3,3,3
Segi_WarmS/WarmF_B2_R7,2,WarmS/WarmF,sequoiadendron,sequoiadendron_giganteum,,NA,1,1,1,1,1,1,na,na,na,na,na,1,2,2,2,3,3,3,3,3,3,na,3,3,3,3,3,3,3,3,3
Segi_WarmS/WarmF_B2_R8,2,WarmS/WarmF,sequoiadendron,sequoiadendron_giganteum,doy171: dead,NA,1,1,1,1,1,1,na,na,na,na,na,1,1,1,1,1,1,1,1,na,na,na,na,na,na,na,na,na,na,na,na
Segi_WarmS/WarmF_B2_R9,2,WarmS/WarmF,sequoiadendron,sequoiadendron_giganteum,,NA,1,1,1,1,1,1,na,na,na,na,na,1,1,1,1,1,1,1,1,1,1,na,1,1,1,1,1,1,1,1,1
Segi_WarmS/WarmF_B2_R10,2,WarmS/WarmF,sequoiadendron,sequoiadendron_giganteum,doy 207: dead,NA,1,1,1,1,1,1,na,na,na,na,na,1,1,1,1,1,1,1,1,1,1,na,1,1,1,na,na,na,na,na,na
Segi_WarmS/WarmF_B3_R11,3,WarmS/WarmF,sequoiadendron,sequoiadendron_giganteum,,NA,1,1,1,1,1,1,na,na,na,na,na,0,0,0,0,na,na,na,na,na,na,na,na,na,na,na,na,na,na,na,na
Segi_WarmS/WarmF_B3_R12,3,WarmS/WarmF,sequoiadendron,sequoiadendron_giganteum,,NA,1,1,1,1,1,1,na,na,na,na,na,0,1,1,1,1,2,2,3,3,3,na,3,3,3,3,3,3,3,3,3
Segi_WarmS/WarmF_B3_R13,3,WarmS/WarmF,sequoiadendron,sequoiadendron_giganteum,,NA,1,1,1,1,1,1,na,na,na,na,na,2,2,2,2,3,3,3,3,3,3,na,3,3,3,3,3,3,3,3,3
Segi_WarmS/WarmF_B3_R14,3,WarmS/WarmF,sequoiadendron,sequoiadendron_giganteum,,NA,1,1,1,1,1,1,na,na,na,na,na,1,2,2,2,2,2,2,3,3,3,na,3,3,2,2,2,3,3,3,3
Segi_WarmS/WarmF_B3_R15,3,WarmS/WarmF,sequoiadendron,sequoiadendron_giganteum,,NA,1,1,1,1,1,1,na,na,na,na,na,2,2,3,3,3,3,3,3,3,3,na,3,3,3,3,3,3,3,3,3
Segi_WarmS/WarmF_B1_R1_nitro,1,WarmS/WarmF_nitro,sequoiadendron,sequoiadendron_giganteum,,NA,1,1,1,1,1,1,na,na,na,na,na,1,1,1,1,2,2,2,2,2,2,na,2,2,2,3,3,3,3,3,3
Segi_WarmS/WarmF_B1_R2_nitro,1,WarmS/WarmF_nitro,sequoiadendron,sequoiadendron_giganteum,,NA,1,1,1,1,1,1,na,na,na,na,na,2,2,2,2,2,2,2,2,2,2,na,2,1,1,1,1,1,1,2,3
Segi_WarmS/WarmF_B1_R3_nitro,1,WarmS/WarmF_nitro,sequoiadendron,sequoiadendron_giganteum,,NA,1,1,1,1,1,1,na,na,na,na,na,2,2,2,2,2,2,2,3,3,3,na,3,3,3,3,3,3,3,3,3
Segi_WarmS/WarmF_B1_R4_nitro,1,WarmS/WarmF_nitro,sequoiadendron,sequoiadendron_giganteum,doy162:dead,NA,1,1,1,1,1,1,na,na,na,na,na,1,1,1,1,1,1,na,na,na,na,na,na,na,na,na,na,na,na,na,na
Segi_WarmS/WarmF_B1_R5_nitro,1,WarmS/WarmF_nitro,sequoiadendron,sequoiadendron_giganteum,,NA,1,1,1,1,1,1,na,na,na,na,na,1,1,2,2,2,2,2,3,3,3,na,3,3,3,3,3,3,3,3,3
Segi_WarmS/WarmF_B2_R6_nitro,2,WarmS/WarmF_nitro,sequoiadendron,sequoiadendron_giganteum,,NA,1,1,1,1,1,1,na,na,na,na,na,1,1,2,2,2,2,3,3,3,3,na,3,3,3,3,3,3,3,3,3
Segi_WarmS/WarmF_B2_R7_nitro,2,WarmS/WarmF_nitro,sequoiadendron,sequoiadendron_giganteum,,NA,1,1,1,1,1,1,na,na,na,na,na,2,2,2,2,2,2,2,3,3,3,na,3,3,3,3,3,3,3,3,3
Segi_WarmS/WarmF_B2_R8_nitro,2,WarmS/WarmF_nitro,sequoiadendron,sequoiadendron_giganteum,,NA,1,1,1,1,1,1,na,na,na,na,na,1,2,2,2,2,2,3,3,3,3,na,3,3,3,3,3,3,3,3,3
Segi_WarmS/WarmF_B2_R9_nitro,2,WarmS/WarmF_nitro,sequoiadendron,sequoiadendron_giganteum,,NA,1,1,1,1,1,1,na,na,na,na,na,2,3,3,3,3,3,3,3,3,3,na,3,3,3,3,3,3,3,3,3
Segi_WarmS/WarmF_B2_R10_nitro,2,WarmS/WarmF_nitro,sequoiadendron,sequoiadendron_giganteum,,NA,1,1,1,1,1,1,na,na,na,na,na,1,2,2,2,2,2,2,3,3,3,na,3,3,2,3,3,3,3,3,3
Segi_WarmS/WarmF_B3_R11_nitro,3,WarmS/WarmF_nitro,sequoiadendron,sequoiadendron_giganteum,,NA,1,1,1,1,1,1,na,na,na,na,na,2,2,2,2,2,2,3,3,3,3,na,3,3,3,3,3,3,3,3,3
Segi_WarmS/WarmF_B3_R12_nitro,3,WarmS/WarmF_nitro,sequoiadendron,sequoiadendron_giganteum,,NA,1,1,1,1,1,1,na,na,na,na,na,1,2,2,2,2,2,2,2,2,2,na,2,2,2,2,2,2,3,3,3
Segi_WarmS/WarmF_B3_R13_nitro,3,WarmS/WarmF_nitro,sequoiadendron,sequoiadendron_giganteum,,NA,0,1,1,1,1,1,na,na,na,na,na,1,2,2,2,2,2,2,3,3,3,na,3,2,2,3,3,3,3,3,3
Segi_WarmS/WarmF_B3_R14_nitro,3,WarmS/WarmF_nitro,sequoiadendron,sequoiadendron_giganteum,,NA,1,1,1,1,1,1,na,na,na,na,na,2,3,3,3,3,3,3,3,3,3,na,3,3,3,3,3,3,3,3,3
Segi_WarmS/WarmF_B3_R15_nitro,3,WarmS/WarmF_nitro,sequoiadendron,sequoiadendron_giganteum,doy 207: red mark missing,NA,1,1,1,1,1,1,na,na,na,na,na,1,2,2,2,2,2,2,3,3,3,na,3,2,2,na,na,na,na,na,na