tree_ID,bloc,treatment,genus,species,,apical_shoot_dead,144_chlorosis,178_light_stress,177_mildew
Acne_CoolS/CoolF_B1_R1,1,CoolS/CoolF,acer,acer_negundo,,,,,1
Acne_CoolS/CoolF_B1_R2,1,CoolS/CoolF,acer,acer_negundo,,,,,1
Acne_CoolS/CoolF_B1_R3,1,CoolS/CoolF,acer,acer_negundo,,,,,1
Acne_CoolS/CoolF_B1_R4,1,CoolS/CoolF,acer,acer_negundo,,,,,1
Acne_CoolS/CoolF_B1_R5,1,CoolS/CoolF,acer,acer_negundo,,,,,1
Acne_CoolS/CoolF_B2_R6,2,CoolS/CoolF,acer,acer_negundo,,,,,1
Acne_CoolS/CoolF_B2_R7,2,CoolS/CoolF,acer,acer_negundo,,,,,1
Acne_CoolS/CoolF_B2_R8,2,CoolS/CoolF,acer,acer_negundo,,,,,1
Acne_CoolS/CoolF_B2_R9,2,CoolS/CoolF,acer,acer_negundo,,,,,1
Acne_CoolS/CoolF_B2_R10,2,CoolS/CoolF,acer,acer_negundo,,,,,1
Acne_CoolS/CoolF_B3_R11,3,CoolS/CoolF,acer,acer_negundo,,,,,1
Acne_CoolS/CoolF_B3_R12,3,CoolS/CoolF,acer,acer_negundo,,,,,1
Acne_CoolS/CoolF_B3_R13,3,CoolS/CoolF,acer,acer_negundo,,,,,1
Acne_CoolS/CoolF_B3_R14,3,CoolS/CoolF,acer,acer_negundo,,,,,1
Acne_CoolS/CoolF_B3_R15,3,CoolS/CoolF,acer,acer_negundo,,,,,1
Acne_CoolS/CoolF_B1_R1_nitro,1,CoolS/CoolF_nitro,acer,acer_negundo,,,,,1
Acne_CoolS/CoolF_B1_R2_nitro,1,CoolS/CoolF_nitro,acer,acer_negundo,,,,,1
Acne_CoolS/CoolF_B1_R3_nitro,1,CoolS/CoolF_nitro,acer,acer_negundo,,,,,1
Acne_CoolS/CoolF_B1_R4_nitro,1,CoolS/CoolF_nitro,acer,acer_negundo,,,,,1
Acne_CoolS/CoolF_B1_R5_nitro,1,CoolS/CoolF_nitro,acer,acer_negundo,,,,,1
Acne_CoolS/CoolF_B2_R6_nitro,2,CoolS/CoolF_nitro,acer,acer_negundo,,,,,1
Acne_CoolS/CoolF_B2_R7_nitro,2,CoolS/CoolF_nitro,acer,acer_negundo,,,,,1
Acne_CoolS/CoolF_B2_R8_nitro,2,CoolS/CoolF_nitro,acer,acer_negundo,,,,,1
Acne_CoolS/CoolF_B2_R9_nitro,2,CoolS/CoolF_nitro,acer,acer_negundo,,,,,1
Acne_CoolS/CoolF_B2_R10_nitro,2,CoolS/CoolF_nitro,acer,acer_negundo,,,,,1
Acne_CoolS/CoolF_B3_R11_nitro,3,CoolS/CoolF_nitro,acer,acer_negundo,,,,,1
Acne_CoolS/CoolF_B3_R12_nitro,3,CoolS/CoolF_nitro,acer,acer_negundo,,,,,1
Acne_CoolS/CoolF_B3_R13_nitro,3,CoolS/CoolF_nitro,acer,acer_negundo,,,,,1
Acne_CoolS/CoolF_B3_R14_nitro,3,CoolS/CoolF_nitro,acer,acer_negundo,,,,,1
Acne_CoolS/CoolF_B3_R15_nitro,3,CoolS/CoolF_nitro,acer,acer_negundo,,,,,1
Acne_CoolS/WarmF_B1_R1,1,CoolS/WarmF,acer,acer_negundo,,,,,1
Acne_CoolS/WarmF_B1_R2,1,CoolS/WarmF,acer,acer_negundo,,,,,1
Acne_CoolS/WarmF_B1_R3,1,CoolS/WarmF,acer,acer_negundo,,,,,1
Acne_CoolS/WarmF_B1_R4,1,CoolS/WarmF,acer,acer_negundo,,,,,1
Acne_CoolS/WarmF_B1_R5,1,CoolS/WarmF,acer,acer_negundo,,,,,1
Acne_CoolS/WarmF_B2_R6,2,CoolS/WarmF,acer,acer_negundo,,,,,1
Acne_CoolS/WarmF_B2_R7,2,CoolS/WarmF,acer,acer_negundo,,,,,1
Acne_CoolS/WarmF_B2_R8,2,CoolS/WarmF,acer,acer_negundo,,,,,1
Acne_CoolS/WarmF_B2_R9,2,CoolS/WarmF,acer,acer_negundo,,,,,1
Acne_CoolS/WarmF_B2_R10,2,CoolS/WarmF,acer,acer_negundo,,,,,1
Acne_CoolS/WarmF_B3_R11,3,CoolS/WarmF,acer,acer_negundo,,,,,1
Acne_CoolS/WarmF_B3_R12,3,CoolS/WarmF,acer,acer_negundo,,,,,1
Acne_CoolS/WarmF_B3_R13,3,CoolS/WarmF,acer,acer_negundo,,,,,1
Acne_CoolS/WarmF_B3_R14,3,CoolS/WarmF,acer,acer_negundo,,,,,1
Acne_CoolS/WarmF_B3_R15,3,CoolS/WarmF,acer,acer_negundo,,,,,1
Acne_WarmS/CoolF_B1_R1,1,WarmS/CoolF,acer,acer_negundo,,,,,1
Acne_WarmS/CoolF_B1_R2,1,WarmS/CoolF,acer,acer_negundo,,,,,1
Acne_WarmS/CoolF_B1_R3,1,WarmS/CoolF,acer,acer_negundo,,,,,1
Acne_WarmS/CoolF_B1_R4,1,WarmS/CoolF,acer,acer_negundo,,,,,1
Acne_WarmS/CoolF_B1_R5,1,WarmS/CoolF,acer,acer_negundo,,,,,1
Acne_WarmS/CoolF_B2_R6,2,WarmS/CoolF,acer,acer_negundo,,,,,1
Acne_WarmS/CoolF_B2_R7,2,WarmS/CoolF,acer,acer_negundo,,,,,1
Acne_WarmS/CoolF_B2_R8,2,WarmS/CoolF,acer,acer_negundo,,,,,1
Acne_WarmS/CoolF_B2_R9,2,WarmS/CoolF,acer,acer_negundo,,,,,1
Acne_WarmS/CoolF_B2_R10,2,WarmS/CoolF,acer,acer_negundo,,,,,1
Acne_WarmS/CoolF_B3_R11,3,WarmS/CoolF,acer,acer_negundo,,,,,1
Acne_WarmS/CoolF_B3_R12,3,WarmS/CoolF,acer,acer_negundo,,,,,1
Acne_WarmS/CoolF_B3_R13,3,WarmS/CoolF,acer,acer_negundo,,,,,1
Acne_WarmS/CoolF_B3_R14,3,WarmS/CoolF,acer,acer_negundo,,,,,1
Acne_WarmS/CoolF_B3_R15,3,WarmS/CoolF,acer,acer_negundo,,,,,1
Acne_WarmS/WarmF_B1_R1,1,WarmS/WarmF,acer,acer_negundo,,,,,1
Acne_WarmS/WarmF_B1_R2,1,WarmS/WarmF,acer,acer_negundo,,,,,1
Acne_WarmS/WarmF_B1_R3,1,WarmS/WarmF,acer,acer_negundo,,,,,1
Acne_WarmS/WarmF_B1_R4,1,WarmS/WarmF,acer,acer_negundo,,,,,1
Acne_WarmS/WarmF_B1_R5,1,WarmS/WarmF,acer,acer_negundo,,,,,1
Acne_WarmS/WarmF_B2_R6,2,WarmS/WarmF,acer,acer_negundo,,,,,1
Acne_WarmS/WarmF_B2_R7,2,WarmS/WarmF,acer,acer_negundo,,,,,1
Acne_WarmS/WarmF_B2_R8,2,WarmS/WarmF,acer,acer_negundo,,,,,1
Acne_WarmS/WarmF_B2_R9,2,WarmS/WarmF,acer,acer_negundo,,,,,1
Acne_WarmS/WarmF_B2_R10,2,WarmS/WarmF,acer,acer_negundo,,,,,1
Acne_WarmS/WarmF_B3_R11,3,WarmS/WarmF,acer,acer_negundo,,,,,1
Acne_WarmS/WarmF_B3_R12,3,WarmS/WarmF,acer,acer_negundo,,,,,1
Acne_WarmS/WarmF_B3_R13,3,WarmS/WarmF,acer,acer_negundo,,,,,1
Acne_WarmS/WarmF_B3_R14,3,WarmS/WarmF,acer,acer_negundo,,,,,1
Acne_WarmS/WarmF_B3_R15,3,WarmS/WarmF,acer,acer_negundo,,,,,1
Acne_WarmS/WarmF_B1_R1_nitro,1,WarmS/WarmF_nitro,acer,acer_negundo,,,,,1
Acne_WarmS/WarmF_B1_R2_nitro,1,WarmS/WarmF_nitro,acer,acer_negundo,,,,,1
Acne_WarmS/WarmF_B1_R3_nitro,1,WarmS/WarmF_nitro,acer,acer_negundo,,,,,1
Acne_WarmS/WarmF_B1_R4_nitro,1,WarmS/WarmF_nitro,acer,acer_negundo,,,,,1
Acne_WarmS/WarmF_B1_R5_nitro,1,WarmS/WarmF_nitro,acer,acer_negundo,,,,,1
Acne_WarmS/WarmF_B2_R6_nitro,2,WarmS/WarmF_nitro,acer,acer_negundo,,,,,1
Acne_WarmS/WarmF_B2_R7_nitro,2,WarmS/WarmF_nitro,acer,acer_negundo,,,,,1
Acne_WarmS/WarmF_B2_R8_nitro,2,WarmS/WarmF_nitro,acer,acer_negundo,,,,,1
Acne_WarmS/WarmF_B2_R9_nitro,2,WarmS/WarmF_nitro,acer,acer_negundo,,,,,1
Acne_WarmS/WarmF_B2_R10_nitro,2,WarmS/WarmF_nitro,acer,acer_negundo,,,,,1
Acne_WarmS/WarmF_B3_R11_nitro,3,WarmS/WarmF_nitro,acer,acer_negundo,,,,,1
Acne_WarmS/WarmF_B3_R12_nitro,3,WarmS/WarmF_nitro,acer,acer_negundo,,,,,1
Acne_WarmS/WarmF_B3_R13_nitro,3,WarmS/WarmF_nitro,acer,acer_negundo,,,,,1
Acne_WarmS/WarmF_B3_R14_nitro,3,WarmS/WarmF_nitro,acer,acer_negundo,,,,,1
Acne_WarmS/WarmF_B3_R15_nitro,3,WarmS/WarmF_nitro,acer,acer_negundo,,,,,1
Bepa_CoolS/CoolF_B1_R1,1,CoolS/CoolF,betula,betula_papyrifera,,,,,
Bepa_CoolS/CoolF_B1_R2,1,CoolS/CoolF,betula,betula_papyrifera,,,,,
Bepa_CoolS/CoolF_B1_R3,1,CoolS/CoolF,betula,betula_papyrifera,,,,,
Bepa_CoolS/CoolF_B1_R4,1,CoolS/CoolF,betula,betula_papyrifera,,,,,
Bepa_CoolS/CoolF_B1_R5,1,CoolS/CoolF,betula,betula_papyrifera,,,,,
Bepa_CoolS/CoolF_B2_R6,2,CoolS/CoolF,betula,betula_papyrifera,,,,,
Bepa_CoolS/CoolF_B2_R7,2,CoolS/CoolF,betula,betula_papyrifera,,,,,
Bepa_CoolS/CoolF_B2_R8,2,CoolS/CoolF,betula,betula_papyrifera,,,,,
Bepa_CoolS/CoolF_B2_R9,2,CoolS/CoolF,betula,betula_papyrifera,,,,,
Bepa_CoolS/CoolF_B2_R10,2,CoolS/CoolF,betula,betula_papyrifera,,,,,
Bepa_CoolS/CoolF_B3_R11,3,CoolS/CoolF,betula,betula_papyrifera,,,,,
Bepa_CoolS/CoolF_B3_R12,3,CoolS/CoolF,betula,betula_papyrifera,,,,,
Bepa_CoolS/CoolF_B3_R13,3,CoolS/CoolF,betula,betula_papyrifera,,,,,
Bepa_CoolS/CoolF_B3_R14,3,CoolS/CoolF,betula,betula_papyrifera,,,,,
Bepa_CoolS/CoolF_B3_R15,3,CoolS/CoolF,betula,betula_papyrifera,,,,,
Bepa_CoolS/CoolF_B1_R1_nitro,1,CoolS/CoolF_nitro,betula,betula_papyrifera,,,,,
Bepa_CoolS/CoolF_B1_R2_nitro,1,CoolS/CoolF_nitro,betula,betula_papyrifera,,,,,
Bepa_CoolS/CoolF_B1_R3_nitro,1,CoolS/CoolF_nitro,betula,betula_papyrifera,,,,,
Bepa_CoolS/CoolF_B1_R4_nitro,1,CoolS/CoolF_nitro,betula,betula_papyrifera,,,,,
Bepa_CoolS/CoolF_B1_R5_nitro,1,CoolS/CoolF_nitro,betula,betula_papyrifera,,,,,
Bepa_CoolS/CoolF_B2_R6_nitro,2,CoolS/CoolF_nitro,betula,betula_papyrifera,,,,,
Bepa_CoolS/CoolF_B2_R7_nitro,2,CoolS/CoolF_nitro,betula,betula_papyrifera,doy162: top half the tree is dead. Bottom is alive,1,,,
Bepa_CoolS/CoolF_B2_R8_nitro,2,CoolS/CoolF_nitro,betula,betula_papyrifera,,,,,
Bepa_CoolS/CoolF_B2_R9_nitro,2,CoolS/CoolF_nitro,betula,betula_papyrifera,,,,,
Bepa_CoolS/CoolF_B2_R10_nitro,2,CoolS/CoolF_nitro,betula,betula_papyrifera,,,,,
Bepa_CoolS/CoolF_B3_R11_nitro,3,CoolS/CoolF_nitro,betula,betula_papyrifera,,,,,
Bepa_CoolS/CoolF_B3_R12_nitro,3,CoolS/CoolF_nitro,betula,betula_papyrifera,,,,,
Bepa_CoolS/CoolF_B3_R13_nitro,3,CoolS/CoolF_nitro,betula,betula_papyrifera,,,,,
Bepa_CoolS/CoolF_B3_R14_nitro,3,CoolS/CoolF_nitro,betula,betula_papyrifera,,,,,
Bepa_CoolS/CoolF_B3_R15_nitro,3,CoolS/CoolF_nitro,betula,betula_papyrifera,,,,,
Bepa_CoolS/WarmF_B1_R1,1,CoolS/WarmF,betula,betula_papyrifera,,,,,
Bepa_CoolS/WarmF_B1_R2,1,CoolS/WarmF,betula,betula_papyrifera,,,,,
Bepa_CoolS/WarmF_B1_R3,1,CoolS/WarmF,betula,betula_papyrifera,,,,,
Bepa_CoolS/WarmF_B1_R4,1,CoolS/WarmF,betula,betula_papyrifera,,,,,
Bepa_CoolS/WarmF_B1_R5,1,CoolS/WarmF,betula,betula_papyrifera,,,,,
Bepa_CoolS/WarmF_B2_R6,2,CoolS/WarmF,betula,betula_papyrifera,,,,,
Bepa_CoolS/WarmF_B2_R7,2,CoolS/WarmF,betula,betula_papyrifera,,,,,
Bepa_CoolS/WarmF_B2_R8,2,CoolS/WarmF,betula,betula_papyrifera,,,,,
Bepa_CoolS/WarmF_B2_R9,2,CoolS/WarmF,betula,betula_papyrifera,,,,,
Bepa_CoolS/WarmF_B2_R10,2,CoolS/WarmF,betula,betula_papyrifera,,,,,
Bepa_CoolS/WarmF_B3_R11,3,CoolS/WarmF,betula,betula_papyrifera,,,,,
Bepa_CoolS/WarmF_B3_R12,3,CoolS/WarmF,betula,betula_papyrifera,,,,,
Bepa_CoolS/WarmF_B3_R13,3,CoolS/WarmF,betula,betula_papyrifera,,,,,
Bepa_CoolS/WarmF_B3_R14,3,CoolS/WarmF,betula,betula_papyrifera,,,,,
Bepa_CoolS/WarmF_B3_R15,3,CoolS/WarmF,betula,betula_papyrifera,,,,,
Bepa_WarmS/CoolF_B1_R1,1,WarmS/CoolF,betula,betula_papyrifera,,,,,
Bepa_WarmS/CoolF_B1_R2,1,WarmS/CoolF,betula,betula_papyrifera,,,,,
Bepa_WarmS/CoolF_B1_R3,1,WarmS/CoolF,betula,betula_papyrifera,,,,,
Bepa_WarmS/CoolF_B1_R4,1,WarmS/CoolF,betula,betula_papyrifera,,,,,
Bepa_WarmS/CoolF_B1_R5,1,WarmS/CoolF,betula,betula_papyrifera,,,,,
Bepa_WarmS/CoolF_B2_R6,2,WarmS/CoolF,betula,betula_papyrifera,,,,,
Bepa_WarmS/CoolF_B2_R7,2,WarmS/CoolF,betula,betula_papyrifera,,,,,
Bepa_WarmS/CoolF_B2_R8,2,WarmS/CoolF,betula,betula_papyrifera,,,,,
Bepa_WarmS/CoolF_B2_R9,2,WarmS/CoolF,betula,betula_papyrifera,,,,,
Bepa_WarmS/CoolF_B2_R10,2,WarmS/CoolF,betula,betula_papyrifera,,,,,
Bepa_WarmS/CoolF_B3_R11,3,WarmS/CoolF,betula,betula_papyrifera,,,,,
Bepa_WarmS/CoolF_B3_R12,3,WarmS/CoolF,betula,betula_papyrifera,,,,,
Bepa_WarmS/CoolF_B3_R13,3,WarmS/CoolF,betula,betula_papyrifera,,,,,
Bepa_WarmS/CoolF_B3_R14,3,WarmS/CoolF,betula,betula_papyrifera,,,,,
Bepa_WarmS/CoolF_B3_R15,3,WarmS/CoolF,betula,betula_papyrifera,,,,,
Bepa_WarmS/WarmF_B1_R1,1,WarmS/WarmF,betula,betula_papyrifera,,,,,
Bepa_WarmS/WarmF_B1_R2,1,WarmS/WarmF,betula,betula_papyrifera,,,,,
Bepa_WarmS/WarmF_B1_R3,1,WarmS/WarmF,betula,betula_papyrifera,,,,,
Bepa_WarmS/WarmF_B1_R4,1,WarmS/WarmF,betula,betula_papyrifera,,,,,
Bepa_WarmS/WarmF_B1_R5,1,WarmS/WarmF,betula,betula_papyrifera,,,,,
Bepa_WarmS/WarmF_B2_R6,2,WarmS/WarmF,betula,betula_papyrifera,,,,,
Bepa_WarmS/WarmF_B2_R7,2,WarmS/WarmF,betula,betula_papyrifera,,,,,
Bepa_WarmS/WarmF_B2_R8,2,WarmS/WarmF,betula,betula_papyrifera,,,,,
Bepa_WarmS/WarmF_B2_R9,2,WarmS/WarmF,betula,betula_papyrifera,,,,,
Bepa_WarmS/WarmF_B2_R10,2,WarmS/WarmF,betula,betula_papyrifera,,,,,
Bepa_WarmS/WarmF_B3_R11,3,WarmS/WarmF,betula,betula_papyrifera,,,,,
Bepa_WarmS/WarmF_B3_R12,3,WarmS/WarmF,betula,betula_papyrifera,,,,,
Bepa_WarmS/WarmF_B3_R13,3,WarmS/WarmF,betula,betula_papyrifera,,,,,
Bepa_WarmS/WarmF_B3_R14,3,WarmS/WarmF,betula,betula_papyrifera,,,,,
Bepa_WarmS/WarmF_B3_R15,3,WarmS/WarmF,betula,betula_papyrifera,,,,,
Bepa_WarmS/WarmF_B1_R1_nitro,1,WarmS/WarmF_nitro,betula,betula_papyrifera,,,,,
Bepa_WarmS/WarmF_B1_R2_nitro,1,WarmS/WarmF_nitro,betula,betula_papyrifera,,,,,
Bepa_WarmS/WarmF_B1_R3_nitro,1,WarmS/WarmF_nitro,betula,betula_papyrifera,,,,,
Bepa_WarmS/WarmF_B1_R4_nitro,1,WarmS/WarmF_nitro,betula,betula_papyrifera,,,,,
Bepa_WarmS/WarmF_B1_R5_nitro,1,WarmS/WarmF_nitro,betula,betula_papyrifera,,,,,
Bepa_WarmS/WarmF_B2_R6_nitro,2,WarmS/WarmF_nitro,betula,betula_papyrifera,,,,,
Bepa_WarmS/WarmF_B2_R7_nitro,2,WarmS/WarmF_nitro,betula,betula_papyrifera,,,,,
Bepa_WarmS/WarmF_B2_R8_nitro,2,WarmS/WarmF_nitro,betula,betula_papyrifera,,,,,
Bepa_WarmS/WarmF_B2_R9_nitro,2,WarmS/WarmF_nitro,betula,betula_papyrifera,,,,,
Bepa_WarmS/WarmF_B2_R10_nitro,2,WarmS/WarmF_nitro,betula,betula_papyrifera,,,,,
Bepa_WarmS/WarmF_B3_R11_nitro,3,WarmS/WarmF_nitro,betula,betula_papyrifera,,,,,
Bepa_WarmS/WarmF_B3_R12_nitro,3,WarmS/WarmF_nitro,betula,betula_papyrifera,,,,,
Bepa_WarmS/WarmF_B3_R13_nitro,3,WarmS/WarmF_nitro,betula,betula_papyrifera,,,,,
Bepa_WarmS/WarmF_B3_R14_nitro,3,WarmS/WarmF_nitro,betula,betula_papyrifera,,,,,
Bepa_WarmS/WarmF_B3_R15_nitro,3,WarmS/WarmF_nitro,betula,betula_papyrifera,,,,,
Pist_CoolS/CoolF_B1_R1,1,CoolS/CoolF,pinus,pinus_strobus,,,,,
Pist_CoolS/CoolF_B1_R2,1,CoolS/CoolF,pinus,pinus_strobus,,,,,
Pist_CoolS/CoolF_B1_R3,1,CoolS/CoolF,pinus,pinus_strobus,,,,,
Pist_CoolS/CoolF_B1_R4,1,CoolS/CoolF,pinus,pinus_strobus,,,,,
Pist_CoolS/CoolF_B1_R5,1,CoolS/CoolF,pinus,pinus_strobus,,,,,
Pist_CoolS/CoolF_B2_R6,2,CoolS/CoolF,pinus,pinus_strobus,,,,,
Pist_CoolS/CoolF_B2_R7,2,CoolS/CoolF,pinus,pinus_strobus,,,,,
Pist_CoolS/CoolF_B2_R8,2,CoolS/CoolF,pinus,pinus_strobus,,,,,
Pist_CoolS/CoolF_B2_R9,2,CoolS/CoolF,pinus,pinus_strobus,,,,,
Pist_CoolS/CoolF_B2_R10,2,CoolS/CoolF,pinus,pinus_strobus,,,,,
Pist_CoolS/CoolF_B3_R11,3,CoolS/CoolF,pinus,pinus_strobus,,,,,
Pist_CoolS/CoolF_B3_R12,3,CoolS/CoolF,pinus,pinus_strobus,,,,,
Pist_CoolS/CoolF_B3_R13,3,CoolS/CoolF,pinus,pinus_strobus,,,,,
Pist_CoolS/CoolF_B3_R14,3,CoolS/CoolF,pinus,pinus_strobus,,,,,
Pist_CoolS/CoolF_B3_R15,3,CoolS/CoolF,pinus,pinus_strobus,,,,,
Pist_CoolS/CoolF_B1_R1_nitro,1,CoolS/CoolF_nitro,pinus,pinus_strobus,,,,,
Pist_CoolS/CoolF_B1_R2_nitro,1,CoolS/CoolF_nitro,pinus,pinus_strobus,,,,,
Pist_CoolS/CoolF_B1_R3_nitro,1,CoolS/CoolF_nitro,pinus,pinus_strobus,,,,,
Pist_CoolS/CoolF_B1_R4_nitro,1,CoolS/CoolF_nitro,pinus,pinus_strobus,,,,,
Pist_CoolS/CoolF_B1_R5_nitro,1,CoolS/CoolF_nitro,pinus,pinus_strobus,,,,,
Pist_CoolS/CoolF_B2_R6_nitro,2,CoolS/CoolF_nitro,pinus,pinus_strobus,,,,,
Pist_CoolS/CoolF_B2_R7_nitro,2,CoolS/CoolF_nitro,pinus,pinus_strobus,,,,,
Pist_CoolS/CoolF_B2_R8_nitro,2,CoolS/CoolF_nitro,pinus,pinus_strobus,,,,,
Pist_CoolS/CoolF_B2_R9_nitro,2,CoolS/CoolF_nitro,pinus,pinus_strobus,,,,,
Pist_CoolS/CoolF_B2_R10_nitro,2,CoolS/CoolF_nitro,pinus,pinus_strobus,,,,,
Pist_CoolS/CoolF_B3_R11_nitro,3,CoolS/CoolF_nitro,pinus,pinus_strobus,,,,,
Pist_CoolS/CoolF_B3_R12_nitro,3,CoolS/CoolF_nitro,pinus,pinus_strobus,,,,,
Pist_CoolS/CoolF_B3_R13_nitro,3,CoolS/CoolF_nitro,pinus,pinus_strobus,,,,,
Pist_CoolS/CoolF_B3_R14_nitro,3,CoolS/CoolF_nitro,pinus,pinus_strobus,,,,,
Pist_CoolS/CoolF_B3_R15_nitro,3,CoolS/CoolF_nitro,pinus,pinus_strobus,,,,,
Pist_CoolS/WarmF_B1_R1,1,CoolS/WarmF,pinus,pinus_strobus,,,,,
Pist_CoolS/WarmF_B1_R2,1,CoolS/WarmF,pinus,pinus_strobus,,,,,
Pist_CoolS/WarmF_B1_R3,1,CoolS/WarmF,pinus,pinus_strobus,,,,,
Pist_CoolS/WarmF_B1_R4,1,CoolS/WarmF,pinus,pinus_strobus,,,,,
Pist_CoolS/WarmF_B1_R5,1,CoolS/WarmF,pinus,pinus_strobus,,,,,
Pist_CoolS/WarmF_B2_R6,2,CoolS/WarmF,pinus,pinus_strobus,,,,,
Pist_CoolS/WarmF_B2_R7,2,CoolS/WarmF,pinus,pinus_strobus,,,,,
Pist_CoolS/WarmF_B2_R8,2,CoolS/WarmF,pinus,pinus_strobus,,,,,
Pist_CoolS/WarmF_B2_R9,2,CoolS/WarmF,pinus,pinus_strobus,,,,,
Pist_CoolS/WarmF_B2_R10,2,CoolS/WarmF,pinus,pinus_strobus,,,,,
Pist_CoolS/WarmF_B3_R11,3,CoolS/WarmF,pinus,pinus_strobus,,,,,
Pist_CoolS/WarmF_B3_R12,3,CoolS/WarmF,pinus,pinus_strobus,,,,,
Pist_CoolS/WarmF_B3_R13,3,CoolS/WarmF,pinus,pinus_strobus,,,,,
Pist_CoolS/WarmF_B3_R14,3,CoolS/WarmF,pinus,pinus_strobus,,,,,
Pist_CoolS/WarmF_B3_R15,3,CoolS/WarmF,pinus,pinus_strobus,,,,,
Pist_WarmS/CoolF_B1_R1,1,WarmS/CoolF,pinus,pinus_strobus,,,,,
Pist_WarmS/CoolF_B1_R2,1,WarmS/CoolF,pinus,pinus_strobus,,,,,
Pist_WarmS/CoolF_B1_R3,1,WarmS/CoolF,pinus,pinus_strobus,,,,,
Pist_WarmS/CoolF_B1_R4,1,WarmS/CoolF,pinus,pinus_strobus,,,,,
Pist_WarmS/CoolF_B1_R5,1,WarmS/CoolF,pinus,pinus_strobus,,,,,
Pist_WarmS/CoolF_B2_R6,2,WarmS/CoolF,pinus,pinus_strobus,,,,,
Pist_WarmS/CoolF_B2_R7,2,WarmS/CoolF,pinus,pinus_strobus,,,,,
Pist_WarmS/CoolF_B2_R8,2,WarmS/CoolF,pinus,pinus_strobus,,,,,
Pist_WarmS/CoolF_B2_R9,2,WarmS/CoolF,pinus,pinus_strobus,,,,,
Pist_WarmS/CoolF_B2_R10,2,WarmS/CoolF,pinus,pinus_strobus,,,,,
Pist_WarmS/CoolF_B3_R11,3,WarmS/CoolF,pinus,pinus_strobus,,,,,
Pist_WarmS/CoolF_B3_R12,3,WarmS/CoolF,pinus,pinus_strobus,,,,,
Pist_WarmS/CoolF_B3_R13,3,WarmS/CoolF,pinus,pinus_strobus,,,,,
Pist_WarmS/CoolF_B3_R14,3,WarmS/CoolF,pinus,pinus_strobus,,,,,
Pist_WarmS/CoolF_B3_R15,3,WarmS/CoolF,pinus,pinus_strobus,,,,,
Pist_WarmS/WarmF_B1_R1,1,WarmS/WarmF,pinus,pinus_strobus,,,,,
Pist_WarmS/WarmF_B1_R2,1,WarmS/WarmF,pinus,pinus_strobus,,,,,
Pist_WarmS/WarmF_B1_R3,1,WarmS/WarmF,pinus,pinus_strobus,,,,,
Pist_WarmS/WarmF_B1_R4,1,WarmS/WarmF,pinus,pinus_strobus,,,,,
Pist_WarmS/WarmF_B1_R5,1,WarmS/WarmF,pinus,pinus_strobus,,,,,
Pist_WarmS/WarmF_B2_R6,2,WarmS/WarmF,pinus,pinus_strobus,,,,,
Pist_WarmS/WarmF_B2_R7,2,WarmS/WarmF,pinus,pinus_strobus,,,,,
Pist_WarmS/WarmF_B2_R8,2,WarmS/WarmF,pinus,pinus_strobus,,,,,
Pist_WarmS/WarmF_B2_R9,2,WarmS/WarmF,pinus,pinus_strobus,,,,,
Pist_WarmS/WarmF_B2_R10,2,WarmS/WarmF,pinus,pinus_strobus,,,,,
Pist_WarmS/WarmF_B3_R11,3,WarmS/WarmF,pinus,pinus_strobus,,,,,
Pist_WarmS/WarmF_B3_R12,3,WarmS/WarmF,pinus,pinus_strobus,,,,,
Pist_WarmS/WarmF_B3_R13,3,WarmS/WarmF,pinus,pinus_strobus,,,,,
Pist_WarmS/WarmF_B3_R14,3,WarmS/WarmF,pinus,pinus_strobus,,,,,
Pist_WarmS/WarmF_B3_R15,3,WarmS/WarmF,pinus,pinus_strobus,,,,,
Pist_WarmS/WarmF_B1_R1_nitro,1,WarmS/WarmF_nitro,pinus,pinus_strobus,,,,,
Pist_WarmS/WarmF_B1_R2_nitro,1,WarmS/WarmF_nitro,pinus,pinus_strobus,,,,,
Pist_WarmS/WarmF_B1_R3_nitro,1,WarmS/WarmF_nitro,pinus,pinus_strobus,,,,,
Pist_WarmS/WarmF_B1_R4_nitro,1,WarmS/WarmF_nitro,pinus,pinus_strobus,,,,,
Pist_WarmS/WarmF_B1_R5_nitro,1,WarmS/WarmF_nitro,pinus,pinus_strobus,,,,,
Pist_WarmS/WarmF_B2_R6_nitro,2,WarmS/WarmF_nitro,pinus,pinus_strobus,,,,,
Pist_WarmS/WarmF_B2_R7_nitro,2,WarmS/WarmF_nitro,pinus,pinus_strobus,,,,,
Pist_WarmS/WarmF_B2_R8_nitro,2,WarmS/WarmF_nitro,pinus,pinus_strobus,,,,,
Pist_WarmS/WarmF_B2_R9_nitro,2,WarmS/WarmF_nitro,pinus,pinus_strobus,,,,,
Pist_WarmS/WarmF_B2_R10_nitro,2,WarmS/WarmF_nitro,pinus,pinus_strobus,,,,,
Pist_WarmS/WarmF_B3_R11_nitro,3,WarmS/WarmF_nitro,pinus,pinus_strobus,,,,,
Pist_WarmS/WarmF_B3_R12_nitro,3,WarmS/WarmF_nitro,pinus,pinus_strobus,,,,,
Pist_WarmS/WarmF_B3_R13_nitro,3,WarmS/WarmF_nitro,pinus,pinus_strobus,,,,,
Pist_WarmS/WarmF_B3_R14_nitro,3,WarmS/WarmF_nitro,pinus,pinus_strobus,,,,,
Pist_WarmS/WarmF_B3_R15_nitro,3,WarmS/WarmF_nitro,pinus,pinus_strobus,,,,,
Poba_CoolS/CoolF_B1_R1,1,CoolS/CoolF,populus,populus_balsamifera,,,,,
Poba_CoolS/CoolF_B1_R2,1,CoolS/CoolF,populus,populus_balsamifera,,,,,
Poba_CoolS/CoolF_B1_R3,1,CoolS/CoolF,populus,populus_balsamifera,,,,,
Poba_CoolS/CoolF_B1_R4,1,CoolS/CoolF,populus,populus_balsamifera,,,,,
Poba_CoolS/CoolF_B1_R5,1,CoolS/CoolF,populus,populus_balsamifera,,,,,
Poba_CoolS/CoolF_B2_R6,2,CoolS/CoolF,populus,populus_balsamifera,,,,,
Poba_CoolS/CoolF_B2_R7,2,CoolS/CoolF,populus,populus_balsamifera,,,,,
Poba_CoolS/CoolF_B2_R8,2,CoolS/CoolF,populus,populus_balsamifera,"doy162: apical bud never sprouted, side shoots alive",1,,,
Poba_CoolS/CoolF_B2_R9,2,CoolS/CoolF,populus,populus_balsamifera,,,,,
Poba_CoolS/CoolF_B2_R10,2,CoolS/CoolF,populus,populus_balsamifera,,,,,
Poba_CoolS/CoolF_B3_R11,3,CoolS/CoolF,populus,populus_balsamifera,,,,,
Poba_CoolS/CoolF_B3_R12,3,CoolS/CoolF,populus,populus_balsamifera,,,,,
Poba_CoolS/CoolF_B3_R13,3,CoolS/CoolF,populus,populus_balsamifera,,,,,
Poba_CoolS/CoolF_B3_R14,3,CoolS/CoolF,populus,populus_balsamifera,,,,,
Poba_CoolS/CoolF_B3_R15,3,CoolS/CoolF,populus,populus_balsamifera,,,,,
Poba_CoolS/CoolF_B1_R1_nitro,1,CoolS/CoolF_nitro,populus,populus_balsamifera,,,,,
Poba_CoolS/CoolF_B1_R2_nitro,1,CoolS/CoolF_nitro,populus,populus_balsamifera,,,,,
Poba_CoolS/CoolF_B1_R3_nitro,1,CoolS/CoolF_nitro,populus,populus_balsamifera,,,,,
Poba_CoolS/CoolF_B1_R4_nitro,1,CoolS/CoolF_nitro,populus,populus_balsamifera,,,,,
Poba_CoolS/CoolF_B1_R5_nitro,1,CoolS/CoolF_nitro,populus,populus_balsamifera,,,,,
Poba_CoolS/CoolF_B2_R6_nitro,2,CoolS/CoolF_nitro,populus,populus_balsamifera,,,,,
Poba_CoolS/CoolF_B2_R7_nitro,2,CoolS/CoolF_nitro,populus,populus_balsamifera,,,,,
Poba_CoolS/CoolF_B2_R8_nitro,2,CoolS/CoolF_nitro,populus,populus_balsamifera,"doy162: measured segment died, another one was planted and is doing great. We followed pheno and shoot elongation for that one.",1,,,
Poba_CoolS/CoolF_B2_R9_nitro,2,CoolS/CoolF_nitro,populus,populus_balsamifera,,,,,
Poba_CoolS/CoolF_B2_R10_nitro,2,CoolS/CoolF_nitro,populus,populus_balsamifera,,,,,
Poba_CoolS/CoolF_B3_R11_nitro,3,CoolS/CoolF_nitro,populus,populus_balsamifera,,,,,
Poba_CoolS/CoolF_B3_R12_nitro,3,CoolS/CoolF_nitro,populus,populus_balsamifera,,,,,
Poba_CoolS/CoolF_B3_R13_nitro,3,CoolS/CoolF_nitro,populus,populus_balsamifera,,,,,
Poba_CoolS/CoolF_B3_R14_nitro,3,CoolS/CoolF_nitro,populus,populus_balsamifera,,,,,
Poba_CoolS/CoolF_B3_R15_nitro,3,CoolS/CoolF_nitro,populus,populus_balsamifera,,,,,
Poba_CoolS/WarmF_B1_R1,1,CoolS/WarmF,populus,populus_balsamifera,,,,,
Poba_CoolS/WarmF_B1_R2,1,CoolS/WarmF,populus,populus_balsamifera,,,,,
Poba_CoolS/WarmF_B1_R3,1,CoolS/WarmF,populus,populus_balsamifera,,,,,
Poba_CoolS/WarmF_B1_R4,1,CoolS/WarmF,populus,populus_balsamifera,,,,,
Poba_CoolS/WarmF_B1_R5,1,CoolS/WarmF,populus,populus_balsamifera,,,,,
Poba_CoolS/WarmF_B2_R6,2,CoolS/WarmF,populus,populus_balsamifera,,,,,
Poba_CoolS/WarmF_B2_R7,2,CoolS/WarmF,populus,populus_balsamifera,,,,,
Poba_CoolS/WarmF_B2_R8,2,CoolS/WarmF,populus,populus_balsamifera,,,,,
Poba_CoolS/WarmF_B2_R9,2,CoolS/WarmF,populus,populus_balsamifera,,,,,
Poba_CoolS/WarmF_B2_R10,2,CoolS/WarmF,populus,populus_balsamifera,,,,,
Poba_CoolS/WarmF_B3_R11,3,CoolS/WarmF,populus,populus_balsamifera,,,,,
Poba_CoolS/WarmF_B3_R12,3,CoolS/WarmF,populus,populus_balsamifera,,,,,
Poba_CoolS/WarmF_B3_R13,3,CoolS/WarmF,populus,populus_balsamifera,,,,,
Poba_CoolS/WarmF_B3_R14,3,CoolS/WarmF,populus,populus_balsamifera,,,,,
Poba_CoolS/WarmF_B3_R15,3,CoolS/WarmF,populus,populus_balsamifera,,,,,
Poba_WarmS/CoolF_B1_R1,1,WarmS/CoolF,populus,populus_balsamifera,,,,,
Poba_WarmS/CoolF_B1_R2,1,WarmS/CoolF,populus,populus_balsamifera,,,,,
Poba_WarmS/CoolF_B1_R3,1,WarmS/CoolF,populus,populus_balsamifera,,,,,
Poba_WarmS/CoolF_B1_R4,1,WarmS/CoolF,populus,populus_balsamifera,,,,,
Poba_WarmS/CoolF_B1_R5,1,WarmS/CoolF,populus,populus_balsamifera,,,,,
Poba_WarmS/CoolF_B2_R6,2,WarmS/CoolF,populus,populus_balsamifera,,,,,
Poba_WarmS/CoolF_B2_R7,2,WarmS/CoolF,populus,populus_balsamifera,,,,,
Poba_WarmS/CoolF_B2_R8,2,WarmS/CoolF,populus,populus_balsamifera,,,,,
Poba_WarmS/CoolF_B2_R9,2,WarmS/CoolF,populus,populus_balsamifera,,,,,
Poba_WarmS/CoolF_B2_R10,2,WarmS/CoolF,populus,populus_balsamifera,,,,,
Poba_WarmS/CoolF_B3_R11,3,WarmS/CoolF,populus,populus_balsamifera,,,,,
Poba_WarmS/CoolF_B3_R12,3,WarmS/CoolF,populus,populus_balsamifera,,,,,
Poba_WarmS/CoolF_B3_R13,3,WarmS/CoolF,populus,populus_balsamifera,,,,,
Poba_WarmS/CoolF_B3_R14,3,WarmS/CoolF,populus,populus_balsamifera,,,,,
Poba_WarmS/CoolF_B3_R15,3,WarmS/CoolF,populus,populus_balsamifera,,,,,
Poba_WarmS/WarmF_B1_R1,1,WarmS/WarmF,populus,populus_balsamifera,,,,,
Poba_WarmS/WarmF_B1_R2,1,WarmS/WarmF,populus,populus_balsamifera,,,,,
Poba_WarmS/WarmF_B1_R3,1,WarmS/WarmF,populus,populus_balsamifera,,,,,
Poba_WarmS/WarmF_B1_R4,1,WarmS/WarmF,populus,populus_balsamifera,,,,,
Poba_WarmS/WarmF_B1_R5,1,WarmS/WarmF,populus,populus_balsamifera,,,,,
Poba_WarmS/WarmF_B2_R6,2,WarmS/WarmF,populus,populus_balsamifera,,,,,
Poba_WarmS/WarmF_B2_R7,2,WarmS/WarmF,populus,populus_balsamifera,,,,,
Poba_WarmS/WarmF_B2_R8,2,WarmS/WarmF,populus,populus_balsamifera,,,,,
Poba_WarmS/WarmF_B2_R9,2,WarmS/WarmF,populus,populus_balsamifera,,,,,
Poba_WarmS/WarmF_B2_R10,2,WarmS/WarmF,populus,populus_balsamifera,,,,,
Poba_WarmS/WarmF_B3_R11,3,WarmS/WarmF,populus,populus_balsamifera,,,,,
Poba_WarmS/WarmF_B3_R12,3,WarmS/WarmF,populus,populus_balsamifera,,,,,
Poba_WarmS/WarmF_B3_R13,3,WarmS/WarmF,populus,populus_balsamifera,,,,,
Poba_WarmS/WarmF_B3_R14,3,WarmS/WarmF,populus,populus_balsamifera,,,,,
Poba_WarmS/WarmF_B3_R15,3,WarmS/WarmF,populus,populus_balsamifera,,,,,
Poba_WarmS/WarmF_B1_R1_nitro,1,WarmS/WarmF_nitro,populus,populus_balsamifera,,,,,
Poba_WarmS/WarmF_B1_R2_nitro,1,WarmS/WarmF_nitro,populus,populus_balsamifera,,,,,
Poba_WarmS/WarmF_B1_R3_nitro,1,WarmS/WarmF_nitro,populus,populus_balsamifera,,,,,
Poba_WarmS/WarmF_B1_R4_nitro,1,WarmS/WarmF_nitro,populus,populus_balsamifera,,,,,
Poba_WarmS/WarmF_B1_R5_nitro,1,WarmS/WarmF_nitro,populus,populus_balsamifera,,,,,
Poba_WarmS/WarmF_B2_R6_nitro,2,WarmS/WarmF_nitro,populus,populus_balsamifera,,,,,
Poba_WarmS/WarmF_B2_R7_nitro,2,WarmS/WarmF_nitro,populus,populus_balsamifera,,,,,
Poba_WarmS/WarmF_B2_R8_nitro,2,WarmS/WarmF_nitro,populus,populus_balsamifera,,,,,
Poba_WarmS/WarmF_B2_R9_nitro,2,WarmS/WarmF_nitro,populus,populus_balsamifera,,,,,
Poba_WarmS/WarmF_B2_R10_nitro,2,WarmS/WarmF_nitro,populus,populus_balsamifera,,,,,
Poba_WarmS/WarmF_B3_R11_nitro,3,WarmS/WarmF_nitro,populus,populus_balsamifera,,,,,
Poba_WarmS/WarmF_B3_R12_nitro,3,WarmS/WarmF_nitro,populus,populus_balsamifera,,,,,
Poba_WarmS/WarmF_B3_R13_nitro,3,WarmS/WarmF_nitro,populus,populus_balsamifera,,,,,
Poba_WarmS/WarmF_B3_R14_nitro,3,WarmS/WarmF_nitro,populus,populus_balsamifera,,,,,
Poba_WarmS/WarmF_B3_R15_nitro,3,WarmS/WarmF_nitro,populus,populus_balsamifera,,,,,
Prvi_CoolS/CoolF_B1_R1,1,CoolS/CoolF,prunus,prunus_virginiana,,,,,
Prvi_CoolS/CoolF_B1_R2,1,CoolS/CoolF,prunus,prunus_virginiana,,,,,
Prvi_CoolS/CoolF_B1_R3,1,CoolS/CoolF,prunus,prunus_virginiana,,,,,
Prvi_CoolS/CoolF_B1_R4,1,CoolS/CoolF,prunus,prunus_virginiana,,,,,
Prvi_CoolS/CoolF_B1_R5,1,CoolS/CoolF,prunus,prunus_virginiana,,,,,
Prvi_CoolS/CoolF_B2_R6,2,CoolS/CoolF,prunus,prunus_virginiana,,,,,
Prvi_CoolS/CoolF_B2_R7,2,CoolS/CoolF,prunus,prunus_virginiana,,,,,
Prvi_CoolS/CoolF_B2_R8,2,CoolS/CoolF,prunus,prunus_virginiana,doy162: apical bud never sprouted,1,,,
Prvi_CoolS/CoolF_B2_R9,2,CoolS/CoolF,prunus,prunus_virginiana,,,,,
Prvi_CoolS/CoolF_B2_R10,2,CoolS/CoolF,prunus,prunus_virginiana,,,,,
Prvi_CoolS/CoolF_B3_R11,3,CoolS/CoolF,prunus,prunus_virginiana,,,,,
Prvi_CoolS/CoolF_B3_R12,3,CoolS/CoolF,prunus,prunus_virginiana,,,,,
Prvi_CoolS/CoolF_B3_R13,3,CoolS/CoolF,prunus,prunus_virginiana,,,,,
Prvi_CoolS/CoolF_B3_R14,3,CoolS/CoolF,prunus,prunus_virginiana,,,,,
Prvi_CoolS/CoolF_B3_R15,3,CoolS/CoolF,prunus,prunus_virginiana,,,,,
Prvi_CoolS/CoolF_B1_R1_nitro,1,CoolS/CoolF_nitro,prunus,prunus_virginiana,,,,,
Prvi_CoolS/CoolF_B1_R2_nitro,1,CoolS/CoolF_nitro,prunus,prunus_virginiana,,,,,
Prvi_CoolS/CoolF_B1_R3_nitro,1,CoolS/CoolF_nitro,prunus,prunus_virginiana,,,,,
Prvi_CoolS/CoolF_B1_R4_nitro,1,CoolS/CoolF_nitro,prunus,prunus_virginiana,"doy162: main trunk dead, new plant sprouting from below ground",1,,,
Prvi_CoolS/CoolF_B1_R5_nitro,1,CoolS/CoolF_nitro,prunus,prunus_virginiana,,,,,
Prvi_CoolS/CoolF_B2_R6_nitro,2,CoolS/CoolF_nitro,prunus,prunus_virginiana,,,,,
Prvi_CoolS/CoolF_B2_R7_nitro,2,CoolS/CoolF_nitro,prunus,prunus_virginiana,,,,,
Prvi_CoolS/CoolF_B2_R8_nitro,2,CoolS/CoolF_nitro,prunus,prunus_virginiana,,,,,
Prvi_CoolS/CoolF_B2_R9_nitro,2,CoolS/CoolF_nitro,prunus,prunus_virginiana,,,,,
Prvi_CoolS/CoolF_B2_R10_nitro,2,CoolS/CoolF_nitro,prunus,prunus_virginiana,,,,,
Prvi_CoolS/CoolF_B3_R11_nitro,3,CoolS/CoolF_nitro,prunus,prunus_virginiana,,,,,
Prvi_CoolS/CoolF_B3_R12_nitro,3,CoolS/CoolF_nitro,prunus,prunus_virginiana,,1,,,
Prvi_CoolS/CoolF_B3_R13_nitro,3,CoolS/CoolF_nitro,prunus,prunus_virginiana,,,,,
Prvi_CoolS/CoolF_B3_R14_nitro,3,CoolS/CoolF_nitro,prunus,prunus_virginiana,,,,,
Prvi_CoolS/CoolF_B3_R15_nitro,3,CoolS/CoolF_nitro,prunus,prunus_virginiana,doy162: top leaves are doing tetrribly and the lateral shoots are doing much better,,,,
Prvi_CoolS/WarmF_B1_R1,1,CoolS/WarmF,prunus,prunus_virginiana,,1,,,
Prvi_CoolS/WarmF_B1_R2,1,CoolS/WarmF,prunus,prunus_virginiana,,,,,
Prvi_CoolS/WarmF_B1_R3,1,CoolS/WarmF,prunus,prunus_virginiana,,1,,,
Prvi_CoolS/WarmF_B1_R4,1,CoolS/WarmF,prunus,prunus_virginiana,,,,,
Prvi_CoolS/WarmF_B1_R5,1,CoolS/WarmF,prunus,prunus_virginiana,,,,,
Prvi_CoolS/WarmF_B2_R6,2,CoolS/WarmF,prunus,prunus_virginiana,,,,,
Prvi_CoolS/WarmF_B2_R7,2,CoolS/WarmF,prunus,prunus_virginiana,,,,,
Prvi_CoolS/WarmF_B2_R8,2,CoolS/WarmF,prunus,prunus_virginiana,,,,,
Prvi_CoolS/WarmF_B2_R9,2,CoolS/WarmF,prunus,prunus_virginiana,,,,,
Prvi_CoolS/WarmF_B2_R10,2,CoolS/WarmF,prunus,prunus_virginiana,,,,,
Prvi_CoolS/WarmF_B3_R11,3,CoolS/WarmF,prunus,prunus_virginiana,,1,,,
Prvi_CoolS/WarmF_B3_R12,3,CoolS/WarmF,prunus,prunus_virginiana,,,,,
Prvi_CoolS/WarmF_B3_R13,3,CoolS/WarmF,prunus,prunus_virginiana,,,,,
Prvi_CoolS/WarmF_B3_R14,3,CoolS/WarmF,prunus,prunus_virginiana,,,,,
Prvi_CoolS/WarmF_B3_R15,3,CoolS/WarmF,prunus,prunus_virginiana,,,,,
Prvi_WarmS/CoolF_B1_R1,1,WarmS/CoolF,prunus,prunus_virginiana,,,,,
Prvi_WarmS/CoolF_B1_R2,1,WarmS/CoolF,prunus,prunus_virginiana,,,,,
Prvi_WarmS/CoolF_B1_R3,1,WarmS/CoolF,prunus,prunus_virginiana,,,,,
Prvi_WarmS/CoolF_B1_R4,1,WarmS/CoolF,prunus,prunus_virginiana,,,,,
Prvi_WarmS/CoolF_B1_R5,1,WarmS/CoolF,prunus,prunus_virginiana,,,,,
Prvi_WarmS/CoolF_B2_R6,2,WarmS/CoolF,prunus,prunus_virginiana,,,,,
Prvi_WarmS/CoolF_B2_R7,2,WarmS/CoolF,prunus,prunus_virginiana,,,,,
Prvi_WarmS/CoolF_B2_R8,2,WarmS/CoolF,prunus,prunus_virginiana,,,,,
Prvi_WarmS/CoolF_B2_R9,2,WarmS/CoolF,prunus,prunus_virginiana,,,,,
Prvi_WarmS/CoolF_B2_R10,2,WarmS/CoolF,prunus,prunus_virginiana,,,,,
Prvi_WarmS/CoolF_B3_R11,3,WarmS/CoolF,prunus,prunus_virginiana,,,,,
Prvi_WarmS/CoolF_B3_R12,3,WarmS/CoolF,prunus,prunus_virginiana,,,,,
Prvi_WarmS/CoolF_B3_R13,3,WarmS/CoolF,prunus,prunus_virginiana,,,,,
Prvi_WarmS/CoolF_B3_R14,3,WarmS/CoolF,prunus,prunus_virginiana,,,,,
Prvi_WarmS/CoolF_B3_R15,3,WarmS/CoolF,prunus,prunus_virginiana,,,,,
Prvi_WarmS/WarmF_B1_R1,1,WarmS/WarmF,prunus,prunus_virginiana,,,,,
Prvi_WarmS/WarmF_B1_R2,1,WarmS/WarmF,prunus,prunus_virginiana,,,,,
Prvi_WarmS/WarmF_B1_R3,1,WarmS/WarmF,prunus,prunus_virginiana,,,,,
Prvi_WarmS/WarmF_B1_R4,1,WarmS/WarmF,prunus,prunus_virginiana,,,,,
Prvi_WarmS/WarmF_B1_R5,1,WarmS/WarmF,prunus,prunus_virginiana,,1,,,
Prvi_WarmS/WarmF_B2_R6,2,WarmS/WarmF,prunus,prunus_virginiana,,,,,
Prvi_WarmS/WarmF_B2_R7,2,WarmS/WarmF,prunus,prunus_virginiana,,,,,
Prvi_WarmS/WarmF_B2_R8,2,WarmS/WarmF,prunus,prunus_virginiana,,1,,,
Prvi_WarmS/WarmF_B2_R9,2,WarmS/WarmF,prunus,prunus_virginiana,,,,,
Prvi_WarmS/WarmF_B2_R10,2,WarmS/WarmF,prunus,prunus_virginiana,,,,,
Prvi_WarmS/WarmF_B3_R11,3,WarmS/WarmF,prunus,prunus_virginiana,,,,,
Prvi_WarmS/WarmF_B3_R12,3,WarmS/WarmF,prunus,prunus_virginiana,,,,,
Prvi_WarmS/WarmF_B3_R13,3,WarmS/WarmF,prunus,prunus_virginiana,,,,,
Prvi_WarmS/WarmF_B3_R14,3,WarmS/WarmF,prunus,prunus_virginiana,,,,,
Prvi_WarmS/WarmF_B3_R15,3,WarmS/WarmF,prunus,prunus_virginiana,,,,,
Prvi_WarmS/WarmF_B1_R1_nitro,1,WarmS/WarmF_nitro,prunus,prunus_virginiana,,,,,
Prvi_WarmS/WarmF_B1_R2_nitro,1,WarmS/WarmF_nitro,prunus,prunus_virginiana,,,,,
Prvi_WarmS/WarmF_B1_R3_nitro,1,WarmS/WarmF_nitro,prunus,prunus_virginiana,,,,,
Prvi_WarmS/WarmF_B1_R4_nitro,1,WarmS/WarmF_nitro,prunus,prunus_virginiana,,,,,
Prvi_WarmS/WarmF_B1_R5_nitro,1,WarmS/WarmF_nitro,prunus,prunus_virginiana,,,,,
Prvi_WarmS/WarmF_B2_R6_nitro,2,WarmS/WarmF_nitro,prunus,prunus_virginiana,,1,,,
Prvi_WarmS/WarmF_B2_R7_nitro,2,WarmS/WarmF_nitro,prunus,prunus_virginiana,,,,,
Prvi_WarmS/WarmF_B2_R8_nitro,2,WarmS/WarmF_nitro,prunus,prunus_virginiana,,,,,
Prvi_WarmS/WarmF_B2_R9_nitro,2,WarmS/WarmF_nitro,prunus,prunus_virginiana,,,,,
Prvi_WarmS/WarmF_B2_R10_nitro,2,WarmS/WarmF_nitro,prunus,prunus_virginiana,,,,,
Prvi_WarmS/WarmF_B3_R11_nitro,3,WarmS/WarmF_nitro,prunus,prunus_virginiana,,,,,
Prvi_WarmS/WarmF_B3_R12_nitro,3,WarmS/WarmF_nitro,prunus,prunus_virginiana,,,,,
Prvi_WarmS/WarmF_B3_R13_nitro,3,WarmS/WarmF_nitro,prunus,prunus_virginiana,,,,,
Prvi_WarmS/WarmF_B3_R14_nitro,3,WarmS/WarmF_nitro,prunus,prunus_virginiana,,,,,
Prvi_WarmS/WarmF_B3_R15_nitro,3,WarmS/WarmF_nitro,prunus,prunus_virginiana,,1,,,
Quma_CoolS/CoolF_B1_R1,1,CoolS/CoolF,quercus,quercus_macrocarpa,,,,,
Quma_CoolS/CoolF_B1_R2,1,CoolS/CoolF,quercus,quercus_macrocarpa,,,,,
Quma_CoolS/CoolF_B1_R3,1,CoolS/CoolF,quercus,quercus_macrocarpa,,,,,
Quma_CoolS/CoolF_B1_R4,1,CoolS/CoolF,quercus,quercus_macrocarpa,,,,,
Quma_CoolS/CoolF_B1_R5,1,CoolS/CoolF,quercus,quercus_macrocarpa,,,,,
Quma_CoolS/CoolF_B2_R6,2,CoolS/CoolF,quercus,quercus_macrocarpa,,,,,
Quma_CoolS/CoolF_B2_R7,2,CoolS/CoolF,quercus,quercus_macrocarpa,,,,,
Quma_CoolS/CoolF_B2_R8,2,CoolS/CoolF,quercus,quercus_macrocarpa,,,,,
Quma_CoolS/CoolF_B2_R9,2,CoolS/CoolF,quercus,quercus_macrocarpa,,,,,
Quma_CoolS/CoolF_B2_R10,2,CoolS/CoolF,quercus,quercus_macrocarpa,,,,,
Quma_CoolS/CoolF_B3_R11,3,CoolS/CoolF,quercus,quercus_macrocarpa,,,,,
Quma_CoolS/CoolF_B3_R12,3,CoolS/CoolF,quercus,quercus_macrocarpa,,,,,
Quma_CoolS/CoolF_B3_R13,3,CoolS/CoolF,quercus,quercus_macrocarpa,,,,,
Quma_CoolS/CoolF_B3_R14,3,CoolS/CoolF,quercus,quercus_macrocarpa,,,,,
Quma_CoolS/CoolF_B3_R15,3,CoolS/CoolF,quercus,quercus_macrocarpa,,,,,
Quma_CoolS/CoolF_B1_R1_nitro,1,CoolS/CoolF_nitro,quercus,quercus_macrocarpa,,,,,
Quma_CoolS/CoolF_B1_R2_nitro,1,CoolS/CoolF_nitro,quercus,quercus_macrocarpa,,,,,
Quma_CoolS/CoolF_B1_R3_nitro,1,CoolS/CoolF_nitro,quercus,quercus_macrocarpa,,,,,
Quma_CoolS/CoolF_B1_R4_nitro,1,CoolS/CoolF_nitro,quercus,quercus_macrocarpa,,,,,
Quma_CoolS/CoolF_B1_R5_nitro,1,CoolS/CoolF_nitro,quercus,quercus_macrocarpa,,,,,
Quma_CoolS/CoolF_B2_R6_nitro,2,CoolS/CoolF_nitro,quercus,quercus_macrocarpa,,,,,
Quma_CoolS/CoolF_B2_R7_nitro,2,CoolS/CoolF_nitro,quercus,quercus_macrocarpa,,,,,
Quma_CoolS/CoolF_B2_R8_nitro,2,CoolS/CoolF_nitro,quercus,quercus_macrocarpa,,,,,
Quma_CoolS/CoolF_B2_R9_nitro,2,CoolS/CoolF_nitro,quercus,quercus_macrocarpa,,,,,
Quma_CoolS/CoolF_B2_R10_nitro,2,CoolS/CoolF_nitro,quercus,quercus_macrocarpa,,,,,
Quma_CoolS/CoolF_B3_R11_nitro,3,CoolS/CoolF_nitro,quercus,quercus_macrocarpa,,,,,
Quma_CoolS/CoolF_B3_R12_nitro,3,CoolS/CoolF_nitro,quercus,quercus_macrocarpa,,,,,
Quma_CoolS/CoolF_B3_R13_nitro,3,CoolS/CoolF_nitro,quercus,quercus_macrocarpa,,,,,
Quma_CoolS/CoolF_B3_R14_nitro,3,CoolS/CoolF_nitro,quercus,quercus_macrocarpa,,,,,
Quma_CoolS/CoolF_B3_R15_nitro,3,CoolS/CoolF_nitro,quercus,quercus_macrocarpa,,,,,
Quma_CoolS/WarmF_B1_R1,1,CoolS/WarmF,quercus,quercus_macrocarpa,,,,,
Quma_CoolS/WarmF_B1_R2,1,CoolS/WarmF,quercus,quercus_macrocarpa,,,,,
Quma_CoolS/WarmF_B1_R3,1,CoolS/WarmF,quercus,quercus_macrocarpa,,,,,
Quma_CoolS/WarmF_B1_R4,1,CoolS/WarmF,quercus,quercus_macrocarpa,,,,,
Quma_CoolS/WarmF_B1_R5,1,CoolS/WarmF,quercus,quercus_macrocarpa,,,,,
Quma_CoolS/WarmF_B2_R6,2,CoolS/WarmF,quercus,quercus_macrocarpa,,,,,
Quma_CoolS/WarmF_B2_R7,2,CoolS/WarmF,quercus,quercus_macrocarpa,,,,,
Quma_CoolS/WarmF_B2_R8,2,CoolS/WarmF,quercus,quercus_macrocarpa,,,,,
Quma_CoolS/WarmF_B2_R9,2,CoolS/WarmF,quercus,quercus_macrocarpa,,,,,
Quma_CoolS/WarmF_B2_R10,2,CoolS/WarmF,quercus,quercus_macrocarpa,,,,,
Quma_CoolS/WarmF_B3_R11,3,CoolS/WarmF,quercus,quercus_macrocarpa,,,,,
Quma_CoolS/WarmF_B3_R12,3,CoolS/WarmF,quercus,quercus_macrocarpa,,,,,
Quma_CoolS/WarmF_B3_R13,3,CoolS/WarmF,quercus,quercus_macrocarpa,,,,,
Quma_CoolS/WarmF_B3_R14,3,CoolS/WarmF,quercus,quercus_macrocarpa,,,,,
Quma_CoolS/WarmF_B3_R15,3,CoolS/WarmF,quercus,quercus_macrocarpa,,,,,
Quma_WarmS/CoolF_B1_R1,1,WarmS/CoolF,quercus,quercus_macrocarpa,,,,,
Quma_WarmS/CoolF_B1_R2,1,WarmS/CoolF,quercus,quercus_macrocarpa,,,,,
Quma_WarmS/CoolF_B1_R3,1,WarmS/CoolF,quercus,quercus_macrocarpa,,,,,
Quma_WarmS/CoolF_B1_R4,1,WarmS/CoolF,quercus,quercus_macrocarpa,,,,,
Quma_WarmS/CoolF_B1_R5,1,WarmS/CoolF,quercus,quercus_macrocarpa,,,,,
Quma_WarmS/CoolF_B2_R6,2,WarmS/CoolF,quercus,quercus_macrocarpa,,,,,
Quma_WarmS/CoolF_B2_R7,2,WarmS/CoolF,quercus,quercus_macrocarpa,,,,,
Quma_WarmS/CoolF_B2_R8,2,WarmS/CoolF,quercus,quercus_macrocarpa,,,,,
Quma_WarmS/CoolF_B2_R9,2,WarmS/CoolF,quercus,quercus_macrocarpa,,,,,
Quma_WarmS/CoolF_B2_R10,2,WarmS/CoolF,quercus,quercus_macrocarpa,,,,,
Quma_WarmS/CoolF_B3_R11,3,WarmS/CoolF,quercus,quercus_macrocarpa,,,,,
Quma_WarmS/CoolF_B3_R12,3,WarmS/CoolF,quercus,quercus_macrocarpa,,,,,
Quma_WarmS/CoolF_B3_R13,3,WarmS/CoolF,quercus,quercus_macrocarpa,,,1,,
Quma_WarmS/CoolF_B3_R14,3,WarmS/CoolF,quercus,quercus_macrocarpa,,,,,
Quma_WarmS/CoolF_B3_R15,3,WarmS/CoolF,quercus,quercus_macrocarpa,,,,,
Quma_WarmS/WarmF_B1_R1,1,WarmS/WarmF,quercus,quercus_macrocarpa,,,,,
Quma_WarmS/WarmF_B1_R2,1,WarmS/WarmF,quercus,quercus_macrocarpa,,,,,
Quma_WarmS/WarmF_B1_R3,1,WarmS/WarmF,quercus,quercus_macrocarpa,,,,,
Quma_WarmS/WarmF_B1_R4,1,WarmS/WarmF,quercus,quercus_macrocarpa,,,,,
Quma_WarmS/WarmF_B1_R5,1,WarmS/WarmF,quercus,quercus_macrocarpa,,,,,
Quma_WarmS/WarmF_B2_R6,2,WarmS/WarmF,quercus,quercus_macrocarpa,,,,,
Quma_WarmS/WarmF_B2_R7,2,WarmS/WarmF,quercus,quercus_macrocarpa,,,,,
Quma_WarmS/WarmF_B2_R8,2,WarmS/WarmF,quercus,quercus_macrocarpa,,,,,
Quma_WarmS/WarmF_B2_R9,2,WarmS/WarmF,quercus,quercus_macrocarpa,,,,,
Quma_WarmS/WarmF_B2_R10,2,WarmS/WarmF,quercus,quercus_macrocarpa,,,,,
Quma_WarmS/WarmF_B3_R11,3,WarmS/WarmF,quercus,quercus_macrocarpa,,,,,
Quma_WarmS/WarmF_B3_R12,3,WarmS/WarmF,quercus,quercus_macrocarpa,,,,,
Quma_WarmS/WarmF_B3_R13,3,WarmS/WarmF,quercus,quercus_macrocarpa,,,,,
Quma_WarmS/WarmF_B3_R14,3,WarmS/WarmF,quercus,quercus_macrocarpa,,,,,
Quma_WarmS/WarmF_B3_R15,3,WarmS/WarmF,quercus,quercus_macrocarpa,,,,,
Quma_WarmS/WarmF_B1_R1_nitro,1,WarmS/WarmF_nitro,quercus,quercus_macrocarpa,,,,,
Quma_WarmS/WarmF_B1_R2_nitro,1,WarmS/WarmF_nitro,quercus,quercus_macrocarpa,,,,,
Quma_WarmS/WarmF_B1_R3_nitro,1,WarmS/WarmF_nitro,quercus,quercus_macrocarpa,,,,,
Quma_WarmS/WarmF_B1_R4_nitro,1,WarmS/WarmF_nitro,quercus,quercus_macrocarpa,,,,,
Quma_WarmS/WarmF_B1_R5_nitro,1,WarmS/WarmF_nitro,quercus,quercus_macrocarpa,,,,,
Quma_WarmS/WarmF_B2_R6_nitro,2,WarmS/WarmF_nitro,quercus,quercus_macrocarpa,,,,,
Quma_WarmS/WarmF_B2_R7_nitro,2,WarmS/WarmF_nitro,quercus,quercus_macrocarpa,,,,,
Quma_WarmS/WarmF_B2_R8_nitro,2,WarmS/WarmF_nitro,quercus,quercus_macrocarpa,,,,,
Quma_WarmS/WarmF_B2_R9_nitro,2,WarmS/WarmF_nitro,quercus,quercus_macrocarpa,,,,,
Quma_WarmS/WarmF_B2_R10_nitro,2,WarmS/WarmF_nitro,quercus,quercus_macrocarpa,,,,,
Quma_WarmS/WarmF_B3_R11_nitro,3,WarmS/WarmF_nitro,quercus,quercus_macrocarpa,,,,,
Quma_WarmS/WarmF_B3_R12_nitro,3,WarmS/WarmF_nitro,quercus,quercus_macrocarpa,,,,,
Quma_WarmS/WarmF_B3_R13_nitro,3,WarmS/WarmF_nitro,quercus,quercus_macrocarpa,,,,,
Quma_WarmS/WarmF_B3_R14_nitro,3,WarmS/WarmF_nitro,quercus,quercus_macrocarpa,,,,,
Quma_WarmS/WarmF_B3_R15_nitro,3,WarmS/WarmF_nitro,quercus,quercus_macrocarpa,,,,,
Segi_CoolS/CoolF_B1_R1,1,CoolS/CoolF,sequoiadendron,sequoiadendron_giganteum,,,,,
Segi_CoolS/CoolF_B1_R2,1,CoolS/CoolF,sequoiadendron,sequoiadendron_giganteum,,,,,
Segi_CoolS/CoolF_B1_R3,1,CoolS/CoolF,sequoiadendron,sequoiadendron_giganteum,,,,,
Segi_CoolS/CoolF_B1_R4,1,CoolS/CoolF,sequoiadendron,sequoiadendron_giganteum,,,,,
Segi_CoolS/CoolF_B1_R5,1,CoolS/CoolF,sequoiadendron,sequoiadendron_giganteum,,,,,
Segi_CoolS/CoolF_B2_R6,2,CoolS/CoolF,sequoiadendron,sequoiadendron_giganteum,,,,,
Segi_CoolS/CoolF_B2_R7,2,CoolS/CoolF,sequoiadendron,sequoiadendron_giganteum,,,,,
Segi_CoolS/CoolF_B2_R8,2,CoolS/CoolF,sequoiadendron,sequoiadendron_giganteum,,,,,
Segi_CoolS/CoolF_B2_R9,2,CoolS/CoolF,sequoiadendron,sequoiadendron_giganteum,,,,,
Segi_CoolS/CoolF_B2_R10,2,CoolS/CoolF,sequoiadendron,sequoiadendron_giganteum,,,,,
Segi_CoolS/CoolF_B3_R11,3,CoolS/CoolF,sequoiadendron,sequoiadendron_giganteum,,,,,
Segi_CoolS/CoolF_B3_R12,3,CoolS/CoolF,sequoiadendron,sequoiadendron_giganteum,,,,,
Segi_CoolS/CoolF_B3_R13,3,CoolS/CoolF,sequoiadendron,sequoiadendron_giganteum,,,,,
Segi_CoolS/CoolF_B3_R14,3,CoolS/CoolF,sequoiadendron,sequoiadendron_giganteum,,,,,
Segi_CoolS/CoolF_B3_R15,3,CoolS/CoolF,sequoiadendron,sequoiadendron_giganteum,,,,,
Segi_CoolS/CoolF_B1_R1_nitro,1,CoolS/CoolF_nitro,sequoiadendron,sequoiadendron_giganteum,,,,,
Segi_CoolS/CoolF_B1_R2_nitro,1,CoolS/CoolF_nitro,sequoiadendron,sequoiadendron_giganteum,,,,,
Segi_CoolS/CoolF_B1_R3_nitro,1,CoolS/CoolF_nitro,sequoiadendron,sequoiadendron_giganteum,,,,,
Segi_CoolS/CoolF_B1_R4_nitro,1,CoolS/CoolF_nitro,sequoiadendron,sequoiadendron_giganteum,,,,,
Segi_CoolS/CoolF_B1_R5_nitro,1,CoolS/CoolF_nitro,sequoiadendron,sequoiadendron_giganteum,,,,,
Segi_CoolS/CoolF_B2_R6_nitro,2,CoolS/CoolF_nitro,sequoiadendron,sequoiadendron_giganteum,,,,,
Segi_CoolS/CoolF_B2_R7_nitro,2,CoolS/CoolF_nitro,sequoiadendron,sequoiadendron_giganteum,,,,,
Segi_CoolS/CoolF_B2_R8_nitro,2,CoolS/CoolF_nitro,sequoiadendron,sequoiadendron_giganteum,,,,,
Segi_CoolS/CoolF_B2_R9_nitro,2,CoolS/CoolF_nitro,sequoiadendron,sequoiadendron_giganteum,,,,,
Segi_CoolS/CoolF_B2_R10_nitro,2,CoolS/CoolF_nitro,sequoiadendron,sequoiadendron_giganteum,,,,,
Segi_CoolS/CoolF_B3_R11_nitro,3,CoolS/CoolF_nitro,sequoiadendron,sequoiadendron_giganteum,,,,,
Segi_CoolS/CoolF_B3_R12_nitro,3,CoolS/CoolF_nitro,sequoiadendron,sequoiadendron_giganteum,,,,,
Segi_CoolS/CoolF_B3_R13_nitro,3,CoolS/CoolF_nitro,sequoiadendron,sequoiadendron_giganteum,,,,,
Segi_CoolS/CoolF_B3_R14_nitro,3,CoolS/CoolF_nitro,sequoiadendron,sequoiadendron_giganteum,,,,,
Segi_CoolS/CoolF_B3_R15_nitro,3,CoolS/CoolF_nitro,sequoiadendron,sequoiadendron_giganteum,,,,,
Segi_CoolS/WarmF_B1_R1,1,CoolS/WarmF,sequoiadendron,sequoiadendron_giganteum,,,,,
Segi_CoolS/WarmF_B1_R2,1,CoolS/WarmF,sequoiadendron,sequoiadendron_giganteum,,,,,
Segi_CoolS/WarmF_B1_R3,1,CoolS/WarmF,sequoiadendron,sequoiadendron_giganteum,,,,,
Segi_CoolS/WarmF_B1_R4,1,CoolS/WarmF,sequoiadendron,sequoiadendron_giganteum,,,,,
Segi_CoolS/WarmF_B1_R5,1,CoolS/WarmF,sequoiadendron,sequoiadendron_giganteum,,,,,
Segi_CoolS/WarmF_B2_R6,2,CoolS/WarmF,sequoiadendron,sequoiadendron_giganteum,,,,,
Segi_CoolS/WarmF_B2_R7,2,CoolS/WarmF,sequoiadendron,sequoiadendron_giganteum,,,,,
Segi_CoolS/WarmF_B2_R8,2,CoolS/WarmF,sequoiadendron,sequoiadendron_giganteum,,,,,
Segi_CoolS/WarmF_B2_R9,2,CoolS/WarmF,sequoiadendron,sequoiadendron_giganteum,,,,,
Segi_CoolS/WarmF_B2_R10,2,CoolS/WarmF,sequoiadendron,sequoiadendron_giganteum,,,,,
Segi_CoolS/WarmF_B3_R11,3,CoolS/WarmF,sequoiadendron,sequoiadendron_giganteum,,,,,
Segi_CoolS/WarmF_B3_R12,3,CoolS/WarmF,sequoiadendron,sequoiadendron_giganteum,,,,,
Segi_CoolS/WarmF_B3_R13,3,CoolS/WarmF,sequoiadendron,sequoiadendron_giganteum,,,,,
Segi_CoolS/WarmF_B3_R14,3,CoolS/WarmF,sequoiadendron,sequoiadendron_giganteum,,,,,
Segi_CoolS/WarmF_B3_R15,3,CoolS/WarmF,sequoiadendron,sequoiadendron_giganteum,,,,,
Segi_WarmS/CoolF_B1_R1,1,WarmS/CoolF,sequoiadendron,sequoiadendron_giganteum,,,,,
Segi_WarmS/CoolF_B1_R2,1,WarmS/CoolF,sequoiadendron,sequoiadendron_giganteum,,,,,
Segi_WarmS/CoolF_B1_R3,1,WarmS/CoolF,sequoiadendron,sequoiadendron_giganteum,,,,,
Segi_WarmS/CoolF_B1_R4,1,WarmS/CoolF,sequoiadendron,sequoiadendron_giganteum,,,,,
Segi_WarmS/CoolF_B1_R5,1,WarmS/CoolF,sequoiadendron,sequoiadendron_giganteum,,,,,
Segi_WarmS/CoolF_B2_R6,2,WarmS/CoolF,sequoiadendron,sequoiadendron_giganteum,,,,,
Segi_WarmS/CoolF_B2_R7,2,WarmS/CoolF,sequoiadendron,sequoiadendron_giganteum,,,,,
Segi_WarmS/CoolF_B2_R8,2,WarmS/CoolF,sequoiadendron,sequoiadendron_giganteum,,,,,
Segi_WarmS/CoolF_B2_R9,2,WarmS/CoolF,sequoiadendron,sequoiadendron_giganteum,,,,,
Segi_WarmS/CoolF_B2_R10,2,WarmS/CoolF,sequoiadendron,sequoiadendron_giganteum,,,,,
Segi_WarmS/CoolF_B3_R11,3,WarmS/CoolF,sequoiadendron,sequoiadendron_giganteum,,,,,
Segi_WarmS/CoolF_B3_R12,3,WarmS/CoolF,sequoiadendron,sequoiadendron_giganteum,,,,,
Segi_WarmS/CoolF_B3_R13,3,WarmS/CoolF,sequoiadendron,sequoiadendron_giganteum,,,,,
Segi_WarmS/CoolF_B3_R14,3,WarmS/CoolF,sequoiadendron,sequoiadendron_giganteum,,,,,
Segi_WarmS/CoolF_B3_R15,3,WarmS/CoolF,sequoiadendron,sequoiadendron_giganteum,,,,,
Segi_WarmS/WarmF_B1_R1,1,WarmS/WarmF,sequoiadendron,sequoiadendron_giganteum,,,,,
Segi_WarmS/WarmF_B1_R2,1,WarmS/WarmF,sequoiadendron,sequoiadendron_giganteum,,,,,
Segi_WarmS/WarmF_B1_R3,1,WarmS/WarmF,sequoiadendron,sequoiadendron_giganteum,,,,,
Segi_WarmS/WarmF_B1_R4,1,WarmS/WarmF,sequoiadendron,sequoiadendron_giganteum,,,,,
Segi_WarmS/WarmF_B1_R5,1,WarmS/WarmF,sequoiadendron,sequoiadendron_giganteum,,,,,
Segi_WarmS/WarmF_B2_R6,2,WarmS/WarmF,sequoiadendron,sequoiadendron_giganteum,,,,,
Segi_WarmS/WarmF_B2_R7,2,WarmS/WarmF,sequoiadendron,sequoiadendron_giganteum,,,,,
Segi_WarmS/WarmF_B2_R8,2,WarmS/WarmF,sequoiadendron,sequoiadendron_giganteum,,,,,
Segi_WarmS/WarmF_B2_R9,2,WarmS/WarmF,sequoiadendron,sequoiadendron_giganteum,,,,,
Segi_WarmS/WarmF_B2_R10,2,WarmS/WarmF,sequoiadendron,sequoiadendron_giganteum,,,,,
Segi_WarmS/WarmF_B3_R11,3,WarmS/WarmF,sequoiadendron,sequoiadendron_giganteum,,,,,
Segi_WarmS/WarmF_B3_R12,3,WarmS/WarmF,sequoiadendron,sequoiadendron_giganteum,,,,,
Segi_WarmS/WarmF_B3_R13,3,WarmS/WarmF,sequoiadendron,sequoiadendron_giganteum,,,,,
Segi_WarmS/WarmF_B3_R14,3,WarmS/WarmF,sequoiadendron,sequoiadendron_giganteum,,,,,
Segi_WarmS/WarmF_B3_R15,3,WarmS/WarmF,sequoiadendron,sequoiadendron_giganteum,,,,,
Segi_WarmS/WarmF_B1_R1_nitro,1,WarmS/WarmF_nitro,sequoiadendron,sequoiadendron_giganteum,,,,,
Segi_WarmS/WarmF_B1_R2_nitro,1,WarmS/WarmF_nitro,sequoiadendron,sequoiadendron_giganteum,,,,,
Segi_WarmS/WarmF_B1_R3_nitro,1,WarmS/WarmF_nitro,sequoiadendron,sequoiadendron_giganteum,,,,,
Segi_WarmS/WarmF_B1_R4_nitro,1,WarmS/WarmF_nitro,sequoiadendron,sequoiadendron_giganteum,,,,,
Segi_WarmS/WarmF_B1_R5_nitro,1,WarmS/WarmF_nitro,sequoiadendron,sequoiadendron_giganteum,,,,,
Segi_WarmS/WarmF_B2_R6_nitro,2,WarmS/WarmF_nitro,sequoiadendron,sequoiadendron_giganteum,,,,,
Segi_WarmS/WarmF_B2_R7_nitro,2,WarmS/WarmF_nitro,sequoiadendron,sequoiadendron_giganteum,,,,,
Segi_WarmS/WarmF_B2_R8_nitro,2,WarmS/WarmF_nitro,sequoiadendron,sequoiadendron_giganteum,,,,,
Segi_WarmS/WarmF_B2_R9_nitro,2,WarmS/WarmF_nitro,sequoiadendron,sequoiadendron_giganteum,,,,,
Segi_WarmS/WarmF_B2_R10_nitro,2,WarmS/WarmF_nitro,sequoiadendron,sequoiadendron_giganteum,,,,,
Segi_WarmS/WarmF_B3_R11_nitro,3,WarmS/WarmF_nitro,sequoiadendron,sequoiadendron_giganteum,,,,,
Segi_WarmS/WarmF_B3_R12_nitro,3,WarmS/WarmF_nitro,sequoiadendron,sequoiadendron_giganteum,,,,,
Segi_WarmS/WarmF_B3_R13_nitro,3,WarmS/WarmF_nitro,sequoiadendron,sequoiadendron_giganteum,,,,,
Segi_WarmS/WarmF_B3_R14_nitro,3,WarmS/WarmF_nitro,sequoiadendron,sequoiadendron_giganteum,,,,,
Segi_WarmS/WarmF_B3_R15_nitro,3,WarmS/WarmF_nitro,sequoiadendron,sequoiadendron_giganteum,,,,,