tree_ID,bloc,treatment,genus,species,Note,doy,chl1,chl2,chl3,percent,greenleafcover,lastleavesfell
Acne_CoolS/CoolF_B1_R1,1,CoolS/CoolF,acer,acer_negundo,,288,,,,,,y
Acne_CoolS/CoolF_B1_R2,1,CoolS/CoolF,acer,acer_negundo,,288,,,,,,y
Acne_CoolS/CoolF_B1_R3,1,CoolS/CoolF,acer,acer_negundo,,288,,,,,,y
Acne_CoolS/CoolF_B1_R4,1,CoolS/CoolF,acer,acer_negundo,,288,,,,,,y
Acne_CoolS/CoolF_B1_R5,1,CoolS/CoolF,acer,acer_negundo,,288,,,,,y,
Acne_CoolS/CoolF_B2_R6,2,CoolS/CoolF,acer,acer_negundo,,288,3.8,6.3,13.1,5,,
Acne_CoolS/CoolF_B2_R7,2,CoolS/CoolF,acer,acer_negundo,,288,,,,,,y
Acne_CoolS/CoolF_B2_R8,2,CoolS/CoolF,acer,acer_negundo,,288,,,,,,y
Acne_CoolS/CoolF_B2_R9,2,CoolS/CoolF,acer,acer_negundo,,288,,,,,,y
Acne_CoolS/CoolF_B2_R10,2,CoolS/CoolF,acer,acer_negundo,,288,5.3,6,7.7,5,,
Acne_CoolS/CoolF_B3_R11,3,CoolS/CoolF,acer,acer_negundo,,288,,,,,y,y
Acne_CoolS/CoolF_B3_R12,3,CoolS/CoolF,acer,acer_negundo,,288,,,,,,y
Acne_CoolS/CoolF_B3_R13,3,CoolS/CoolF,acer,acer_negundo,,288,,,,,,y
Acne_CoolS/CoolF_B3_R14,3,CoolS/CoolF,acer,acer_negundo,,288,,,,,,y
Acne_CoolS/CoolF_B3_R15,3,CoolS/CoolF,acer,acer_negundo,,288,,,,,,y
Acne_CoolS/CoolF_B1_R1_nitro,1,CoolS/CoolF_nitro,acer,acer_negundo,,288,11.5,17.6,20.7,5,,
Acne_CoolS/CoolF_B1_R2_nitro,1,CoolS/CoolF_nitro,acer,acer_negundo,,288,,,,,,y
Acne_CoolS/CoolF_B1_R3_nitro,1,CoolS/CoolF_nitro,acer,acer_negundo,,288,,,,5,,y
Acne_CoolS/CoolF_B1_R4_nitro,1,CoolS/CoolF_nitro,acer,acer_negundo,,288,,,,,,y
Acne_CoolS/CoolF_B1_R5_nitro,1,CoolS/CoolF_nitro,acer,acer_negundo,,288,,,,,,y
Acne_CoolS/CoolF_B2_R6_nitro,2,CoolS/CoolF_nitro,acer,acer_negundo,,288,,,,,,y
Acne_CoolS/CoolF_B2_R7_nitro,2,CoolS/CoolF_nitro,acer,acer_negundo,,288,,,,,na,y
Acne_CoolS/CoolF_B2_R8_nitro,2,CoolS/CoolF_nitro,acer,acer_negundo,,288,,,,,,y
Acne_CoolS/CoolF_B2_R9_nitro,2,CoolS/CoolF_nitro,acer,acer_negundo,,288,,,,,,y
Acne_CoolS/CoolF_B2_R10_nitro,2,CoolS/CoolF_nitro,acer,acer_negundo,,288,,,,,,y
Acne_CoolS/CoolF_B3_R11_nitro,3,CoolS/CoolF_nitro,acer,acer_negundo,,288,6.5,6.1,9,10,,
Acne_CoolS/CoolF_B3_R12_nitro,3,CoolS/CoolF_nitro,acer,acer_negundo,,288,24.6,26.3,28.7,5,,
Acne_CoolS/CoolF_B3_R13_nitro,3,CoolS/CoolF_nitro,acer,acer_negundo,,288,,,,,,y
Acne_CoolS/CoolF_B3_R14_nitro,3,CoolS/CoolF_nitro,acer,acer_negundo,,288,,,,,,y
Acne_CoolS/CoolF_B3_R15_nitro,3,CoolS/CoolF_nitro,acer,acer_negundo,,288,,,,,,y
Acne_CoolS/WarmF_B1_R1,1,CoolS/WarmF,acer,acer_negundo,,288,,,,,,y
Acne_CoolS/WarmF_B1_R2,1,CoolS/WarmF,acer,acer_negundo,,288,,,,,,y
Acne_CoolS/WarmF_B1_R3,1,CoolS/WarmF,acer,acer_negundo,,288,,,,,,y
Acne_CoolS/WarmF_B1_R4,1,CoolS/WarmF,acer,acer_negundo,,288,,,,,,y
Acne_CoolS/WarmF_B1_R5,1,CoolS/WarmF,acer,acer_negundo,,288,,,,,,y
Acne_CoolS/WarmF_B2_R6,2,CoolS/WarmF,acer,acer_negundo,,288,,,,,,y
Acne_CoolS/WarmF_B2_R7,2,CoolS/WarmF,acer,acer_negundo,,288,,,,,,y
Acne_CoolS/WarmF_B2_R8,2,CoolS/WarmF,acer,acer_negundo,,288,,,,,,y
Acne_CoolS/WarmF_B2_R9,2,CoolS/WarmF,acer,acer_negundo,,288,,,,,na,y
Acne_CoolS/WarmF_B2_R10,2,CoolS/WarmF,acer,acer_negundo,,288,,,,,,y
Acne_CoolS/WarmF_B3_R11,3,CoolS/WarmF,acer,acer_negundo,,288,,,,,,y
Acne_CoolS/WarmF_B3_R12,3,CoolS/WarmF,acer,acer_negundo,,288,,,,,,y
Acne_CoolS/WarmF_B3_R13,3,CoolS/WarmF,acer,acer_negundo,,288,,,,,,y
Acne_CoolS/WarmF_B3_R14,3,CoolS/WarmF,acer,acer_negundo,,288,,,,,y,na
Acne_CoolS/WarmF_B3_R15,3,CoolS/WarmF,acer,acer_negundo,,288,,,,,,y
Acne_WarmS/CoolF_B1_R1,1,WarmS/CoolF,acer,acer_negundo,,288,,,,,,y
Acne_WarmS/CoolF_B1_R2,1,WarmS/CoolF,acer,acer_negundo,,288,,,,,y,
Acne_WarmS/CoolF_B1_R3,1,WarmS/CoolF,acer,acer_negundo,,288,13,6.5,5.8,10,,
Acne_WarmS/CoolF_B1_R4,1,WarmS/CoolF,acer,acer_negundo,,288,13.9,2.2,15.4,5,,
Acne_WarmS/CoolF_B1_R5,1,WarmS/CoolF,acer,acer_negundo,,288,,,,,,y
Acne_WarmS/CoolF_B2_R6,2,WarmS/CoolF,acer,acer_negundo,,288,,,,,,y
Acne_WarmS/CoolF_B2_R7,2,WarmS/CoolF,acer,acer_negundo,,288,,,,,,y
Acne_WarmS/CoolF_B2_R8,2,WarmS/CoolF,acer,acer_negundo,,288,1,2.7,1.5,5,,
Acne_WarmS/CoolF_B2_R9,2,WarmS/CoolF,acer,acer_negundo,,288,,,,,,y
Acne_WarmS/CoolF_B2_R10,2,WarmS/CoolF,acer,acer_negundo,,288,,,,,,y
Acne_WarmS/CoolF_B3_R11,3,WarmS/CoolF,acer,acer_negundo,,288,,,,,,y
Acne_WarmS/CoolF_B3_R12,3,WarmS/CoolF,acer,acer_negundo,,288,,,,,,y
Acne_WarmS/CoolF_B3_R13,3,WarmS/CoolF,acer,acer_negundo,,288,,,,,,y
Acne_WarmS/CoolF_B3_R14,3,WarmS/CoolF,acer,acer_negundo,,288,,,,,,y
Acne_WarmS/CoolF_B3_R15,3,WarmS/CoolF,acer,acer_negundo,,288,,,,,,y
Acne_WarmS/WarmF_B1_R1,1,WarmS/WarmF,acer,acer_negundo,,288,,,,,,y
Acne_WarmS/WarmF_B1_R2,1,WarmS/WarmF,acer,acer_negundo,,288,,,,,,y
Acne_WarmS/WarmF_B1_R3,1,WarmS/WarmF,acer,acer_negundo,,288,,,,,,y
Acne_WarmS/WarmF_B1_R4,1,WarmS/WarmF,acer,acer_negundo,,288,,,,,,y
Acne_WarmS/WarmF_B1_R5,1,WarmS/WarmF,acer,acer_negundo,,288,,,,,y,
Acne_WarmS/WarmF_B2_R6,2,WarmS/WarmF,acer,acer_negundo,,288,,,,,,y
Acne_WarmS/WarmF_B2_R7,2,WarmS/WarmF,acer,acer_negundo,,288,,,,,,y
Acne_WarmS/WarmF_B2_R8,2,WarmS/WarmF,acer,acer_negundo,,288,,,,,,y
Acne_WarmS/WarmF_B2_R9,2,WarmS/WarmF,acer,acer_negundo,,288,,,,,,y
Acne_WarmS/WarmF_B2_R10,2,WarmS/WarmF,acer,acer_negundo,,288,,,,,,y
Acne_WarmS/WarmF_B3_R11,3,WarmS/WarmF,acer,acer_negundo,,288,,,,,,y
Acne_WarmS/WarmF_B3_R12,3,WarmS/WarmF,acer,acer_negundo,,288,,,,,,y
Acne_WarmS/WarmF_B3_R13,3,WarmS/WarmF,acer,acer_negundo,,288,,,,,,y
Acne_WarmS/WarmF_B3_R14,3,WarmS/WarmF,acer,acer_negundo,,288,,,,,,y
Acne_WarmS/WarmF_B3_R15,3,WarmS/WarmF,acer,acer_negundo,,288,,,,,,y
Acne_WarmS/WarmF_B1_R1_nitro,1,WarmS/WarmF_nitro,acer,acer_negundo,,288,2.8,3.8,3.2,5,,
Acne_WarmS/WarmF_B1_R2_nitro,1,WarmS/WarmF_nitro,acer,acer_negundo,,288,,,,,,y
Acne_WarmS/WarmF_B1_R3_nitro,1,WarmS/WarmF_nitro,acer,acer_negundo,,288,,,,,,y
Acne_WarmS/WarmF_B1_R4_nitro,1,WarmS/WarmF_nitro,acer,acer_negundo,,288,,,,,,y
Acne_WarmS/WarmF_B1_R5_nitro,1,WarmS/WarmF_nitro,acer,acer_negundo,,288,,,,,,y
Acne_WarmS/WarmF_B2_R6_nitro,2,WarmS/WarmF_nitro,acer,acer_negundo,,288,,,,,,y
Acne_WarmS/WarmF_B2_R7_nitro,2,WarmS/WarmF_nitro,acer,acer_negundo,,288,,,,,y,y
Acne_WarmS/WarmF_B2_R8_nitro,2,WarmS/WarmF_nitro,acer,acer_negundo,,288,,,,,na,y
Acne_WarmS/WarmF_B2_R9_nitro,2,WarmS/WarmF_nitro,acer,acer_negundo,,288,,,,,,y
Acne_WarmS/WarmF_B2_R10_nitro,2,WarmS/WarmF_nitro,acer,acer_negundo,,288,,,,,,y
Acne_WarmS/WarmF_B3_R11_nitro,3,WarmS/WarmF_nitro,acer,acer_negundo,,288,,,,,,y
Acne_WarmS/WarmF_B3_R12_nitro,3,WarmS/WarmF_nitro,acer,acer_negundo,,288,,,,,,y
Acne_WarmS/WarmF_B3_R13_nitro,3,WarmS/WarmF_nitro,acer,acer_negundo,,288,,,,,,y
Acne_WarmS/WarmF_B3_R14_nitro,3,WarmS/WarmF_nitro,acer,acer_negundo,,288,,,,,,y
Acne_WarmS/WarmF_B3_R15_nitro,3,WarmS/WarmF_nitro,acer,acer_negundo,,288,,,,,,y
Bepa_CoolS/CoolF_B1_R1,1,CoolS/CoolF,betula,betula_papyrifera,,288,4.7,25.2,16.5,40,,
Bepa_CoolS/CoolF_B1_R2,1,CoolS/CoolF,betula,betula_papyrifera,,288,,,,,,y
Bepa_CoolS/CoolF_B1_R3,1,CoolS/CoolF,betula,betula_papyrifera,,288,18.2,19.8,28.3,30,,
Bepa_CoolS/CoolF_B1_R4,1,CoolS/CoolF,betula,betula_papyrifera,,288,28.4,28.3,0.9,50,,
Bepa_CoolS/CoolF_B1_R5,1,CoolS/CoolF,betula,betula_papyrifera,,288,34.5,17.4,15.8,40,,
Bepa_CoolS/CoolF_B2_R6,2,CoolS/CoolF,betula,betula_papyrifera,,288,18.4,8.9,19.6,30,,
Bepa_CoolS/CoolF_B2_R7,2,CoolS/CoolF,betula,betula_papyrifera,,288,8.7,18.9,29.7,40,,
Bepa_CoolS/CoolF_B2_R8,2,CoolS/CoolF,betula,betula_papyrifera,,288,32.9,3.7,3.4,30,,
Bepa_CoolS/CoolF_B2_R9,2,CoolS/CoolF,betula,betula_papyrifera,,288,,,,,,y
Bepa_CoolS/CoolF_B2_R10,2,CoolS/CoolF,betula,betula_papyrifera,,288,17,10.8,8,30,,
Bepa_CoolS/CoolF_B3_R11,3,CoolS/CoolF,betula,betula_papyrifera,,288,,,,,,y
Bepa_CoolS/CoolF_B3_R12,3,CoolS/CoolF,betula,betula_papyrifera,,288,22.9,24.5,6.9,50,,
Bepa_CoolS/CoolF_B3_R13,3,CoolS/CoolF,betula,betula_papyrifera,,288,15.5,14.7,10.2,20,,
Bepa_CoolS/CoolF_B3_R14,3,CoolS/CoolF,betula,betula_papyrifera,,288,6.7,4.8,2.7,20,,
Bepa_CoolS/CoolF_B3_R15,3,CoolS/CoolF,betula,betula_papyrifera,,288,9.7,10.5,1.3,5,,
Bepa_CoolS/CoolF_B1_R1_nitro,1,CoolS/CoolF_nitro,betula,betula_papyrifera,,288,0.5,2.4,17.1,5,,
Bepa_CoolS/CoolF_B1_R2_nitro,1,CoolS/CoolF_nitro,betula,betula_papyrifera,,288,21.9,23,14.6,20,,
Bepa_CoolS/CoolF_B1_R3_nitro,1,CoolS/CoolF_nitro,betula,betula_papyrifera,,288,,,,,,y
Bepa_CoolS/CoolF_B1_R4_nitro,1,CoolS/CoolF_nitro,betula,betula_papyrifera,,288,18,16.7,10.2,50,,
Bepa_CoolS/CoolF_B1_R5_nitro,1,CoolS/CoolF_nitro,betula,betula_papyrifera,,288,0,1.3,13,10,,
Bepa_CoolS/CoolF_B2_R6_nitro,2,CoolS/CoolF_nitro,betula,betula_papyrifera,,288,,,,,,y
Bepa_CoolS/CoolF_B2_R7_nitro,2,CoolS/CoolF_nitro,betula,betula_papyrifera,,288,25.7,1.6,12,60,,
Bepa_CoolS/CoolF_B2_R8_nitro,2,CoolS/CoolF_nitro,betula,betula_papyrifera,,288,,,,,y,
Bepa_CoolS/CoolF_B2_R9_nitro,2,CoolS/CoolF_nitro,betula,betula_papyrifera,,288,17.1,17.8,17.9,10,,
Bepa_CoolS/CoolF_B2_R10_nitro,2,CoolS/CoolF_nitro,betula,betula_papyrifera,,288,19.1,23.4,18.1,20,,
Bepa_CoolS/CoolF_B3_R11_nitro,3,CoolS/CoolF_nitro,betula,betula_papyrifera,,288,21.5,33.6,4.6,20,,
Bepa_CoolS/CoolF_B3_R12_nitro,3,CoolS/CoolF_nitro,betula,betula_papyrifera,,288,35.4,8.1,9.4,30,,
Bepa_CoolS/CoolF_B3_R13_nitro,3,CoolS/CoolF_nitro,betula,betula_papyrifera,,288,,,,,y,
Bepa_CoolS/CoolF_B3_R14_nitro,3,CoolS/CoolF_nitro,betula,betula_papyrifera,,288,34.8,12,40,5,,
Bepa_CoolS/CoolF_B3_R15_nitro,3,CoolS/CoolF_nitro,betula,betula_papyrifera,,288,13,20.8,17,60,,
Bepa_CoolS/WarmF_B1_R1,1,CoolS/WarmF,betula,betula_papyrifera,,288,20.9,24.2,15.1,10,,
Bepa_CoolS/WarmF_B1_R2,1,CoolS/WarmF,betula,betula_papyrifera,,288,33.1,19.6,28.5,20,,
Bepa_CoolS/WarmF_B1_R3,1,CoolS/WarmF,betula,betula_papyrifera,,288,16.4,10.6,18,60,,
Bepa_CoolS/WarmF_B1_R4,1,CoolS/WarmF,betula,betula_papyrifera,,288,11.2,13.4,23.6,60,,
Bepa_CoolS/WarmF_B1_R5,1,CoolS/WarmF,betula,betula_papyrifera,,288,13.3,19.8,19.6,20,,
Bepa_CoolS/WarmF_B2_R6,2,CoolS/WarmF,betula,betula_papyrifera,,288,12.6,6.4,22.2,5,,
Bepa_CoolS/WarmF_B2_R7,2,CoolS/WarmF,betula,betula_papyrifera,,288,14.3,20.2,4,10,,
Bepa_CoolS/WarmF_B2_R8,2,CoolS/WarmF,betula,betula_papyrifera,,288,5.5,1.1,19,5,,
Bepa_CoolS/WarmF_B2_R9,2,CoolS/WarmF,betula,betula_papyrifera,,288,,,,,y,
Bepa_CoolS/WarmF_B2_R10,2,CoolS/WarmF,betula,betula_papyrifera,,288,19.7,30.7,9.7,70,,
Bepa_CoolS/WarmF_B3_R11,3,CoolS/WarmF,betula,betula_papyrifera,,288,11.1,32.1,4.3,50,,
Bepa_CoolS/WarmF_B3_R12,3,CoolS/WarmF,betula,betula_papyrifera,,288,22.2,21.9,9.2,5,,
Bepa_CoolS/WarmF_B3_R13,3,CoolS/WarmF,betula,betula_papyrifera,,288,29,23.9,20.9,5,,
Bepa_CoolS/WarmF_B3_R14,3,CoolS/WarmF,betula,betula_papyrifera,,288,,,,,,y
Bepa_CoolS/WarmF_B3_R15,3,CoolS/WarmF,betula,betula_papyrifera,,288,,,,,,y
Bepa_WarmS/CoolF_B1_R1,1,WarmS/CoolF,betula,betula_papyrifera,,288,1.3,11.5,14.6,20,,
Bepa_WarmS/CoolF_B1_R2,1,WarmS/CoolF,betula,betula_papyrifera,,288,14.6,26.1,7.2,50,,
Bepa_WarmS/CoolF_B1_R3,1,WarmS/CoolF,betula,betula_papyrifera,,288,8.4,0.3,20.9,20,,
Bepa_WarmS/CoolF_B1_R4,1,WarmS/CoolF,betula,betula_papyrifera,,288,21,17.8,14.9,5,,
Bepa_WarmS/CoolF_B1_R5,1,WarmS/CoolF,betula,betula_papyrifera,,288,7.9,20.3,9.7,20,,
Bepa_WarmS/CoolF_B2_R6,2,WarmS/CoolF,betula,betula_papyrifera,,288,12.4,13.9,17.9,10,,
Bepa_WarmS/CoolF_B2_R7,2,WarmS/CoolF,betula,betula_papyrifera,,288,18.4,9.3,27.7,60,,
Bepa_WarmS/CoolF_B2_R8,2,WarmS/CoolF,betula,betula_papyrifera,,288,24.8,17.1,15.5,20,,
Bepa_WarmS/CoolF_B2_R9,2,WarmS/CoolF,betula,betula_papyrifera,,288,23.1,11.1,27.5,20,,
Bepa_WarmS/CoolF_B2_R10,2,WarmS/CoolF,betula,betula_papyrifera,,288,0.8,19.4,20.8,30,,
Bepa_WarmS/CoolF_B3_R11,3,WarmS/CoolF,betula,betula_papyrifera,,288,14.2,8.9,14.4,5,,
Bepa_WarmS/CoolF_B3_R12,3,WarmS/CoolF,betula,betula_papyrifera,,288,28.4,2.6,8.2,10,,
Bepa_WarmS/CoolF_B3_R13,3,WarmS/CoolF,betula,betula_papyrifera,,288,3.8,8.4,20.3,60,,
Bepa_WarmS/CoolF_B3_R14,3,WarmS/CoolF,betula,betula_papyrifera,,288,29.7,18.5,27.8,50,,
Bepa_WarmS/CoolF_B3_R15,3,WarmS/CoolF,betula,betula_papyrifera,,288,3.3,10.8,30.7,20,,
Bepa_WarmS/WarmF_B1_R1,1,WarmS/WarmF,betula,betula_papyrifera,,288,0.9,5,6.2,5,,
Bepa_WarmS/WarmF_B1_R2,1,WarmS/WarmF,betula,betula_papyrifera,,288,21.3,15.9,0.5,60,,
Bepa_WarmS/WarmF_B1_R3,1,WarmS/WarmF,betula,betula_papyrifera,,288,16.4,7.2,10.2,50,,
Bepa_WarmS/WarmF_B1_R4,1,WarmS/WarmF,betula,betula_papyrifera,,288,,,,,,y
Bepa_WarmS/WarmF_B1_R5,1,WarmS/WarmF,betula,betula_papyrifera,,288,,,,,,y
Bepa_WarmS/WarmF_B2_R6,2,WarmS/WarmF,betula,betula_papyrifera,,288,21.1,19.1,28,20,,
Bepa_WarmS/WarmF_B2_R7,2,WarmS/WarmF,betula,betula_papyrifera,,288,9.8,20.2,20.8,20,,
Bepa_WarmS/WarmF_B2_R8,2,WarmS/WarmF,betula,betula_papyrifera,,288,1,12.6,18.7,10,,
Bepa_WarmS/WarmF_B2_R9,2,WarmS/WarmF,betula,betula_papyrifera,,288,24.8,21.8,11.2,40,,
Bepa_WarmS/WarmF_B2_R10,2,WarmS/WarmF,betula,betula_papyrifera,,288,18.9,20.1,24.2,50,,
Bepa_WarmS/WarmF_B3_R11,3,WarmS/WarmF,betula,betula_papyrifera,,288,23.3,32.1,26.8,20,,
Bepa_WarmS/WarmF_B3_R12,3,WarmS/WarmF,betula,betula_papyrifera,,288,12,27.3,16.1,40,,
Bepa_WarmS/WarmF_B3_R13,3,WarmS/WarmF,betula,betula_papyrifera,,288,19.8,23,23.3,60,,
Bepa_WarmS/WarmF_B3_R14,3,WarmS/WarmF,betula,betula_papyrifera,,288,31.7,35.3,33.5,60,,
Bepa_WarmS/WarmF_B3_R15,3,WarmS/WarmF,betula,betula_papyrifera,,288,24.3,5,35.6,70,,
Bepa_WarmS/WarmF_B1_R1_nitro,1,WarmS/WarmF_nitro,betula,betula_papyrifera,,288,1,18.9,6.9,10,,
Bepa_WarmS/WarmF_B1_R2_nitro,1,WarmS/WarmF_nitro,betula,betula_papyrifera,,288,7.5,16,18.1,10,,
Bepa_WarmS/WarmF_B1_R3_nitro,1,WarmS/WarmF_nitro,betula,betula_papyrifera,,288,9,13.1,11.8,20,,
Bepa_WarmS/WarmF_B1_R4_nitro,1,WarmS/WarmF_nitro,betula,betula_papyrifera,,288,32.3,30.5,14.6,20,,
Bepa_WarmS/WarmF_B1_R5_nitro,1,WarmS/WarmF_nitro,betula,betula_papyrifera,,288,4.2,5.9,0.2,10,,
Bepa_WarmS/WarmF_B2_R6_nitro,2,WarmS/WarmF_nitro,betula,betula_papyrifera,,288,28,10.6,8.7,60,,
Bepa_WarmS/WarmF_B2_R7_nitro,2,WarmS/WarmF_nitro,betula,betula_papyrifera,,288,33.3,3.8,11.9,20,,
Bepa_WarmS/WarmF_B2_R8_nitro,2,WarmS/WarmF_nitro,betula,betula_papyrifera,,288,4.6,2.5,6.3,5,,
Bepa_WarmS/WarmF_B2_R9_nitro,2,WarmS/WarmF_nitro,betula,betula_papyrifera,,288,3.5,0,7.9,5,,
Bepa_WarmS/WarmF_B2_R10_nitro,2,WarmS/WarmF_nitro,betula,betula_papyrifera,,288,25.5,32,28.1,40,,
Bepa_WarmS/WarmF_B3_R11_nitro,3,WarmS/WarmF_nitro,betula,betula_papyrifera,,288,14.9,23.6,13.4,60,,
Bepa_WarmS/WarmF_B3_R12_nitro,3,WarmS/WarmF_nitro,betula,betula_papyrifera,,288,18.5,29.3,22.7,40,,
Bepa_WarmS/WarmF_B3_R13_nitro,3,WarmS/WarmF_nitro,betula,betula_papyrifera,,288,,,,,,y
Bepa_WarmS/WarmF_B3_R14_nitro,3,WarmS/WarmF_nitro,betula,betula_papyrifera,,288,22,30.3,31.6,50,,
Bepa_WarmS/WarmF_B3_R15_nitro,3,WarmS/WarmF_nitro,betula,betula_papyrifera,,288,35.4,0.9,28.6,50,,
Poba_CoolS/CoolF_B1_R1,1,CoolS/CoolF,populus,populus_balsamifera,,288,13.8,18.9,14.1,20,,
Poba_CoolS/CoolF_B1_R2,1,CoolS/CoolF,populus,populus_balsamifera,,288,21.4,0.6,7.6,50,,
Poba_CoolS/CoolF_B1_R3,1,CoolS/CoolF,populus,populus_balsamifera,,288,32.9,1.6,28.2,70,,
Poba_CoolS/CoolF_B1_R4,1,CoolS/CoolF,populus,populus_balsamifera,,288,23.1,7.7,7.6,50,,
Poba_CoolS/CoolF_B1_R5,1,CoolS/CoolF,populus,populus_balsamifera,,288,31.6,14.9,18,60,,
Poba_CoolS/CoolF_B2_R6,2,CoolS/CoolF,populus,populus_balsamifera,,288,14.5,35.1,13.6,30,,
Poba_CoolS/CoolF_B2_R7,2,CoolS/CoolF,populus,populus_balsamifera,,288,29.1,21.8,12.5,60,,
Poba_CoolS/CoolF_B2_R8,2,CoolS/CoolF,populus,populus_balsamifera,,288,17.2,15.4,6.8,60,,
Poba_CoolS/CoolF_B2_R9,2,CoolS/CoolF,populus,populus_balsamifera,,288,25.4,7.3,8,70,,
Poba_CoolS/CoolF_B2_R10,2,CoolS/CoolF,populus,populus_balsamifera,,288,27,1.5,13.5,70,,
Poba_CoolS/CoolF_B3_R11,3,CoolS/CoolF,populus,populus_balsamifera,,288,13.3,10.5,14.7,60,,
Poba_CoolS/CoolF_B3_R13,3,CoolS/CoolF,populus,populus_balsamifera,,288,22,18.9,8.4,60,,
Poba_CoolS/CoolF_B3_R14,3,CoolS/CoolF,populus,populus_balsamifera,,288,27.2,3.1,24.7,50,,
Poba_CoolS/CoolF_B3_R15,3,CoolS/CoolF,populus,populus_balsamifera,,288,7.3,25.7,12.6,60,,
Poba_CoolS/CoolF_B1_R1_nitro,1,CoolS/CoolF_nitro,populus,populus_balsamifera,,288,31.5,34.2,18.3,60,,
Poba_CoolS/CoolF_B1_R2_nitro,1,CoolS/CoolF_nitro,populus,populus_balsamifera,,288,24.9,21.9,21.2,60,,
Poba_CoolS/CoolF_B1_R3_nitro,1,CoolS/CoolF_nitro,populus,populus_balsamifera,,288,6.1,9.8,29.1,50,,
Poba_CoolS/CoolF_B1_R4_nitro,1,CoolS/CoolF_nitro,populus,populus_balsamifera,,288,36.6,6.1,24,40,,
Poba_CoolS/CoolF_B1_R5_nitro,1,CoolS/CoolF_nitro,populus,populus_balsamifera,,288,17.7,11.5,9.6,40,,
Poba_CoolS/CoolF_B2_R6_nitro,2,CoolS/CoolF_nitro,populus,populus_balsamifera,,288,26.8,10.1,28.2,50,,
Poba_CoolS/CoolF_B2_R7_nitro,2,CoolS/CoolF_nitro,populus,populus_balsamifera,,288,34.2,12.1,22.8,70,,
Poba_CoolS/CoolF_B2_R8_nitro,2,CoolS/CoolF_nitro,populus,populus_balsamifera,,288,38.1,12.9,4.6,70,,
Poba_CoolS/CoolF_B2_R9_nitro,2,CoolS/CoolF_nitro,populus,populus_balsamifera,,288,22.6,26.1,29,70,,
Poba_CoolS/CoolF_B2_R10_nitro,2,CoolS/CoolF_nitro,populus,populus_balsamifera,,288,5,16.8,9,50,,
Poba_CoolS/CoolF_B3_R11_nitro,3,CoolS/CoolF_nitro,populus,populus_balsamifera,,288,17.2,21.1,32.9,50,,
Poba_CoolS/CoolF_B3_R12_nitro,3,CoolS/CoolF_nitro,populus,populus_balsamifera,,288,6.2,1.7,35.6,50,,
Poba_CoolS/CoolF_B3_R13_nitro,3,CoolS/CoolF_nitro,populus,populus_balsamifera,,288,33.3,17.9,39.8,70,,
Poba_CoolS/CoolF_B3_R14_nitro,3,CoolS/CoolF_nitro,populus,populus_balsamifera,,288,12.5,8.5,24.5,40,,
Poba_CoolS/CoolF_B3_R15_nitro,3,CoolS/CoolF_nitro,populus,populus_balsamifera,,288,24.9,12.4,12,40,,
Poba_CoolS/WarmF_B1_R1,1,CoolS/WarmF,populus,populus_balsamifera,,288,14.8,25,4.9,70,,
Poba_CoolS/WarmF_B1_R2,1,CoolS/WarmF,populus,populus_balsamifera,,288,14.9,9.2,8,60,,
Poba_CoolS/WarmF_B1_R3,1,CoolS/WarmF,populus,populus_balsamifera,,288,27.2,8.3,29.2,80,,
Poba_CoolS/WarmF_B1_R4,1,CoolS/WarmF,populus,populus_balsamifera,,288,12.7,6.2,34.9,40,,
Poba_CoolS/WarmF_B1_R5,1,CoolS/WarmF,populus,populus_balsamifera,,288,14.8,14.1,13.3,50,,
Poba_CoolS/WarmF_B2_R6,2,CoolS/WarmF,populus,populus_balsamifera,,288,7,10.6,15.1,50,,
Poba_CoolS/WarmF_B2_R7,2,CoolS/WarmF,populus,populus_balsamifera,,288,13.1,19.6,29.9,70,,
Poba_CoolS/WarmF_B2_R8,2,CoolS/WarmF,populus,populus_balsamifera,,288,8.7,26.6,30.7,60,,
Poba_CoolS/WarmF_B2_R9,2,CoolS/WarmF,populus,populus_balsamifera,,288,27.2,13.3,22.3,60,,
Poba_CoolS/WarmF_B2_R10,2,CoolS/WarmF,populus,populus_balsamifera,,288,4.5,30.5,20.9,60,,
Poba_CoolS/WarmF_B3_R11,3,CoolS/WarmF,populus,populus_balsamifera,,288,6.2,20.5,26.8,60,,
Poba_CoolS/WarmF_B3_R12,3,CoolS/WarmF,populus,populus_balsamifera,,288,1.3,32.5,9.4,70,,
Poba_CoolS/WarmF_B3_R13,3,CoolS/WarmF,populus,populus_balsamifera,,288,29.9,4.3,18.9,60,,
Poba_CoolS/WarmF_B3_R14,3,CoolS/WarmF,populus,populus_balsamifera,,288,9.7,12.4,21.8,60,,
Poba_CoolS/WarmF_B3_R15,3,CoolS/WarmF,populus,populus_balsamifera,,288,24.5,24.8,26.1,60,,
Poba_WarmS/CoolF_B1_R1,1,WarmS/CoolF,populus,populus_balsamifera,,288,32.3,19.7,14.1,60,,
Poba_WarmS/CoolF_B1_R2,1,WarmS/CoolF,populus,populus_balsamifera,,288,18.5,13.5,17.6,60,,
Poba_WarmS/CoolF_B1_R3,1,WarmS/CoolF,populus,populus_balsamifera,,288,26.5,17.6,3.9,60,,
Poba_WarmS/CoolF_B1_R4,1,WarmS/CoolF,populus,populus_balsamifera,,288,24.5,6.1,1.2,50,,
Poba_WarmS/CoolF_B1_R5,1,WarmS/CoolF,populus,populus_balsamifera,,288,14.4,18.8,14.8,50,,
Poba_WarmS/CoolF_B2_R7,2,WarmS/CoolF,populus,populus_balsamifera,,288,29.8,4.4,22.6,60,,
Poba_WarmS/CoolF_B2_R9,2,WarmS/CoolF,populus,populus_balsamifera,,288,22.2,8.1,17.7,30,,
Poba_WarmS/CoolF_B2_R10,2,WarmS/CoolF,populus,populus_balsamifera,,288,12.9,30.8,18.2,70,,
Poba_WarmS/CoolF_B3_R11,3,WarmS/CoolF,populus,populus_balsamifera,,288,26.8,17.6,12.2,40,,
Poba_WarmS/CoolF_B3_R12,3,WarmS/CoolF,populus,populus_balsamifera,,288,38.2,2.5,26.2,60,,
Poba_WarmS/CoolF_B3_R13,3,WarmS/CoolF,populus,populus_balsamifera,,288,31.6,27.5,36.1,70,,
Poba_WarmS/CoolF_B3_R14,3,WarmS/CoolF,populus,populus_balsamifera,,288,16.8,13.7,22.8,60,,
Poba_WarmS/CoolF_B3_R15,3,WarmS/CoolF,populus,populus_balsamifera,,288,13.4,15.3,18.7,80,,
Poba_WarmS/WarmF_B1_R1,1,WarmS/WarmF,populus,populus_balsamifera,,288,15.8,9.8,35.4,70,,
Poba_WarmS/WarmF_B1_R2,1,WarmS/WarmF,populus,populus_balsamifera,,288,1.4,27.5,16.7,40,,
Poba_WarmS/WarmF_B1_R3,1,WarmS/WarmF,populus,populus_balsamifera,,288,4.9,29.5,34.6,60,,
Poba_WarmS/WarmF_B1_R4,1,WarmS/WarmF,populus,populus_balsamifera,,288,4.5,9.7,29.1,50,,
Poba_WarmS/WarmF_B1_R5,1,WarmS/WarmF,populus,populus_balsamifera,,288,23.3,23.8,31,80,,
Poba_WarmS/WarmF_B2_R6,2,WarmS/WarmF,populus,populus_balsamifera,,288,16.6,8.3,27.3,70,,
Poba_WarmS/WarmF_B2_R7,2,WarmS/WarmF,populus,populus_balsamifera,,288,15.4,35,36.9,70,,
Poba_WarmS/WarmF_B2_R8,2,WarmS/WarmF,populus,populus_balsamifera,,288,21.7,17.9,30,80,,
Poba_WarmS/WarmF_B2_R9,2,WarmS/WarmF,populus,populus_balsamifera,,288,8.1,12.7,24.3,70,,
Poba_WarmS/WarmF_B2_R10,2,WarmS/WarmF,populus,populus_balsamifera,,288,12.6,24.1,30.4,80,,
Poba_WarmS/WarmF_B3_R11,3,WarmS/WarmF,populus,populus_balsamifera,,288,10.6,30.1,12.2,60,,
Poba_WarmS/WarmF_B3_R12,3,WarmS/WarmF,populus,populus_balsamifera,,288,26.8,12,17,60,,
Poba_WarmS/WarmF_B3_R13,3,WarmS/WarmF,populus,populus_balsamifera,,288,29.1,30.2,21.5,50,,
Poba_WarmS/WarmF_B3_R14,3,WarmS/WarmF,populus,populus_balsamifera,,288,13.6,8.2,24.2,70,,
Poba_WarmS/WarmF_B3_R15,3,WarmS/WarmF,populus,populus_balsamifera,,288,19.8,22,21.9,70,,
Poba_WarmS/WarmF_B1_R1_nitro,1,WarmS/WarmF_nitro,populus,populus_balsamifera,,288,12.6,11.9,10.6,60,,
Poba_WarmS/WarmF_B1_R2_nitro,1,WarmS/WarmF_nitro,populus,populus_balsamifera,,288,29.1,22.3,23.4,70,,
Poba_WarmS/WarmF_B1_R3_nitro,1,WarmS/WarmF_nitro,populus,populus_balsamifera,,288,34.8,11.6,33.2,60,,
Poba_WarmS/WarmF_B1_R4_nitro,1,WarmS/WarmF_nitro,populus,populus_balsamifera,,288,11.5,14.1,27.7,60,,
Poba_WarmS/WarmF_B1_R5_nitro,1,WarmS/WarmF_nitro,populus,populus_balsamifera,,288,9.3,27.9,26.5,70,,
Poba_WarmS/WarmF_B2_R6_nitro,2,WarmS/WarmF_nitro,populus,populus_balsamifera,,288,25.4,17.7,18,80,,
Poba_WarmS/WarmF_B2_R7_nitro,2,WarmS/WarmF_nitro,populus,populus_balsamifera,,288,5.3,11.9,21.2,60,,
Poba_WarmS/WarmF_B2_R8_nitro,2,WarmS/WarmF_nitro,populus,populus_balsamifera,,288,4.5,17,14.4,70,,
Poba_WarmS/WarmF_B2_R10_nitro,2,WarmS/WarmF_nitro,populus,populus_balsamifera,,288,25.9,25.9,37.3,80,,
Poba_WarmS/WarmF_B3_R11_nitro,3,WarmS/WarmF_nitro,populus,populus_balsamifera,,288,40.7,13.8,33.1,80,,
Poba_WarmS/WarmF_B3_R12_nitro,3,WarmS/WarmF_nitro,populus,populus_balsamifera,,288,19.3,6.3,29.6,70,,
Poba_WarmS/WarmF_B3_R13_nitro,3,WarmS/WarmF_nitro,populus,populus_balsamifera,,288,39.3,17,40.4,70,,
Poba_WarmS/WarmF_B3_R14_nitro,3,WarmS/WarmF_nitro,populus,populus_balsamifera,,288,3.6,12.8,26.8,60,,
Poba_WarmS/WarmF_B3_R15_nitro,3,WarmS/WarmF_nitro,populus,populus_balsamifera,,288,25.9,18.5,26.6,70,,
Prvi_CoolS/CoolF_B1_R1,1,CoolS/CoolF,prunus,prunus_virginiana,,288,4.4,6.2,8.2,20,,
Prvi_CoolS/CoolF_B1_R2,1,CoolS/CoolF,prunus,prunus_virginiana,,288,,,,,,y
Prvi_CoolS/CoolF_B1_R3,1,CoolS/CoolF,prunus,prunus_virginiana,,288,16.3,12.3,11.8,20,,
Prvi_CoolS/CoolF_B1_R4,1,CoolS/CoolF,prunus,prunus_virginiana,,288,6.4,4.6,9.3,20,,
Prvi_CoolS/CoolF_B1_R5,1,CoolS/CoolF,prunus,prunus_virginiana,,288,10.3,8,7.8,30,,
Prvi_CoolS/CoolF_B2_R6,2,CoolS/CoolF,prunus,prunus_virginiana,,288,,,,,,y
Prvi_CoolS/CoolF_B2_R7,2,CoolS/CoolF,prunus,prunus_virginiana,,288,,,,,,y
Prvi_CoolS/CoolF_B2_R8,2,CoolS/CoolF,prunus,prunus_virginiana,,288,12.7,7.2,3.1,5,,
Prvi_CoolS/CoolF_B2_R9,2,CoolS/CoolF,prunus,prunus_virginiana,,288,,,,,,y
Prvi_CoolS/CoolF_B2_R10,2,CoolS/CoolF,prunus,prunus_virginiana,,288,,,,,,y
Prvi_CoolS/CoolF_B3_R11,3,CoolS/CoolF,prunus,prunus_virginiana,,288,,,,,,y
Prvi_CoolS/CoolF_B3_R12,3,CoolS/CoolF,prunus,prunus_virginiana,,288,,,,,,y
Prvi_CoolS/CoolF_B3_R13,3,CoolS/CoolF,prunus,prunus_virginiana,,288,24,21.1,10.2,5,,
Prvi_CoolS/CoolF_B3_R14,3,CoolS/CoolF,prunus,prunus_virginiana,,288,29.5,24.6,27.4,10,,
Prvi_CoolS/CoolF_B3_R15,3,CoolS/CoolF,prunus,prunus_virginiana,,288,,,,,,y
Prvi_CoolS/CoolF_B1_R1_nitro,1,CoolS/CoolF_nitro,prunus,prunus_virginiana,,288,4.2,4.8,4.1,5,,
Prvi_CoolS/CoolF_B1_R2_nitro,1,CoolS/CoolF_nitro,prunus,prunus_virginiana,,288,6.5,13.7,5,70,,
Prvi_CoolS/CoolF_B1_R3_nitro,1,CoolS/CoolF_nitro,prunus,prunus_virginiana,,288,17.2,18.2,22,50,,
Prvi_CoolS/CoolF_B1_R4_nitro,1,CoolS/CoolF_nitro,prunus,prunus_virginiana,,288,,,,,,y
Prvi_CoolS/CoolF_B2_R6_nitro,2,CoolS/CoolF_nitro,prunus,prunus_virginiana,,288,17.8,14,16,5,,
Prvi_CoolS/CoolF_B2_R7_nitro,2,CoolS/CoolF_nitro,prunus,prunus_virginiana,,288,,,,,,y
Prvi_CoolS/CoolF_B2_R8_nitro,2,CoolS/CoolF_nitro,prunus,prunus_virginiana,,288,5.6,8,6.9,20,,
Prvi_CoolS/CoolF_B2_R9_nitro,2,CoolS/CoolF_nitro,prunus,prunus_virginiana,,288,3.6,3.8,3.8,5,,
Prvi_CoolS/CoolF_B2_R10_nitro,2,CoolS/CoolF_nitro,prunus,prunus_virginiana,,288,,,,,,y
Prvi_CoolS/CoolF_B3_R12_nitro,3,CoolS/CoolF_nitro,prunus,prunus_virginiana,,288,,,,,,y
Prvi_CoolS/CoolF_B3_R13_nitro,3,CoolS/CoolF_nitro,prunus,prunus_virginiana,,288,,,,,,y
Prvi_CoolS/CoolF_B3_R14_nitro,3,CoolS/CoolF_nitro,prunus,prunus_virginiana,,288,,,,,,y
Prvi_CoolS/CoolF_B3_R15_nitro,3,CoolS/CoolF_nitro,prunus,prunus_virginiana,,288,,,,,,y
Prvi_CoolS/WarmF_B1_R1,1,CoolS/WarmF,prunus,prunus_virginiana,,288,,,,,,y
Prvi_CoolS/WarmF_B1_R2,1,CoolS/WarmF,prunus,prunus_virginiana,,288,23.8,21.2,20.5,80,,
Prvi_CoolS/WarmF_B1_R3,1,CoolS/WarmF,prunus,prunus_virginiana,,288,23.7,25.4,26.9,50,,
Prvi_CoolS/WarmF_B1_R4,1,CoolS/WarmF,prunus,prunus_virginiana,,288,,,,,,y
Prvi_CoolS/WarmF_B1_R5,1,CoolS/WarmF,prunus,prunus_virginiana,,288,,,,,,y
Prvi_CoolS/WarmF_B2_R7,2,CoolS/WarmF,prunus,prunus_virginiana,,288,6,7.1,10.4,20,,
Prvi_CoolS/WarmF_B2_R8,2,CoolS/WarmF,prunus,prunus_virginiana,,288,,,,,,y
Prvi_CoolS/WarmF_B2_R9,2,CoolS/WarmF,prunus,prunus_virginiana,,288,,,,,,y
Prvi_CoolS/WarmF_B2_R10,2,CoolS/WarmF,prunus,prunus_virginiana,,288,,,,,,y
Prvi_CoolS/WarmF_B3_R11,3,CoolS/WarmF,prunus,prunus_virginiana,,288,,,,,,y
Prvi_CoolS/WarmF_B3_R12,3,CoolS/WarmF,prunus,prunus_virginiana,,288,13.9,12.1,17.6,5,,
Prvi_CoolS/WarmF_B3_R13,3,CoolS/WarmF,prunus,prunus_virginiana,,288,,,,,,y
Prvi_CoolS/WarmF_B3_R14,3,CoolS/WarmF,prunus,prunus_virginiana,,288,,,,,,y
Prvi_CoolS/WarmF_B3_R15,3,CoolS/WarmF,prunus,prunus_virginiana,,288,,,,,na,y
Prvi_WarmS/CoolF_B1_R1,1,WarmS/CoolF,prunus,prunus_virginiana,,288,,,,,,y
Prvi_WarmS/CoolF_B1_R2,1,WarmS/CoolF,prunus,prunus_virginiana,,288,,,,,,y
Prvi_WarmS/CoolF_B1_R3,1,WarmS/CoolF,prunus,prunus_virginiana,,288,19.7,18.2,8.7,70,,y
Prvi_WarmS/CoolF_B1_R4,1,WarmS/CoolF,prunus,prunus_virginiana,,288,,,,,,y
Prvi_WarmS/CoolF_B1_R5,1,WarmS/CoolF,prunus,prunus_virginiana,,288,14.1,16.1,21.3,60,,
Prvi_WarmS/CoolF_B2_R6,2,WarmS/CoolF,prunus,prunus_virginiana,,288,,,,,,y
Prvi_WarmS/CoolF_B2_R7,2,WarmS/CoolF,prunus,prunus_virginiana,,288,17.2,16.5,9.5,5,,
Prvi_WarmS/CoolF_B2_R8,2,WarmS/CoolF,prunus,prunus_virginiana,,288,15.9,9.3,13.1,10,,
Prvi_WarmS/CoolF_B2_R9,2,WarmS/CoolF,prunus,prunus_virginiana,,288,,,,,,y
Prvi_WarmS/CoolF_B3_R12,3,WarmS/CoolF,prunus,prunus_virginiana,,288,13.9,15.1,16.9,5,,
Prvi_WarmS/CoolF_B3_R13,3,WarmS/CoolF,prunus,prunus_virginiana,,288,,,,,na,y
Prvi_WarmS/CoolF_B3_R14,3,WarmS/CoolF,prunus,prunus_virginiana,,288,,,,,,y
Prvi_WarmS/WarmF_B1_R1,1,WarmS/WarmF,prunus,prunus_virginiana,,288,,,,,,y
Prvi_WarmS/WarmF_B1_R3,1,WarmS/WarmF,prunus,prunus_virginiana,,288,5.8,1.2,5.5,20,,
Prvi_WarmS/WarmF_B1_R4,1,WarmS/WarmF,prunus,prunus_virginiana,,288,27.8,17.7,31.8,10,,
Prvi_WarmS/WarmF_B1_R5,1,WarmS/WarmF,prunus,prunus_virginiana,,288,21.1,18,15.6,70,,
Prvi_WarmS/WarmF_B2_R6,2,WarmS/WarmF,prunus,prunus_virginiana,,288,13.1,8.3,14.8,10,,
Prvi_WarmS/WarmF_B2_R7,2,WarmS/WarmF,prunus,prunus_virginiana,,288,,,,,,y
Prvi_WarmS/WarmF_B2_R8,2,WarmS/WarmF,prunus,prunus_virginiana,,288,,,,,,y
Prvi_WarmS/WarmF_B2_R9,2,WarmS/WarmF,prunus,prunus_virginiana,,288,,,,,,y
Prvi_WarmS/WarmF_B3_R11,3,WarmS/WarmF,prunus,prunus_virginiana,,288,,,,,,y
Prvi_WarmS/WarmF_B3_R12,3,WarmS/WarmF,prunus,prunus_virginiana,,288,35.8,48,35.8,50,,
Prvi_WarmS/WarmF_B3_R13,3,WarmS/WarmF,prunus,prunus_virginiana,,288,,,,,,y
Prvi_WarmS/WarmF_B3_R14,3,WarmS/WarmF,prunus,prunus_virginiana,,288,11.9,20.6,11.8,30,,
Prvi_WarmS/WarmF_B3_R15,3,WarmS/WarmF,prunus,prunus_virginiana,,288,,,,,na,y
Prvi_WarmS/WarmF_B1_R1_nitro,1,WarmS/WarmF_nitro,prunus,prunus_virginiana,,288,23.6,22.6,24.9,80,,
Prvi_WarmS/WarmF_B1_R2_nitro,1,WarmS/WarmF_nitro,prunus,prunus_virginiana,,288,4.1,13.7,4,50,,
Prvi_WarmS/WarmF_B1_R3_nitro,1,WarmS/WarmF_nitro,prunus,prunus_virginiana,,288,,,,,,y
Prvi_WarmS/WarmF_B1_R4_nitro,1,WarmS/WarmF_nitro,prunus,prunus_virginiana,,288,7.4,7.2,18.9,10,,
Prvi_WarmS/WarmF_B1_R5_nitro,1,WarmS/WarmF_nitro,prunus,prunus_virginiana,,288,,,,,,y
Prvi_WarmS/WarmF_B2_R7_nitro,2,WarmS/WarmF_nitro,prunus,prunus_virginiana,,288,,,,,,y
Prvi_WarmS/WarmF_B2_R9_nitro,2,WarmS/WarmF_nitro,prunus,prunus_virginiana,,288,30.8,26.5,25.9,95,,
Prvi_WarmS/WarmF_B2_R10_nitro,2,WarmS/WarmF_nitro,prunus,prunus_virginiana,,288,,,,,na,y
Prvi_WarmS/WarmF_B3_R11_nitro,3,WarmS/WarmF_nitro,prunus,prunus_virginiana,,288,,,,,,y
Prvi_WarmS/WarmF_B3_R12_nitro,3,WarmS/WarmF_nitro,prunus,prunus_virginiana,,288,,,,,,y
Prvi_WarmS/WarmF_B3_R13_nitro,3,WarmS/WarmF_nitro,prunus,prunus_virginiana,,288,,,,,,y
Prvi_WarmS/WarmF_B3_R14_nitro,3,WarmS/WarmF_nitro,prunus,prunus_virginiana,,288,,,,,na,y
Prvi_WarmS/WarmF_B3_R15_nitro,3,WarmS/WarmF_nitro,prunus,prunus_virginiana,,288,,,,,na,y
Quma_CoolS/CoolF_B1_R1,1,CoolS/CoolF,quercus,quercus_macrocarpa,,288,,,,,na,y
Quma_CoolS/CoolF_B1_R2,1,CoolS/CoolF,quercus,quercus_macrocarpa,,288,,,,,y,y
Quma_CoolS/CoolF_B1_R3,1,CoolS/CoolF,quercus,quercus_macrocarpa,,288,,,,,na,y
Quma_CoolS/CoolF_B1_R4,1,CoolS/CoolF,quercus,quercus_macrocarpa,,288,,,,,y,y
Quma_CoolS/CoolF_B1_R5,1,CoolS/CoolF,quercus,quercus_macrocarpa,,288,,,,,,y
Quma_CoolS/CoolF_B2_R6,2,CoolS/CoolF,quercus,quercus_macrocarpa,,288,,,,,,y
Quma_CoolS/CoolF_B2_R7,2,CoolS/CoolF,quercus,quercus_macrocarpa,,288,,,,,,y
Quma_CoolS/CoolF_B2_R8,2,CoolS/CoolF,quercus,quercus_macrocarpa,,288,,,,,y,y
Quma_CoolS/CoolF_B2_R9,2,CoolS/CoolF,quercus,quercus_macrocarpa,,288,,,,,,y
Quma_CoolS/CoolF_B2_R10,2,CoolS/CoolF,quercus,quercus_macrocarpa,,288,,,,,,y
Quma_CoolS/CoolF_B3_R11,3,CoolS/CoolF,quercus,quercus_macrocarpa,,288,4.2,6.7,4.3,5,,
Quma_CoolS/CoolF_B3_R12,3,CoolS/CoolF,quercus,quercus_macrocarpa,,288,,,,,,y
Quma_CoolS/CoolF_B3_R13,3,CoolS/CoolF,quercus,quercus_macrocarpa,,288,,,,,,y
Quma_CoolS/CoolF_B3_R14,3,CoolS/CoolF,quercus,quercus_macrocarpa,,288,,,,,,y
Quma_CoolS/CoolF_B3_R15,3,CoolS/CoolF,quercus,quercus_macrocarpa,,288,,,,,,y
Quma_CoolS/CoolF_B1_R1_nitro,1,CoolS/CoolF_nitro,quercus,quercus_macrocarpa,,288,,,,,,y
Quma_CoolS/CoolF_B1_R2_nitro,1,CoolS/CoolF_nitro,quercus,quercus_macrocarpa,,288,,,,,y,y
Quma_CoolS/CoolF_B1_R3_nitro,1,CoolS/CoolF_nitro,quercus,quercus_macrocarpa,,288,,,,,,y
Quma_CoolS/CoolF_B1_R4_nitro,1,CoolS/CoolF_nitro,quercus,quercus_macrocarpa,,288,,,,,,y
Quma_CoolS/CoolF_B1_R5_nitro,1,CoolS/CoolF_nitro,quercus,quercus_macrocarpa,,288,,,,,,y
Quma_CoolS/CoolF_B2_R6_nitro,2,CoolS/CoolF_nitro,quercus,quercus_macrocarpa,,288,10,13.5,14.8,10,,
Quma_CoolS/CoolF_B2_R7_nitro,2,CoolS/CoolF_nitro,quercus,quercus_macrocarpa,,288,36.8,38.9,15.9,80,,
Quma_CoolS/CoolF_B2_R8_nitro,2,CoolS/CoolF_nitro,quercus,quercus_macrocarpa,,288,,,,,na,y
Quma_CoolS/CoolF_B2_R9_nitro,2,CoolS/CoolF_nitro,quercus,quercus_macrocarpa,,288,,,,,,y
Quma_CoolS/CoolF_B2_R10_nitro,2,CoolS/CoolF_nitro,quercus,quercus_macrocarpa,,288,,,,,y,y
Quma_CoolS/CoolF_B3_R11_nitro,3,CoolS/CoolF_nitro,quercus,quercus_macrocarpa,,288,,,,,,y
Quma_CoolS/CoolF_B3_R12_nitro,3,CoolS/CoolF_nitro,quercus,quercus_macrocarpa,,288,,,,,,y
Quma_CoolS/CoolF_B3_R13_nitro,3,CoolS/CoolF_nitro,quercus,quercus_macrocarpa,,288,3.5,2.6,4.1,5,,
Quma_CoolS/CoolF_B3_R14_nitro,3,CoolS/CoolF_nitro,quercus,quercus_macrocarpa,,288,,,,,,y
Quma_CoolS/CoolF_B3_R15_nitro,3,CoolS/CoolF_nitro,quercus,quercus_macrocarpa,,288,2.2,8.6,11.6,10,,
Quma_CoolS/WarmF_B1_R1,1,CoolS/WarmF,quercus,quercus_macrocarpa,,288,,,,,y,y
Quma_CoolS/WarmF_B1_R2,1,CoolS/WarmF,quercus,quercus_macrocarpa,,288,,,,,y,y
Quma_CoolS/WarmF_B1_R3,1,CoolS/WarmF,quercus,quercus_macrocarpa,,288,,,,,y,y
Quma_CoolS/WarmF_B1_R4,1,CoolS/WarmF,quercus,quercus_macrocarpa,,288,,,,,y,y
Quma_CoolS/WarmF_B1_R5,1,CoolS/WarmF,quercus,quercus_macrocarpa,,288,,,,,y,y
Quma_CoolS/WarmF_B2_R6,2,CoolS/WarmF,quercus,quercus_macrocarpa,,288,8.5,6.5,22.2,20,,
Quma_CoolS/WarmF_B2_R7,2,CoolS/WarmF,quercus,quercus_macrocarpa,,288,,,,,,y
Quma_CoolS/WarmF_B2_R8,2,CoolS/WarmF,quercus,quercus_macrocarpa,,288,,,,,,y
Quma_CoolS/WarmF_B2_R9,2,CoolS/WarmF,quercus,quercus_macrocarpa,,288,,,,,,y
Quma_CoolS/WarmF_B2_R10,2,CoolS/WarmF,quercus,quercus_macrocarpa,,288,,,,,,y
Quma_CoolS/WarmF_B3_R11,3,CoolS/WarmF,quercus,quercus_macrocarpa,,288,,,,,,y
Quma_CoolS/WarmF_B3_R12,3,CoolS/WarmF,quercus,quercus_macrocarpa,,288,,,,,,y
Quma_CoolS/WarmF_B3_R13,3,CoolS/WarmF,quercus,quercus_macrocarpa,,288,,,,,,y
Quma_CoolS/WarmF_B3_R15,3,CoolS/WarmF,quercus,quercus_macrocarpa,,288,,,,,,y
Quma_WarmS/CoolF_B1_R1,1,WarmS/CoolF,quercus,quercus_macrocarpa,,288,,,,,,y
Quma_WarmS/CoolF_B1_R2,1,WarmS/CoolF,quercus,quercus_macrocarpa,,288,,,,,y,
Quma_WarmS/CoolF_B1_R3,1,WarmS/CoolF,quercus,quercus_macrocarpa,,288,0.1,1.4,2.6,5,,
Quma_WarmS/CoolF_B1_R4,1,WarmS/CoolF,quercus,quercus_macrocarpa,,288,,,,,,y
Quma_WarmS/CoolF_B1_R5,1,WarmS/CoolF,quercus,quercus_macrocarpa,,288,,,,,,y
Quma_WarmS/CoolF_B2_R6,2,WarmS/CoolF,quercus,quercus_macrocarpa,,288,3.6,9.1,3.3,5,,
Quma_WarmS/CoolF_B2_R7,2,WarmS/CoolF,quercus,quercus_macrocarpa,,288,1.8,2,0.5,5,,
Quma_WarmS/CoolF_B2_R8,2,WarmS/CoolF,quercus,quercus_macrocarpa,,288,,,,,,y
Quma_WarmS/CoolF_B2_R9,2,WarmS/CoolF,quercus,quercus_macrocarpa,,288,,,,,,y
Quma_WarmS/CoolF_B2_R10,2,WarmS/CoolF,quercus,quercus_macrocarpa,,288,0.5,1.2,0.8,5,,
Quma_WarmS/CoolF_B3_R11,3,WarmS/CoolF,quercus,quercus_macrocarpa,,288,,,,,,y
Quma_WarmS/CoolF_B3_R12,3,WarmS/CoolF,quercus,quercus_macrocarpa,,288,,,,,,y
Quma_WarmS/CoolF_B3_R13,3,WarmS/CoolF,quercus,quercus_macrocarpa,,288,3.9,6.2,5,5,,
Quma_WarmS/CoolF_B3_R14,3,WarmS/CoolF,quercus,quercus_macrocarpa,,288,,,,,y,
Quma_WarmS/CoolF_B3_R15,3,WarmS/CoolF,quercus,quercus_macrocarpa,,288,,,,,,y
Quma_WarmS/WarmF_B1_R1,1,WarmS/WarmF,quercus,quercus_macrocarpa,,288,,,,,,y
Quma_WarmS/WarmF_B1_R2,1,WarmS/WarmF,quercus,quercus_macrocarpa,,288,,,,,,y
Quma_WarmS/WarmF_B1_R3,1,WarmS/WarmF,quercus,quercus_macrocarpa,,288,,,,,,y
Quma_WarmS/WarmF_B1_R4,1,WarmS/WarmF,quercus,quercus_macrocarpa,,288,,,,,y,y
Quma_WarmS/WarmF_B1_R5,1,WarmS/WarmF,quercus,quercus_macrocarpa,,288,,,,,y,y
Quma_WarmS/WarmF_B2_R7,2,WarmS/WarmF,quercus,quercus_macrocarpa,,288,2.8,5.3,14.2,10,,
Quma_WarmS/WarmF_B2_R8,2,WarmS/WarmF,quercus,quercus_macrocarpa,,288,,,,,y,
Quma_WarmS/WarmF_B2_R9,2,WarmS/WarmF,quercus,quercus_macrocarpa,,288,,,,,y,
Quma_WarmS/WarmF_B2_R10,2,WarmS/WarmF,quercus,quercus_macrocarpa,,288,2,2.5,5,5,,
Quma_WarmS/WarmF_B3_R11,3,WarmS/WarmF,quercus,quercus_macrocarpa,,288,,,,,,y
Quma_WarmS/WarmF_B3_R12,3,WarmS/WarmF,quercus,quercus_macrocarpa,,288,,,,,,y
Quma_WarmS/WarmF_B3_R13,3,WarmS/WarmF,quercus,quercus_macrocarpa,,288,,,,,,y
Quma_WarmS/WarmF_B3_R14,3,WarmS/WarmF,quercus,quercus_macrocarpa,,288,12.7,10.2,8.4,10,,
Quma_WarmS/WarmF_B3_R15,3,WarmS/WarmF,quercus,quercus_macrocarpa,,288,7.6,9.5,2.2,10,,
Quma_WarmS/WarmF_B1_R1_nitro,1,WarmS/WarmF_nitro,quercus,quercus_macrocarpa,,288,0.9,1.5,3.4,5,,
Quma_WarmS/WarmF_B1_R2_nitro,1,WarmS/WarmF_nitro,quercus,quercus_macrocarpa,,288,3.7,3.8,1.6,10,,
Quma_WarmS/WarmF_B1_R3_nitro,1,WarmS/WarmF_nitro,quercus,quercus_macrocarpa,,288,,,,,,y
Quma_WarmS/WarmF_B1_R4_nitro,1,WarmS/WarmF_nitro,quercus,quercus_macrocarpa,,288,,,,,,y
Quma_WarmS/WarmF_B1_R5_nitro,1,WarmS/WarmF_nitro,quercus,quercus_macrocarpa,,288,,,,,,y
Quma_WarmS/WarmF_B2_R6_nitro,2,WarmS/WarmF_nitro,quercus,quercus_macrocarpa,,288,5.3,4.5,4.6,5,,
Quma_WarmS/WarmF_B2_R7_nitro,2,WarmS/WarmF_nitro,quercus,quercus_macrocarpa,,288,,,,,,y
Quma_WarmS/WarmF_B2_R8_nitro,2,WarmS/WarmF_nitro,quercus,quercus_macrocarpa,,288,,,,,na,y
Quma_WarmS/WarmF_B2_R9_nitro,2,WarmS/WarmF_nitro,quercus,quercus_macrocarpa,,288,,,,,,y
Quma_WarmS/WarmF_B2_R10_nitro,2,WarmS/WarmF_nitro,quercus,quercus_macrocarpa,,288,,,,,y,
Quma_WarmS/WarmF_B3_R11_nitro,3,WarmS/WarmF_nitro,quercus,quercus_macrocarpa,,288,,,,,y,
Quma_WarmS/WarmF_B3_R12_nitro,3,WarmS/WarmF_nitro,quercus,quercus_macrocarpa,,288,,,,,,y
Quma_WarmS/WarmF_B3_R13_nitro,3,WarmS/WarmF_nitro,quercus,quercus_macrocarpa,,288,,,,,,y
Quma_WarmS/WarmF_B3_R14_nitro,3,WarmS/WarmF_nitro,quercus,quercus_macrocarpa,,288,,,,,,y
Quma_WarmS/WarmF_B3_R15_nitro,3,WarmS/WarmF_nitro,quercus,quercus_macrocarpa,,288,,,,,,y