tree_ID,bloc,treatment,genus,species,Note,doy,aboveGroundWeight,belowGroundWeight,
Acne_CoolS/CoolF_B1_R1,1,CoolS/CoolF,acer,acer_negundo,,304,6.1,13.2,
Acne_CoolS/CoolF_B1_R2,1,CoolS/CoolF,acer,acer_negundo,,304,6.4,16,
Acne_CoolS/CoolF_B1_R3,1,CoolS/CoolF,acer,acer_negundo,,304,11.4,17.1,
Acne_CoolS/CoolF_B1_R4,1,CoolS/CoolF,acer,acer_negundo,,304,7.6,16.9,
Acne_CoolS/CoolF_B1_R5,1,CoolS/CoolF,acer,acer_negundo,,304,13.4,23.8,
Acne_CoolS/CoolF_B2_R6,2,CoolS/CoolF,acer,acer_negundo,,307,12.54,23.18,
Acne_CoolS/CoolF_B2_R7,2,CoolS/CoolF,acer,acer_negundo,,307,7.41,13.67,
Acne_CoolS/CoolF_B2_R8,2,CoolS/CoolF,acer,acer_negundo,,307,13.37,16.24,
Acne_CoolS/CoolF_B2_R9,2,CoolS/CoolF,acer,acer_negundo,,307,12.53,18.26,
Acne_CoolS/CoolF_B2_R10,2,CoolS/CoolF,acer,acer_negundo,,307,8.03,14.04,
Acne_CoolS/CoolF_B3_R11,3,CoolS/CoolF,acer,acer_negundo,,307,7.85,8.67,
Acne_CoolS/CoolF_B3_R12,3,CoolS/CoolF,acer,acer_negundo,,307,3.83,4.14,
Acne_CoolS/CoolF_B3_R13,3,CoolS/CoolF,acer,acer_negundo,,307,5.31,8.39,
Acne_CoolS/CoolF_B3_R14,3,CoolS/CoolF,acer,acer_negundo,,307,6.02,9.85,
Acne_CoolS/CoolF_B3_R15,3,CoolS/CoolF,acer,acer_negundo,,307,7.24,11,
Acne_CoolS/CoolF_B1_R1_nitro,1,CoolS/CoolF_nitro,acer,acer_negundo,,304,11.5,20.3,
Acne_CoolS/CoolF_B1_R2_nitro,1,CoolS/CoolF_nitro,acer,acer_negundo,,304,9.7,13.5,
Acne_CoolS/CoolF_B1_R3_nitro,1,CoolS/CoolF_nitro,acer,acer_negundo,,304,7.2,15,
Acne_CoolS/CoolF_B1_R4_nitro,1,CoolS/CoolF_nitro,acer,acer_negundo,,304,10.4,17.1,
Acne_CoolS/CoolF_B1_R5_nitro,1,CoolS/CoolF_nitro,acer,acer_negundo,,304,5.97,14.66,
Acne_CoolS/CoolF_B2_R6_nitro,2,CoolS/CoolF_nitro,acer,acer_negundo,,307,11.73,17.13,
Acne_CoolS/CoolF_B2_R7_nitro,2,CoolS/CoolF_nitro,acer,acer_negundo,,307,10.56,18.71,
Acne_CoolS/CoolF_B2_R8_nitro,2,CoolS/CoolF_nitro,acer,acer_negundo,,307,4.2,5.98,
Acne_CoolS/CoolF_B2_R9_nitro,2,CoolS/CoolF_nitro,acer,acer_negundo,,307,12.74,15.02,
Acne_CoolS/CoolF_B2_R10_nitro,2,CoolS/CoolF_nitro,acer,acer_negundo,,307,9.1,13.75,
Acne_CoolS/CoolF_B3_R11_nitro,3,CoolS/CoolF_nitro,acer,acer_negundo,,307,7.09,7.72,
Acne_CoolS/CoolF_B3_R12_nitro,3,CoolS/CoolF_nitro,acer,acer_negundo,,307,7.39,10.43,
Acne_CoolS/CoolF_B3_R13_nitro,3,CoolS/CoolF_nitro,acer,acer_negundo,,307,5.86,5.34,
Acne_CoolS/CoolF_B3_R14_nitro,3,CoolS/CoolF_nitro,acer,acer_negundo,,307,6.6,9.43,
Acne_CoolS/CoolF_B3_R15_nitro,3,CoolS/CoolF_nitro,acer,acer_negundo,,307,7.14,7.79,
Acne_CoolS/WarmF_B1_R1,1,CoolS/WarmF,acer,acer_negundo,,304,5.78,10.28,
Acne_CoolS/WarmF_B1_R2,1,CoolS/WarmF,acer,acer_negundo,,304,7.96,19.73,
Acne_CoolS/WarmF_B1_R3,1,CoolS/WarmF,acer,acer_negundo,,304,5.22,13.51,
Acne_CoolS/WarmF_B1_R4,1,CoolS/WarmF,acer,acer_negundo,,304,7.06,13.47,
Acne_CoolS/WarmF_B1_R5,1,CoolS/WarmF,acer,acer_negundo,,304,6.08,14.84,
Acne_CoolS/WarmF_B2_R6,2,CoolS/WarmF,acer,acer_negundo,,307,6.36,12.25,
Acne_CoolS/WarmF_B2_R7,2,CoolS/WarmF,acer,acer_negundo,,307,7.35,12.86,
Acne_CoolS/WarmF_B2_R8,2,CoolS/WarmF,acer,acer_negundo,,307,9.35,15.66,
Acne_CoolS/WarmF_B2_R9,2,CoolS/WarmF,acer,acer_negundo,,307,7.33,12.93,
Acne_CoolS/WarmF_B2_R10,2,CoolS/WarmF,acer,acer_negundo,,307,5.02,5.6,
Acne_CoolS/WarmF_B3_R11,3,CoolS/WarmF,acer,acer_negundo,,307,10.15,9,
Acne_CoolS/WarmF_B3_R12,3,CoolS/WarmF,acer,acer_negundo,,307,2.09,3.07,
Acne_CoolS/WarmF_B3_R13,3,CoolS/WarmF,acer,acer_negundo,,307,11.51,17.28,
Acne_CoolS/WarmF_B3_R14,3,CoolS/WarmF,acer,acer_negundo,,307,4.85,9.22,
Acne_CoolS/WarmF_B3_R15,3,CoolS/WarmF,acer,acer_negundo,,307,5.67,13.38,
Acne_WarmS/CoolF_B1_R1,1,WarmS/CoolF,acer,acer_negundo,,304,9.92,31.97,
Acne_WarmS/CoolF_B1_R2,1,WarmS/CoolF,acer,acer_negundo,,304,5.72,13.76,
Acne_WarmS/CoolF_B1_R3,1,WarmS/CoolF,acer,acer_negundo,,304,12.11,17.56,
Acne_WarmS/CoolF_B1_R4,1,WarmS/CoolF,acer,acer_negundo,,304,10.55,24.45,
Acne_WarmS/CoolF_B1_R5,1,WarmS/CoolF,acer,acer_negundo,,304,8.44,15.9,
Acne_WarmS/CoolF_B2_R6,2,WarmS/CoolF,acer,acer_negundo,,307,5.27,8.86,
Acne_WarmS/CoolF_B2_R7,2,WarmS/CoolF,acer,acer_negundo,,307,11.38,17.61,
Acne_WarmS/CoolF_B2_R8,2,WarmS/CoolF,acer,acer_negundo,,307,12.75,26.02,
Acne_WarmS/CoolF_B2_R9,2,WarmS/CoolF,acer,acer_negundo,,307,7.53,7.82,
Acne_WarmS/CoolF_B2_R10,2,WarmS/CoolF,acer,acer_negundo,,307,5.86,8.51,
Acne_WarmS/CoolF_B3_R11,3,WarmS/CoolF,acer,acer_negundo,,307,7.46,9.79,
Acne_WarmS/CoolF_B3_R12,3,WarmS/CoolF,acer,acer_negundo,,307,12.27,13.92,
Acne_WarmS/CoolF_B3_R13,3,WarmS/CoolF,acer,acer_negundo,,307,16.85,28.77,
Acne_WarmS/CoolF_B3_R14,3,WarmS/CoolF,acer,acer_negundo,,307,5.42,7.72,
Acne_WarmS/CoolF_B3_R15,3,WarmS/CoolF,acer,acer_negundo,,307,8.19,10.32,
Acne_WarmS/WarmF_B1_R1,1,WarmS/WarmF,acer,acer_negundo,,304,5.32,13.61,
Acne_WarmS/WarmF_B1_R2,1,WarmS/WarmF,acer,acer_negundo,,304,5.17,10.16,
Acne_WarmS/WarmF_B1_R3,1,WarmS/WarmF,acer,acer_negundo,,304,6.49,20.23,
Acne_WarmS/WarmF_B1_R4,1,WarmS/WarmF,acer,acer_negundo,,304,3.14,8.02,
Acne_WarmS/WarmF_B1_R5,1,WarmS/WarmF,acer,acer_negundo,,304,10.86,15.49,
Acne_WarmS/WarmF_B2_R6,2,WarmS/WarmF,acer,acer_negundo,,307,6.1,11.66,
Acne_WarmS/WarmF_B2_R7,2,WarmS/WarmF,acer,acer_negundo,,307,8.14,14.84,
Acne_WarmS/WarmF_B2_R8,2,WarmS/WarmF,acer,acer_negundo,,307,8.47,20.25,
Acne_WarmS/WarmF_B2_R9,2,WarmS/WarmF,acer,acer_negundo,,307,9.97,14.89,
Acne_WarmS/WarmF_B2_R10,2,WarmS/WarmF,acer,acer_negundo,,307,7.72,13.77,
Acne_WarmS/WarmF_B3_R11,3,WarmS/WarmF,acer,acer_negundo,,307,7.32,10.75,
Acne_WarmS/WarmF_B3_R12,3,WarmS/WarmF,acer,acer_negundo,,307,8.61,13.33,
Acne_WarmS/WarmF_B3_R13,3,WarmS/WarmF,acer,acer_negundo,,307,7.12,12.44,
Acne_WarmS/WarmF_B3_R14,3,WarmS/WarmF,acer,acer_negundo,,307,6.25,10.7,
Acne_WarmS/WarmF_B3_R15,3,WarmS/WarmF,acer,acer_negundo,,307,6.38,6.24,
Acne_WarmS/WarmF_B1_R1_nitro,1,WarmS/WarmF_nitro,acer,acer_negundo,,304,5.46,6.49,
Acne_WarmS/WarmF_B1_R2_nitro,1,WarmS/WarmF_nitro,acer,acer_negundo,,304,8.12,15.08,
Acne_WarmS/WarmF_B1_R3_nitro,1,WarmS/WarmF_nitro,acer,acer_negundo,,304,5.03,10.2,
Acne_WarmS/WarmF_B1_R4_nitro,1,WarmS/WarmF_nitro,acer,acer_negundo,,304,2.96,7.18,
Acne_WarmS/WarmF_B1_R5_nitro,1,WarmS/WarmF_nitro,acer,acer_negundo,,304,5.38,10.95,
Acne_WarmS/WarmF_B2_R6_nitro,2,WarmS/WarmF_nitro,acer,acer_negundo,,307,8,13.24,
Acne_WarmS/WarmF_B2_R7_nitro,2,WarmS/WarmF_nitro,acer,acer_negundo,,307,8.62,13.37,
Acne_WarmS/WarmF_B2_R8_nitro,2,WarmS/WarmF_nitro,acer,acer_negundo,,307,12.42,18.36,
Acne_WarmS/WarmF_B2_R9_nitro,2,WarmS/WarmF_nitro,acer,acer_negundo,,307,4.78,6.97,
Acne_WarmS/WarmF_B2_R10_nitro,2,WarmS/WarmF_nitro,acer,acer_negundo,,307,9.67,17.4,
Acne_WarmS/WarmF_B3_R11_nitro,3,WarmS/WarmF_nitro,acer,acer_negundo,,307,6.66,14.07,
Acne_WarmS/WarmF_B3_R12_nitro,3,WarmS/WarmF_nitro,acer,acer_negundo,,307,12.56,11.56,
Acne_WarmS/WarmF_B3_R13_nitro,3,WarmS/WarmF_nitro,acer,acer_negundo,,307,11.81,21.69,
Acne_WarmS/WarmF_B3_R14_nitro,3,WarmS/WarmF_nitro,acer,acer_negundo,,307,5.51,13.22,
Acne_WarmS/WarmF_B3_R15_nitro,3,WarmS/WarmF_nitro,acer,acer_negundo,,307,12.04,17.54,
Bepa_CoolS/CoolF_B1_R1,1,CoolS/CoolF,betula,betula_papyrifera,,346,13.02,19.12,
Bepa_CoolS/CoolF_B1_R2,1,CoolS/CoolF,betula,betula_papyrifera,,346,13.35,12.95,
Bepa_CoolS/CoolF_B1_R3,1,CoolS/CoolF,betula,betula_papyrifera,,346,9.57,16.26,
Bepa_CoolS/CoolF_B1_R4,1,CoolS/CoolF,betula,betula_papyrifera,,346,27.74,25.59,
Bepa_CoolS/CoolF_B1_R5,1,CoolS/CoolF,betula,betula_papyrifera,,346,10.95,17.65,
Bepa_CoolS/CoolF_B2_R6,2,CoolS/CoolF,betula,betula_papyrifera,,346,26.12,29.51,
Bepa_CoolS/CoolF_B2_R7,2,CoolS/CoolF,betula,betula_papyrifera,,346,18.19,26.55,
Bepa_CoolS/CoolF_B2_R8,2,CoolS/CoolF,betula,betula_papyrifera,,346,43.15,38.93,
Bepa_CoolS/CoolF_B2_R9,2,CoolS/CoolF,betula,betula_papyrifera,,346,23.12,32.87,
Bepa_CoolS/CoolF_B2_R10,2,CoolS/CoolF,betula,betula_papyrifera,,346,18.78,16.3,
Bepa_CoolS/CoolF_B3_R11,3,CoolS/CoolF,betula,betula_papyrifera,,346,13.61,20.33,
Bepa_CoolS/CoolF_B3_R12,3,CoolS/CoolF,betula,betula_papyrifera,,346,17.71,12.17,
Bepa_CoolS/CoolF_B3_R13,3,CoolS/CoolF,betula,betula_papyrifera,,346,27.25,42.11,
Bepa_CoolS/CoolF_B3_R14,3,CoolS/CoolF,betula,betula_papyrifera,,346,11.23,17.18,
Bepa_CoolS/CoolF_B3_R15,3,CoolS/CoolF,betula,betula_papyrifera,,346,17.43,17.15,
Bepa_CoolS/CoolF_B1_R1_nitro,1,CoolS/CoolF_nitro,betula,betula_papyrifera,,346,35,38.83,
Bepa_CoolS/CoolF_B1_R2_nitro,1,CoolS/CoolF_nitro,betula,betula_papyrifera,,346,18.73,14.95,
Bepa_CoolS/CoolF_B1_R3_nitro,1,CoolS/CoolF_nitro,betula,betula_papyrifera,,346,16.66,17.56,
Bepa_CoolS/CoolF_B1_R4_nitro,1,CoolS/CoolF_nitro,betula,betula_papyrifera,,346,16.36,12.01,
Bepa_CoolS/CoolF_B1_R5_nitro,1,CoolS/CoolF_nitro,betula,betula_papyrifera,,346,44.9,46.09,
Bepa_CoolS/CoolF_B2_R6_nitro,2,CoolS/CoolF_nitro,betula,betula_papyrifera,,346,26.56,38.27,
Bepa_CoolS/CoolF_B2_R7_nitro,2,CoolS/CoolF_nitro,betula,betula_papyrifera,,346,13.74,13.45,
Bepa_CoolS/CoolF_B2_R8_nitro,2,CoolS/CoolF_nitro,betula,betula_papyrifera,,346,23.98,33.84,
Bepa_CoolS/CoolF_B2_R9_nitro,2,CoolS/CoolF_nitro,betula,betula_papyrifera,,346,41.04,39.4,
Bepa_CoolS/CoolF_B2_R10_nitro,2,CoolS/CoolF_nitro,betula,betula_papyrifera,,346,8.86,14.1,
Bepa_CoolS/CoolF_B3_R11_nitro,3,CoolS/CoolF_nitro,betula,betula_papyrifera,,346,24.57,27.72,
Bepa_CoolS/CoolF_B3_R12_nitro,3,CoolS/CoolF_nitro,betula,betula_papyrifera,,346,12.46,14.02,
Bepa_CoolS/CoolF_B3_R13_nitro,3,CoolS/CoolF_nitro,betula,betula_papyrifera,,346,16.85,15.28,
Bepa_CoolS/CoolF_B3_R14_nitro,3,CoolS/CoolF_nitro,betula,betula_papyrifera,,346,8.71,9.83,
Bepa_CoolS/CoolF_B3_R15_nitro,3,CoolS/CoolF_nitro,betula,betula_papyrifera,,346,12.35,18.86,
Bepa_CoolS/WarmF_B1_R1,1,CoolS/WarmF,betula,betula_papyrifera,,346,12,15.72,
Bepa_CoolS/WarmF_B1_R2,1,CoolS/WarmF,betula,betula_papyrifera,,346,11.33,13.88,
Bepa_CoolS/WarmF_B1_R3,1,CoolS/WarmF,betula,betula_papyrifera,,346,14.49,11.36,
Bepa_CoolS/WarmF_B1_R4,1,CoolS/WarmF,betula,betula_papyrifera,,346,22.01,30.45,
Bepa_CoolS/WarmF_B1_R5,1,CoolS/WarmF,betula,betula_papyrifera,,346,13.57,15.42,
Bepa_CoolS/WarmF_B2_R6,2,CoolS/WarmF,betula,betula_papyrifera,,346,26.03,42,
Bepa_CoolS/WarmF_B2_R7,2,CoolS/WarmF,betula,betula_papyrifera,,346,21.22,26.09,
Bepa_CoolS/WarmF_B2_R8,2,CoolS/WarmF,betula,betula_papyrifera,,346,18.05,30.42,
Bepa_CoolS/WarmF_B2_R9,2,CoolS/WarmF,betula,betula_papyrifera,,346,28.99,30.87,
Bepa_CoolS/WarmF_B2_R10,2,CoolS/WarmF,betula,betula_papyrifera,,346,20.85,25.94,
Bepa_CoolS/WarmF_B3_R11,3,CoolS/WarmF,betula,betula_papyrifera,,346,23.8,19.55,
Bepa_CoolS/WarmF_B3_R12,3,CoolS/WarmF,betula,betula_papyrifera,,346,21.79,19.11,
Bepa_CoolS/WarmF_B3_R13,3,CoolS/WarmF,betula,betula_papyrifera,,346,16.01,13.33,
Bepa_CoolS/WarmF_B3_R14,3,CoolS/WarmF,betula,betula_papyrifera,,346,13.14,19.42,
Bepa_CoolS/WarmF_B3_R15,3,CoolS/WarmF,betula,betula_papyrifera,,346,10.73,17,
Bepa_WarmS/CoolF_B1_R1,1,WarmS/CoolF,betula,betula_papyrifera,,346,20.42,17.32,
Bepa_WarmS/CoolF_B1_R2,1,WarmS/CoolF,betula,betula_papyrifera,,346,10.89,17.88,
Bepa_WarmS/CoolF_B1_R3,1,WarmS/CoolF,betula,betula_papyrifera,,346,22.02,24.21,
Bepa_WarmS/CoolF_B1_R4,1,WarmS/CoolF,betula,betula_papyrifera,,346,22.04,26.44,
Bepa_WarmS/CoolF_B1_R5,1,WarmS/CoolF,betula,betula_papyrifera,,346,10.85,15.72,
Bepa_WarmS/CoolF_B2_R6,2,WarmS/CoolF,betula,betula_papyrifera,,346,29.59,42.38,
Bepa_WarmS/CoolF_B2_R7,2,WarmS/CoolF,betula,betula_papyrifera,,346,28.61,26.44,
Bepa_WarmS/CoolF_B2_R8,2,WarmS/CoolF,betula,betula_papyrifera,,346,12.24,13.55,
Bepa_WarmS/CoolF_B2_R9,2,WarmS/CoolF,betula,betula_papyrifera,,346,10.38,12.57,
Bepa_WarmS/CoolF_B2_R10,2,WarmS/CoolF,betula,betula_papyrifera,,346,30.71,36.92,
Bepa_WarmS/CoolF_B3_R11,3,WarmS/CoolF,betula,betula_papyrifera,,346,9.07,10.19,
Bepa_WarmS/CoolF_B3_R12,3,WarmS/CoolF,betula,betula_papyrifera,,346,14.79,16.08,
Bepa_WarmS/CoolF_B3_R13,3,WarmS/CoolF,betula,betula_papyrifera,,346,20.72,24.68,
Bepa_WarmS/CoolF_B3_R14,3,WarmS/CoolF,betula,betula_papyrifera,,346,26.72,25.05,
Bepa_WarmS/CoolF_B3_R15,3,WarmS/CoolF,betula,betula_papyrifera,,346,15.68,17.01,
Bepa_WarmS/WarmF_B1_R1,1,WarmS/WarmF,betula,betula_papyrifera,,346,14.26,15.54,
Bepa_WarmS/WarmF_B1_R2,1,WarmS/WarmF,betula,betula_papyrifera,,346,9.85,15.46,
Bepa_WarmS/WarmF_B1_R3,1,WarmS/WarmF,betula,betula_papyrifera,,346,15.71,16.79,
Bepa_WarmS/WarmF_B1_R4,1,WarmS/WarmF,betula,betula_papyrifera,,346,32.49,34.24,
Bepa_WarmS/WarmF_B1_R5,1,WarmS/WarmF,betula,betula_papyrifera,,346,33.08,32.64,
Bepa_WarmS/WarmF_B2_R6,2,WarmS/WarmF,betula,betula_papyrifera,,346,15.44,21.89,
Bepa_WarmS/WarmF_B2_R7,2,WarmS/WarmF,betula,betula_papyrifera,,346,16.73,17.98,
Bepa_WarmS/WarmF_B2_R8,2,WarmS/WarmF,betula,betula_papyrifera,,346,30.58,30.64,
Bepa_WarmS/WarmF_B2_R9,2,WarmS/WarmF,betula,betula_papyrifera,,346,35.95,35.49,
Bepa_WarmS/WarmF_B2_R10,2,WarmS/WarmF,betula,betula_papyrifera,,346,16,15.34,
Bepa_WarmS/WarmF_B3_R11,3,WarmS/WarmF,betula,betula_papyrifera,,346,43.62,37.12,
Bepa_WarmS/WarmF_B3_R12,3,WarmS/WarmF,betula,betula_papyrifera,,346,9.76,19.72,
Bepa_WarmS/WarmF_B3_R13,3,WarmS/WarmF,betula,betula_papyrifera,,346,33.47,21.42,
Bepa_WarmS/WarmF_B3_R14,3,WarmS/WarmF,betula,betula_papyrifera,,346,33.18,21.57,
Bepa_WarmS/WarmF_B3_R15,3,WarmS/WarmF,betula,betula_papyrifera,,346,14.26,15.72,
Bepa_WarmS/WarmF_B1_R1_nitro,1,WarmS/WarmF_nitro,betula,betula_papyrifera,,346,25.5,30.03,
Bepa_WarmS/WarmF_B1_R2_nitro,1,WarmS/WarmF_nitro,betula,betula_papyrifera,,346,9.95,11.33,
Bepa_WarmS/WarmF_B1_R3_nitro,1,WarmS/WarmF_nitro,betula,betula_papyrifera,,346,46.67,39.27,
Bepa_WarmS/WarmF_B1_R4_nitro,1,WarmS/WarmF_nitro,betula,betula_papyrifera,,346,10.8,15.29,
Bepa_WarmS/WarmF_B1_R5_nitro,1,WarmS/WarmF_nitro,betula,betula_papyrifera,,346,18.74,32.7,
Bepa_WarmS/WarmF_B2_R6_nitro,2,WarmS/WarmF_nitro,betula,betula_papyrifera,,346,9.96,11.67,
Bepa_WarmS/WarmF_B2_R7_nitro,2,WarmS/WarmF_nitro,betula,betula_papyrifera,,346,22.69,27.07,
Bepa_WarmS/WarmF_B2_R8_nitro,2,WarmS/WarmF_nitro,betula,betula_papyrifera,,346,10.23,35.24,
Bepa_WarmS/WarmF_B2_R9_nitro,2,WarmS/WarmF_nitro,betula,betula_papyrifera,,346,34.12,34.3,
Bepa_WarmS/WarmF_B2_R10_nitro,2,WarmS/WarmF_nitro,betula,betula_papyrifera,,346,17.06,27.62,
Bepa_WarmS/WarmF_B3_R11_nitro,3,WarmS/WarmF_nitro,betula,betula_papyrifera,,346,10.31,14.48,
Bepa_WarmS/WarmF_B3_R12_nitro,3,WarmS/WarmF_nitro,betula,betula_papyrifera,,346,11.92,14.75,
Bepa_WarmS/WarmF_B3_R13_nitro,3,WarmS/WarmF_nitro,betula,betula_papyrifera,,346,21.1,19.31,
Bepa_WarmS/WarmF_B3_R14_nitro,3,WarmS/WarmF_nitro,betula,betula_papyrifera,,346,16.85,19.18,
Bepa_WarmS/WarmF_B3_R15_nitro,3,WarmS/WarmF_nitro,betula,betula_papyrifera,,346,9.41,10.11,
Pist_CoolS/CoolF_B1_R1,1,CoolS/CoolF,pinus,pinus_strobus,,346,59.53,96.99,
Pist_CoolS/CoolF_B1_R2,1,CoolS/CoolF,pinus,pinus_strobus,,346,40.6,69.02,
Pist_CoolS/CoolF_B1_R3,1,CoolS/CoolF,pinus,pinus_strobus,,346,19.58,49.56,
Pist_CoolS/CoolF_B1_R4,1,CoolS/CoolF,pinus,pinus_strobus,,346,6.74,23.77,
Pist_CoolS/CoolF_B1_R5,1,CoolS/CoolF,pinus,pinus_strobus,,346,34.5,54.95,
Pist_CoolS/CoolF_B2_R6,2,CoolS/CoolF,pinus,pinus_strobus,,,14.73,20.94,
Pist_CoolS/CoolF_B2_R7,2,CoolS/CoolF,pinus,pinus_strobus,,,12.31,25.47,
Pist_CoolS/CoolF_B2_R8,2,CoolS/CoolF,pinus,pinus_strobus,,,23.5,44.4,
Pist_CoolS/CoolF_B2_R9,2,CoolS/CoolF,pinus,pinus_strobus,,,23.66,50.91,
Pist_CoolS/CoolF_B2_R10,2,CoolS/CoolF,pinus,pinus_strobus,,,38.44,69.6,
Pist_CoolS/CoolF_B3_R11,3,CoolS/CoolF,pinus,pinus_strobus,,,22.52,40.82,
Pist_CoolS/CoolF_B3_R12,3,CoolS/CoolF,pinus,pinus_strobus,,,19.85,34.73,
Pist_CoolS/CoolF_B3_R13,3,CoolS/CoolF,pinus,pinus_strobus,,,30.22,34.41,
Pist_CoolS/CoolF_B3_R14,3,CoolS/CoolF,pinus,pinus_strobus,,,7.96,21.99,
Pist_CoolS/CoolF_B3_R15,3,CoolS/CoolF,pinus,pinus_strobus,,,24.36,51.74,
Pist_CoolS/CoolF_B1_R1_nitro,1,CoolS/CoolF_nitro,pinus,pinus_strobus,,346,21.71,20.63,
Pist_CoolS/CoolF_B1_R2_nitro,1,CoolS/CoolF_nitro,pinus,pinus_strobus,,346,24.34,49.52,
Pist_CoolS/CoolF_B1_R3_nitro,1,CoolS/CoolF_nitro,pinus,pinus_strobus,,346,36.73,62.22,
Pist_CoolS/CoolF_B1_R4_nitro,1,CoolS/CoolF_nitro,pinus,pinus_strobus,,346,16.94,41.39,
Pist_CoolS/CoolF_B1_R5_nitro,1,CoolS/CoolF_nitro,pinus,pinus_strobus,,346,16.9,24.83,
Pist_CoolS/CoolF_B2_R6_nitro,2,CoolS/CoolF_nitro,pinus,pinus_strobus,,,19.6,34.52,
Pist_CoolS/CoolF_B2_R7_nitro,2,CoolS/CoolF_nitro,pinus,pinus_strobus,,,38.34,90.64,
Pist_CoolS/CoolF_B2_R8_nitro,2,CoolS/CoolF_nitro,pinus,pinus_strobus,,,12.93,30.06,
Pist_CoolS/CoolF_B2_R9_nitro,2,CoolS/CoolF_nitro,pinus,pinus_strobus,,,52.86,70.38,
Pist_CoolS/CoolF_B2_R10_nitro,2,CoolS/CoolF_nitro,pinus,pinus_strobus,,,8.91,24.31,
Pist_CoolS/CoolF_B3_R11_nitro,3,CoolS/CoolF_nitro,pinus,pinus_strobus,,,11,20.44,
Pist_CoolS/CoolF_B3_R12_nitro,3,CoolS/CoolF_nitro,pinus,pinus_strobus,,,39.56,64.25,
Pist_CoolS/CoolF_B3_R13_nitro,3,CoolS/CoolF_nitro,pinus,pinus_strobus,,,23.19,37.51,
Pist_CoolS/CoolF_B3_R14_nitro,3,CoolS/CoolF_nitro,pinus,pinus_strobus,,,10.79,24.74,
Pist_CoolS/CoolF_B3_R15_nitro,3,CoolS/CoolF_nitro,pinus,pinus_strobus,,,14.19,36.01,
Pist_CoolS/WarmF_B1_R1,1,CoolS/WarmF,pinus,pinus_strobus,,346,24.32,53.81,
Pist_CoolS/WarmF_B1_R2,1,CoolS/WarmF,pinus,pinus_strobus,,346,10.3,25.08,
Pist_CoolS/WarmF_B1_R3,1,CoolS/WarmF,pinus,pinus_strobus,,346,24.25,41.9,
Pist_CoolS/WarmF_B1_R4,1,CoolS/WarmF,pinus,pinus_strobus,,346,17.16,36.37,
Pist_CoolS/WarmF_B1_R5,1,CoolS/WarmF,pinus,pinus_strobus,,346,15.64,26.44,
Pist_CoolS/WarmF_B2_R6,2,CoolS/WarmF,pinus,pinus_strobus,,,7.43,19.56,
Pist_CoolS/WarmF_B2_R7,2,CoolS/WarmF,pinus,pinus_strobus,,,38.09,73.66,
Pist_CoolS/WarmF_B2_R8,2,CoolS/WarmF,pinus,pinus_strobus,,,18.51,47.45,
Pist_CoolS/WarmF_B2_R9,2,CoolS/WarmF,pinus,pinus_strobus,,,73.84,39.21,
Pist_CoolS/WarmF_B2_R10,2,CoolS/WarmF,pinus,pinus_strobus,,,42.43,61.31,
Pist_CoolS/WarmF_B3_R11,3,CoolS/WarmF,pinus,pinus_strobus,,,14.45,34.35,
Pist_CoolS/WarmF_B3_R12,3,CoolS/WarmF,pinus,pinus_strobus,,,22.89,40.36,
Pist_CoolS/WarmF_B3_R13,3,CoolS/WarmF,pinus,pinus_strobus,,,26.16,47.37,
Pist_CoolS/WarmF_B3_R14,3,CoolS/WarmF,pinus,pinus_strobus,,,34.84,60.17,
Pist_CoolS/WarmF_B3_R15,3,CoolS/WarmF,pinus,pinus_strobus,,,7.27,17.29,
Pist_WarmS/CoolF_B1_R1,1,WarmS/CoolF,pinus,pinus_strobus,,346,13.79,43.77,
Pist_WarmS/CoolF_B1_R2,1,WarmS/CoolF,pinus,pinus_strobus,,346,16.67,19.14,
Pist_WarmS/CoolF_B1_R3,1,WarmS/CoolF,pinus,pinus_strobus,,346,36.82,69.6,
Pist_WarmS/CoolF_B1_R4,1,WarmS/CoolF,pinus,pinus_strobus,,346,11.29,30.15,
Pist_WarmS/CoolF_B1_R5,1,WarmS/CoolF,pinus,pinus_strobus,,346,8.39,8.56,
Pist_WarmS/CoolF_B2_R6,2,WarmS/CoolF,pinus,pinus_strobus,,,44.96,69.41,
Pist_WarmS/CoolF_B2_R7,2,WarmS/CoolF,pinus,pinus_strobus,,,14.26,35.47,
Pist_WarmS/CoolF_B2_R8,2,WarmS/CoolF,pinus,pinus_strobus,,,21.32,50.72,
Pist_WarmS/CoolF_B2_R9,2,WarmS/CoolF,pinus,pinus_strobus,,,27.03,47.92,
Pist_WarmS/CoolF_B2_R10,2,WarmS/CoolF,pinus,pinus_strobus,,,20.76,39.99,
Pist_WarmS/CoolF_B3_R11,3,WarmS/CoolF,pinus,pinus_strobus,,,5.03,13.34,
Pist_WarmS/CoolF_B3_R12,3,WarmS/CoolF,pinus,pinus_strobus,,,24.09,27.77,
Pist_WarmS/CoolF_B3_R13,3,WarmS/CoolF,pinus,pinus_strobus,,,12.56,20.63,
Pist_WarmS/CoolF_B3_R14,3,WarmS/CoolF,pinus,pinus_strobus,,,54.94,80.6,
Pist_WarmS/CoolF_B3_R15,3,WarmS/CoolF,pinus,pinus_strobus,,,20.2,36.77,
Pist_WarmS/WarmF_B1_R1,1,WarmS/WarmF,pinus,pinus_strobus,,346,29.7,61.49,
Pist_WarmS/WarmF_B1_R2,1,WarmS/WarmF,pinus,pinus_strobus,,346,30.06,41.42,
Pist_WarmS/WarmF_B1_R3,1,WarmS/WarmF,pinus,pinus_strobus,,346,13.81,44.69,
Pist_WarmS/WarmF_B1_R4,1,WarmS/WarmF,pinus,pinus_strobus,,346,7.9,21.34,
Pist_WarmS/WarmF_B1_R5,1,WarmS/WarmF,pinus,pinus_strobus,,346,26.6,16.14,
Pist_WarmS/WarmF_B2_R6,2,WarmS/WarmF,pinus,pinus_strobus,,,15.96,40.76,
Pist_WarmS/WarmF_B2_R7,2,WarmS/WarmF,pinus,pinus_strobus,,,16.79,45.4,
Pist_WarmS/WarmF_B2_R8,2,WarmS/WarmF,pinus,pinus_strobus,,,27.22,59.33,
Pist_WarmS/WarmF_B2_R9,2,WarmS/WarmF,pinus,pinus_strobus,,,27.38,43.07,
Pist_WarmS/WarmF_B2_R10,2,WarmS/WarmF,pinus,pinus_strobus,,,52.07,88.47,
Pist_WarmS/WarmF_B3_R11,3,WarmS/WarmF,pinus,pinus_strobus,,,10.87,19.05,
Pist_WarmS/WarmF_B3_R12,3,WarmS/WarmF,pinus,pinus_strobus,,,23.62,43.31,
Pist_WarmS/WarmF_B3_R13,3,WarmS/WarmF,pinus,pinus_strobus,,,18.29,33.81,
Pist_WarmS/WarmF_B3_R14,3,WarmS/WarmF,pinus,pinus_strobus,,,11.29,21.93,
Pist_WarmS/WarmF_B3_R15,3,WarmS/WarmF,pinus,pinus_strobus,,,12.89,27.83,
Pist_WarmS/WarmF_B1_R1_nitro,1,WarmS/WarmF_nitro,pinus,pinus_strobus,,346,16.73,36.37,
Pist_WarmS/WarmF_B1_R2_nitro,1,WarmS/WarmF_nitro,pinus,pinus_strobus,,346,23.87,42.48,
Pist_WarmS/WarmF_B1_R3_nitro,1,WarmS/WarmF_nitro,pinus,pinus_strobus,,346,16.87,37.1,
Pist_WarmS/WarmF_B1_R4_nitro,1,WarmS/WarmF_nitro,pinus,pinus_strobus,,346,15.13,34.64,
Pist_WarmS/WarmF_B1_R5_nitro,1,WarmS/WarmF_nitro,pinus,pinus_strobus,,346,18.65,49.72,
Pist_WarmS/WarmF_B2_R6_nitro,2,WarmS/WarmF_nitro,pinus,pinus_strobus,,,17.66,49.89,
Pist_WarmS/WarmF_B2_R7_nitro,2,WarmS/WarmF_nitro,pinus,pinus_strobus,,,10.42,33.12,
Pist_WarmS/WarmF_B2_R8_nitro,2,WarmS/WarmF_nitro,pinus,pinus_strobus,dead,,na,na,
Pist_WarmS/WarmF_B2_R9_nitro,2,WarmS/WarmF_nitro,pinus,pinus_strobus,,,45.89,47.58,
Pist_WarmS/WarmF_B2_R10_nitro,2,WarmS/WarmF_nitro,pinus,pinus_strobus,,,37.35,58.99,
Pist_WarmS/WarmF_B3_R11_nitro,3,WarmS/WarmF_nitro,pinus,pinus_strobus,,,18.05,42.85,
Pist_WarmS/WarmF_B3_R12_nitro,3,WarmS/WarmF_nitro,pinus,pinus_strobus,,,10.31,17.19,
Pist_WarmS/WarmF_B3_R13_nitro,3,WarmS/WarmF_nitro,pinus,pinus_strobus,,,10.7,33.02,
Pist_WarmS/WarmF_B3_R14_nitro,3,WarmS/WarmF_nitro,pinus,pinus_strobus,,,44.84,75.38,
Pist_WarmS/WarmF_B3_R15_nitro,3,WarmS/WarmF_nitro,pinus,pinus_strobus,,,19.81,32.8,
Poba_CoolS/CoolF_B1_R1,1,CoolS/CoolF,populus,populus_balsamifera,,346,9.57,13.33,
Poba_CoolS/CoolF_B1_R2,1,CoolS/CoolF,populus,populus_balsamifera,,346,10.09,19.35,
Poba_CoolS/CoolF_B1_R3,1,CoolS/CoolF,populus,populus_balsamifera,,346,10.53,16.6,
Poba_CoolS/CoolF_B1_R4,1,CoolS/CoolF,populus,populus_balsamifera,,346,11.77,11.75,
Poba_CoolS/CoolF_B1_R5,1,CoolS/CoolF,populus,populus_balsamifera,,346,13.65,11.79,
Poba_CoolS/CoolF_B2_R6,2,CoolS/CoolF,populus,populus_balsamifera,,349,7.65,4.64,
Poba_CoolS/CoolF_B2_R7,2,CoolS/CoolF,populus,populus_balsamifera,,349,9.47,8.91,
Poba_CoolS/CoolF_B2_R8,2,CoolS/CoolF,populus,populus_balsamifera,,349,12.46,10.3,
Poba_CoolS/CoolF_B2_R9,2,CoolS/CoolF,populus,populus_balsamifera,,349,9.85,9.02,
Poba_CoolS/CoolF_B2_R10,2,CoolS/CoolF,populus,populus_balsamifera,,349,15.35,11.44,
Poba_CoolS/CoolF_B3_R11,3,CoolS/CoolF,populus,populus_balsamifera,,349,6.28,5.26,
Poba_CoolS/CoolF_B3_R13,3,CoolS/CoolF,populus,populus_balsamifera,,349,10.18,7.71,
Poba_CoolS/CoolF_B3_R14,3,CoolS/CoolF,populus,populus_balsamifera,,349,6.95,8.19,
Poba_CoolS/CoolF_B3_R15,3,CoolS/CoolF,populus,populus_balsamifera,,349,14.54,12.16,
Poba_CoolS/CoolF_B1_R1_nitro,1,CoolS/CoolF_nitro,populus,populus_balsamifera,,346,11.76,12.07,
Poba_CoolS/CoolF_B1_R2_nitro,1,CoolS/CoolF_nitro,populus,populus_balsamifera,,346,11.12,9.65,
Poba_CoolS/CoolF_B1_R3_nitro,1,CoolS/CoolF_nitro,populus,populus_balsamifera,,346,10.1,13.71,
Poba_CoolS/CoolF_B1_R4_nitro,1,CoolS/CoolF_nitro,populus,populus_balsamifera,,346,15.78,17.81,
Poba_CoolS/CoolF_B1_R5_nitro,1,CoolS/CoolF_nitro,populus,populus_balsamifera,,346,11.58,16.67,
Poba_CoolS/CoolF_B2_R6_nitro,2,CoolS/CoolF_nitro,populus,populus_balsamifera,,349,11.04,12.31,
Poba_CoolS/CoolF_B2_R7_nitro,2,CoolS/CoolF_nitro,populus,populus_balsamifera,,349,15.63,22.69,
Poba_CoolS/CoolF_B2_R8_nitro,2,CoolS/CoolF_nitro,populus,populus_balsamifera,,349,9.83,11.66,
Poba_CoolS/CoolF_B2_R9_nitro,2,CoolS/CoolF_nitro,populus,populus_balsamifera,,349,9.71,11.08,
Poba_CoolS/CoolF_B2_R10_nitro,2,CoolS/CoolF_nitro,populus,populus_balsamifera,,349,21.18,18.7,
Poba_CoolS/CoolF_B3_R11_nitro,3,CoolS/CoolF_nitro,populus,populus_balsamifera,,349,14.4,11.15,
Poba_CoolS/CoolF_B3_R12_nitro,3,CoolS/CoolF_nitro,populus,populus_balsamifera,,349,17.88,15.08,
Poba_CoolS/CoolF_B3_R13_nitro,3,CoolS/CoolF_nitro,populus,populus_balsamifera,,349,18.33,9.82,
Poba_CoolS/CoolF_B3_R14_nitro,3,CoolS/CoolF_nitro,populus,populus_balsamifera,,349,11.17,10.07,
Poba_CoolS/CoolF_B3_R15_nitro,3,CoolS/CoolF_nitro,populus,populus_balsamifera,,349,11.15,12.38,
Poba_CoolS/WarmF_B1_R1,1,CoolS/WarmF,populus,populus_balsamifera,,346,10.12,17.36,
Poba_CoolS/WarmF_B1_R2,1,CoolS/WarmF,populus,populus_balsamifera,,346,9.86,16.41,
Poba_CoolS/WarmF_B1_R3,1,CoolS/WarmF,populus,populus_balsamifera,,346,9.74,14.5,
Poba_CoolS/WarmF_B1_R4,1,CoolS/WarmF,populus,populus_balsamifera,,346,12.18,16.28,
Poba_CoolS/WarmF_B1_R5,1,CoolS/WarmF,populus,populus_balsamifera,,346,12.94,16.43,
Poba_CoolS/WarmF_B2_R6,2,CoolS/WarmF,populus,populus_balsamifera,,349,10.98,11.42,
Poba_CoolS/WarmF_B2_R7,2,CoolS/WarmF,populus,populus_balsamifera,,349,9.97,15.25,
Poba_CoolS/WarmF_B2_R8,2,CoolS/WarmF,populus,populus_balsamifera,,349,8.15,12.47,
Poba_CoolS/WarmF_B2_R9,2,CoolS/WarmF,populus,populus_balsamifera,,349,11.08,21.88,
Poba_CoolS/WarmF_B2_R10,2,CoolS/WarmF,populus,populus_balsamifera,,349,12.13,11.14,
Poba_CoolS/WarmF_B3_R11,3,CoolS/WarmF,populus,populus_balsamifera,,349,14.33,15.2,
Poba_CoolS/WarmF_B3_R12,3,CoolS/WarmF,populus,populus_balsamifera,,349,19.16,16.02,
Poba_CoolS/WarmF_B3_R13,3,CoolS/WarmF,populus,populus_balsamifera,,349,10.35,12.55,
Poba_CoolS/WarmF_B3_R14,3,CoolS/WarmF,populus,populus_balsamifera,,349,17.91,21.47,
Poba_CoolS/WarmF_B3_R15,3,CoolS/WarmF,populus,populus_balsamifera,,349,10.6,13.79,
Poba_WarmS/CoolF_B1_R1,1,WarmS/CoolF,populus,populus_balsamifera,,346,14.64,16.48,
Poba_WarmS/CoolF_B1_R2,1,WarmS/CoolF,populus,populus_balsamifera,,346,10.19,21.84,
Poba_WarmS/CoolF_B1_R3,1,WarmS/CoolF,populus,populus_balsamifera,,346,11.07,12.4,
Poba_WarmS/CoolF_B1_R4,1,WarmS/CoolF,populus,populus_balsamifera,,346,13.82,18.75,
Poba_WarmS/CoolF_B1_R5,1,WarmS/CoolF,populus,populus_balsamifera,,346,8.33,7.52,
Poba_WarmS/CoolF_B2_R7,2,WarmS/CoolF,populus,populus_balsamifera,,349,18.52,18.83,
Poba_WarmS/CoolF_B2_R9,2,WarmS/CoolF,populus,populus_balsamifera,,349,15.15,8.63,
Poba_WarmS/CoolF_B2_R10,2,WarmS/CoolF,populus,populus_balsamifera,,349,13.35,12.49,
Poba_WarmS/CoolF_B3_R11,3,WarmS/CoolF,populus,populus_balsamifera,,349,8.02,7.75,
Poba_WarmS/CoolF_B3_R12,3,WarmS/CoolF,populus,populus_balsamifera,,349,17.35,14.85,
Poba_WarmS/CoolF_B3_R13,3,WarmS/CoolF,populus,populus_balsamifera,,349,11.02,10.54,
Poba_WarmS/CoolF_B3_R14,3,WarmS/CoolF,populus,populus_balsamifera,,349,13.14,16.6,
Poba_WarmS/CoolF_B3_R15,3,WarmS/CoolF,populus,populus_balsamifera,,349,10.69,13.76,
Poba_WarmS/WarmF_B1_R1,1,WarmS/WarmF,populus,populus_balsamifera,,346,13.46,18.65,
Poba_WarmS/WarmF_B1_R2,1,WarmS/WarmF,populus,populus_balsamifera,,346,13.07,19.38,
Poba_WarmS/WarmF_B1_R3,1,WarmS/WarmF,populus,populus_balsamifera,,346,10.17,16.88,
Poba_WarmS/WarmF_B1_R4,1,WarmS/WarmF,populus,populus_balsamifera,,346,11.59,21.49,
Poba_WarmS/WarmF_B1_R5,1,WarmS/WarmF,populus,populus_balsamifera,,346,16.16,23.58,
Poba_WarmS/WarmF_B2_R6,2,WarmS/WarmF,populus,populus_balsamifera,,349,15.89,23.02,
Poba_WarmS/WarmF_B2_R7,2,WarmS/WarmF,populus,populus_balsamifera,,349,10.25,12.47,
Poba_WarmS/WarmF_B2_R8,2,WarmS/WarmF,populus,populus_balsamifera,,349,9.05,13,
Poba_WarmS/WarmF_B2_R9,2,WarmS/WarmF,populus,populus_balsamifera,,349,15.03,15.59,
Poba_WarmS/WarmF_B2_R10,2,WarmS/WarmF,populus,populus_balsamifera,,349,12.54,16.62,
Poba_WarmS/WarmF_B3_R11,3,WarmS/WarmF,populus,populus_balsamifera,,349,11.25,11.75,
Poba_WarmS/WarmF_B3_R12,3,WarmS/WarmF,populus,populus_balsamifera,,349,8.26,3.76,
Poba_WarmS/WarmF_B3_R13,3,WarmS/WarmF,populus,populus_balsamifera,,349,10.84,9.14,
Poba_WarmS/WarmF_B3_R14,3,WarmS/WarmF,populus,populus_balsamifera,,349,10.98,10.32,
Poba_WarmS/WarmF_B3_R15,3,WarmS/WarmF,populus,populus_balsamifera,,349,10.46,8.85,
Poba_WarmS/WarmF_B1_R1_nitro,1,WarmS/WarmF_nitro,populus,populus_balsamifera,,346,13.77,25.03,
Poba_WarmS/WarmF_B1_R2_nitro,1,WarmS/WarmF_nitro,populus,populus_balsamifera,,346,12.79,14.93,
Poba_WarmS/WarmF_B1_R3_nitro,1,WarmS/WarmF_nitro,populus,populus_balsamifera,,346,12.13,15.69,
Poba_WarmS/WarmF_B1_R4_nitro,1,WarmS/WarmF_nitro,populus,populus_balsamifera,,346,6.75,6.65,
Poba_WarmS/WarmF_B1_R5_nitro,1,WarmS/WarmF_nitro,populus,populus_balsamifera,,346,12.96,11.95,
Poba_WarmS/WarmF_B2_R6_nitro,2,WarmS/WarmF_nitro,populus,populus_balsamifera,,349,14.67,24.81,
Poba_WarmS/WarmF_B2_R7_nitro,2,WarmS/WarmF_nitro,populus,populus_balsamifera,,349,10.19,24.56,
Poba_WarmS/WarmF_B2_R8_nitro,2,WarmS/WarmF_nitro,populus,populus_balsamifera,,349,10.25,16.96,
Poba_WarmS/WarmF_B2_R10_nitro,2,WarmS/WarmF_nitro,populus,populus_balsamifera,,349,8.75,16.36,
Poba_WarmS/WarmF_B3_R11_nitro,3,WarmS/WarmF_nitro,populus,populus_balsamifera,,349,14.38,19.04,
Poba_WarmS/WarmF_B3_R12_nitro,3,WarmS/WarmF_nitro,populus,populus_balsamifera,,349,14.69,18.31,
Poba_WarmS/WarmF_B3_R13_nitro,3,WarmS/WarmF_nitro,populus,populus_balsamifera,,349,14.54,14.84,
Poba_WarmS/WarmF_B3_R14_nitro,3,WarmS/WarmF_nitro,populus,populus_balsamifera,,349,19.82,14.42,
Poba_WarmS/WarmF_B3_R15_nitro,3,WarmS/WarmF_nitro,populus,populus_balsamifera,,349,15.18,18.93,
Prvi_CoolS/CoolF_B1_R1,1,CoolS/CoolF,prunus,prunus_virginiana,,,2.29,18.43,
Prvi_CoolS/CoolF_B1_R2,1,CoolS/CoolF,prunus,prunus_virginiana,,,1.94,11.69,
Prvi_CoolS/CoolF_B1_R3,1,CoolS/CoolF,prunus,prunus_virginiana,,,1.62,7.4,
Prvi_CoolS/CoolF_B1_R4,1,CoolS/CoolF,prunus,prunus_virginiana,,,1.43,10.77,
Prvi_CoolS/CoolF_B1_R5,1,CoolS/CoolF,prunus,prunus_virginiana,,,1.59,11.86,
Prvi_CoolS/CoolF_B2_R6,2,CoolS/CoolF,prunus,prunus_virginiana,,,3.91,13.8,
Prvi_CoolS/CoolF_B2_R7,2,CoolS/CoolF,prunus,prunus_virginiana,,,2.08,9.43,
Prvi_CoolS/CoolF_B2_R8,2,CoolS/CoolF,prunus,prunus_virginiana,,,1.45,7.55,
Prvi_CoolS/CoolF_B2_R9,2,CoolS/CoolF,prunus,prunus_virginiana,,,2.61,16.2,
Prvi_CoolS/CoolF_B2_R10,2,CoolS/CoolF,prunus,prunus_virginiana,,,3.01,10.74,
Prvi_CoolS/CoolF_B3_R11,3,CoolS/CoolF,prunus,prunus_virginiana,,,1.14,7.15,
Prvi_CoolS/CoolF_B3_R12,3,CoolS/CoolF,prunus,prunus_virginiana,,,0.78,2.53,
Prvi_CoolS/CoolF_B3_R13,3,CoolS/CoolF,prunus,prunus_virginiana,,,0.94,4.32,
Prvi_CoolS/CoolF_B3_R14,3,CoolS/CoolF,prunus,prunus_virginiana,,,0.61,3.51,
Prvi_CoolS/CoolF_B3_R15,3,CoolS/CoolF,prunus,prunus_virginiana,,,1.96,8.79,
Prvi_CoolS/CoolF_B1_R1_nitro,1,CoolS/CoolF_nitro,prunus,prunus_virginiana,,,1.78,17.47,
Prvi_CoolS/CoolF_B1_R2_nitro,1,CoolS/CoolF_nitro,prunus,prunus_virginiana,,,1.35,11.6,
Prvi_CoolS/CoolF_B1_R3_nitro,1,CoolS/CoolF_nitro,prunus,prunus_virginiana,,,1.8,7.44,
Prvi_CoolS/CoolF_B1_R4_nitro,1,CoolS/CoolF_nitro,prunus,prunus_virginiana,,,1.57,14.15,
Prvi_CoolS/CoolF_B2_R6_nitro,2,CoolS/CoolF_nitro,prunus,prunus_virginiana,,,1.59,11.47,
Prvi_CoolS/CoolF_B2_R7_nitro,2,CoolS/CoolF_nitro,prunus,prunus_virginiana,,,1.81,15.58,
Prvi_CoolS/CoolF_B2_R8_nitro,2,CoolS/CoolF_nitro,prunus,prunus_virginiana,,,1.76,14.61,
Prvi_CoolS/CoolF_B2_R9_nitro,2,CoolS/CoolF_nitro,prunus,prunus_virginiana,,,1.94,13.12,
Prvi_CoolS/CoolF_B2_R10_nitro,2,CoolS/CoolF_nitro,prunus,prunus_virginiana,,,2.29,12.64,
Prvi_CoolS/CoolF_B3_R12_nitro,3,CoolS/CoolF_nitro,prunus,prunus_virginiana,,,0.99,4.19,
Prvi_CoolS/CoolF_B3_R13_nitro,3,CoolS/CoolF_nitro,prunus,prunus_virginiana,,,1.86,12.71,
Prvi_CoolS/CoolF_B3_R14_nitro,3,CoolS/CoolF_nitro,prunus,prunus_virginiana,,,2.82,12.69,
Prvi_CoolS/CoolF_B3_R15_nitro,3,CoolS/CoolF_nitro,prunus,prunus_virginiana,,,2.84,15.72,
Prvi_CoolS/WarmF_B1_R1,1,CoolS/WarmF,prunus,prunus_virginiana,,,1.98,12.64,
Prvi_CoolS/WarmF_B1_R2,1,CoolS/WarmF,prunus,prunus_virginiana,,,2.06,6.03,
Prvi_CoolS/WarmF_B1_R3,1,CoolS/WarmF,prunus,prunus_virginiana,,,1.77,17.35,
Prvi_CoolS/WarmF_B1_R4,1,CoolS/WarmF,prunus,prunus_virginiana,,,1.53,13.63,
Prvi_CoolS/WarmF_B1_R5,1,CoolS/WarmF,prunus,prunus_virginiana,,,2.18,14.28,
Prvi_CoolS/WarmF_B2_R7,2,CoolS/WarmF,prunus,prunus_virginiana,,,1.62,11.2,
Prvi_CoolS/WarmF_B2_R8,2,CoolS/WarmF,prunus,prunus_virginiana,,,1.56,1.9,
Prvi_CoolS/WarmF_B2_R9,2,CoolS/WarmF,prunus,prunus_virginiana,,,4.33,15.76,
Prvi_CoolS/WarmF_B2_R10,2,CoolS/WarmF,prunus,prunus_virginiana,,,2.91,10.22,
Prvi_CoolS/WarmF_B3_R11,3,CoolS/WarmF,prunus,prunus_virginiana,,,1.58,8.13,
Prvi_CoolS/WarmF_B3_R12,3,CoolS/WarmF,prunus,prunus_virginiana,,,1.52,9.29,
Prvi_CoolS/WarmF_B3_R13,3,CoolS/WarmF,prunus,prunus_virginiana,,,1.66,15.2,
Prvi_CoolS/WarmF_B3_R14,3,CoolS/WarmF,prunus,prunus_virginiana,,,1.36,9.21,
Prvi_CoolS/WarmF_B3_R15,3,CoolS/WarmF,prunus,prunus_virginiana,,,1.87,6.39,
Prvi_WarmS/CoolF_B1_R1,1,WarmS/CoolF,prunus,prunus_virginiana,,,1.65,11.44,
Prvi_WarmS/CoolF_B1_R2,1,WarmS/CoolF,prunus,prunus_virginiana,,,1.98,12.66,
Prvi_WarmS/CoolF_B1_R3,1,WarmS/CoolF,prunus,prunus_virginiana,,,2.76,14.87,
Prvi_WarmS/CoolF_B1_R4,1,WarmS/CoolF,prunus,prunus_virginiana,,,1.59,10.71,
Prvi_WarmS/CoolF_B1_R5,1,WarmS/CoolF,prunus,prunus_virginiana,,,2.15,20.76,
Prvi_WarmS/CoolF_B2_R6,2,WarmS/CoolF,prunus,prunus_virginiana,,,3.78,18.65,
Prvi_WarmS/CoolF_B2_R7,2,WarmS/CoolF,prunus,prunus_virginiana,,,1.82,6.5,
Prvi_WarmS/CoolF_B2_R8,2,WarmS/CoolF,prunus,prunus_virginiana,,,1.77,11.58,
Prvi_WarmS/CoolF_B2_R9,2,WarmS/CoolF,prunus,prunus_virginiana,,,5.15,20.48,
Prvi_WarmS/CoolF_B3_R12,3,WarmS/CoolF,prunus,prunus_virginiana,,,2.47,14.87,
Prvi_WarmS/CoolF_B3_R13,3,WarmS/CoolF,prunus,prunus_virginiana,,,2.04,6.96,
Prvi_WarmS/CoolF_B3_R14,3,WarmS/CoolF,prunus,prunus_virginiana,,,1.93,11.04,
Prvi_WarmS/WarmF_B1_R1,1,WarmS/WarmF,prunus,prunus_virginiana,,,2.53,13.15,
Prvi_WarmS/WarmF_B1_R3,1,WarmS/WarmF,prunus,prunus_virginiana,,,2.94,19.2,
Prvi_WarmS/WarmF_B1_R4,1,WarmS/WarmF,prunus,prunus_virginiana,,,1.51,8.11,
Prvi_WarmS/WarmF_B1_R5,1,WarmS/WarmF,prunus,prunus_virginiana,,,2.7,20.05,
Prvi_WarmS/WarmF_B2_R6,2,WarmS/WarmF,prunus,prunus_virginiana,,,3.42,16.37,
Prvi_WarmS/WarmF_B2_R7,2,WarmS/WarmF,prunus,prunus_virginiana,,,2.17,6.99,
Prvi_WarmS/WarmF_B2_R8,2,WarmS/WarmF,prunus,prunus_virginiana,,,3.1,22.44,
Prvi_WarmS/WarmF_B2_R9,2,WarmS/WarmF,prunus,prunus_virginiana,,,2.23,12.02,
Prvi_WarmS/WarmF_B3_R11,3,WarmS/WarmF,prunus,prunus_virginiana,,,2.14,9.94,
Prvi_WarmS/WarmF_B3_R12,3,WarmS/WarmF,prunus,prunus_virginiana,,,1.46,7.93,
Prvi_WarmS/WarmF_B3_R13,3,WarmS/WarmF,prunus,prunus_virginiana,,,2.03,16.63,
Prvi_WarmS/WarmF_B3_R14,3,WarmS/WarmF,prunus,prunus_virginiana,,,1.25,9.55,
Prvi_WarmS/WarmF_B3_R15,3,WarmS/WarmF,prunus,prunus_virginiana,,,2.33,11.43,
Prvi_WarmS/WarmF_B1_R1_nitro,1,WarmS/WarmF_nitro,prunus,prunus_virginiana,,,0.99,9.3,
Prvi_WarmS/WarmF_B1_R2_nitro,1,WarmS/WarmF_nitro,prunus,prunus_virginiana,,,1.77,11.47,
Prvi_WarmS/WarmF_B1_R3_nitro,1,WarmS/WarmF_nitro,prunus,prunus_virginiana,,,1.92,12.93,
Prvi_WarmS/WarmF_B1_R4_nitro,1,WarmS/WarmF_nitro,prunus,prunus_virginiana,,,3.27,18.88,
Prvi_WarmS/WarmF_B1_R5_nitro,1,WarmS/WarmF_nitro,prunus,prunus_virginiana,,,2.3,12.62,
Prvi_WarmS/WarmF_B2_R7_nitro,2,WarmS/WarmF_nitro,prunus,prunus_virginiana,,,2.09,13.81,
Prvi_WarmS/WarmF_B2_R9_nitro,2,WarmS/WarmF_nitro,prunus,prunus_virginiana,,,0.95,5.31,
Prvi_WarmS/WarmF_B2_R10_nitro,2,WarmS/WarmF_nitro,prunus,prunus_virginiana,,,2.99,16.78,
Prvi_WarmS/WarmF_B3_R11_nitro,3,WarmS/WarmF_nitro,prunus,prunus_virginiana,,,2.37,12.52,
Prvi_WarmS/WarmF_B3_R12_nitro,3,WarmS/WarmF_nitro,prunus,prunus_virginiana,,,3.04,22.46,
Prvi_WarmS/WarmF_B3_R13_nitro,3,WarmS/WarmF_nitro,prunus,prunus_virginiana,,,2.75,12.67,
Prvi_WarmS/WarmF_B3_R14_nitro,3,WarmS/WarmF_nitro,prunus,prunus_virginiana,,,1.38,6.77,
Prvi_WarmS/WarmF_B3_R15_nitro,3,WarmS/WarmF_nitro,prunus,prunus_virginiana,,,1.53,5.71,
Quma_CoolS/CoolF_B1_R1,1,CoolS/CoolF,quercus,quercus_macrocarpa,,,11.08,54.12,
Quma_CoolS/CoolF_B1_R2,1,CoolS/CoolF,quercus,quercus_macrocarpa,,,12.01,33.42,
Quma_CoolS/CoolF_B1_R3,1,CoolS/CoolF,quercus,quercus_macrocarpa,,,8.85,24.6,
Quma_CoolS/CoolF_B1_R4,1,CoolS/CoolF,quercus,quercus_macrocarpa,,,13.94,61.33,
Quma_CoolS/CoolF_B1_R5,1,CoolS/CoolF,quercus,quercus_macrocarpa,,,6.5,32.15,
Quma_CoolS/CoolF_B2_R6,2,CoolS/CoolF,quercus,quercus_macrocarpa,,321,18.67,56.55,
Quma_CoolS/CoolF_B2_R7,2,CoolS/CoolF,quercus,quercus_macrocarpa,,,15.35,49.34,
Quma_CoolS/CoolF_B2_R8,2,CoolS/CoolF,quercus,quercus_macrocarpa,,,14.16,45.27,
Quma_CoolS/CoolF_B2_R9,2,CoolS/CoolF,quercus,quercus_macrocarpa,,,5.65,24.37,
Quma_CoolS/CoolF_B2_R10,2,CoolS/CoolF,quercus,quercus_macrocarpa,,,12.78,42.59,
Quma_CoolS/CoolF_B3_R11,3,CoolS/CoolF,quercus,quercus_macrocarpa,,311,9.66,39.73,
Quma_CoolS/CoolF_B3_R12,3,CoolS/CoolF,quercus,quercus_macrocarpa,,311,14.59,38.27,
Quma_CoolS/CoolF_B3_R13,3,CoolS/CoolF,quercus,quercus_macrocarpa,,311,18.36,40.97,
Quma_CoolS/CoolF_B3_R14,3,CoolS/CoolF,quercus,quercus_macrocarpa,,311,5.82,21.98,
Quma_CoolS/CoolF_B3_R15,3,CoolS/CoolF,quercus,quercus_macrocarpa,,311,16.52,62.28,
Quma_CoolS/CoolF_B1_R1_nitro,1,CoolS/CoolF_nitro,quercus,quercus_macrocarpa,,,22.28,61.77,
Quma_CoolS/CoolF_B1_R2_nitro,1,CoolS/CoolF_nitro,quercus,quercus_macrocarpa,,,14.77,51.35,
Quma_CoolS/CoolF_B1_R3_nitro,1,CoolS/CoolF_nitro,quercus,quercus_macrocarpa,,,13.31,38.04,
Quma_CoolS/CoolF_B1_R4_nitro,1,CoolS/CoolF_nitro,quercus,quercus_macrocarpa,,,11.67,55.94,  
Quma_CoolS/CoolF_B1_R5_nitro,1,CoolS/CoolF_nitro,quercus,quercus_macrocarpa,,,13.51,55.18,
Quma_CoolS/CoolF_B2_R6_nitro,2,CoolS/CoolF_nitro,quercus,quercus_macrocarpa,,,7.29,30.39,
Quma_CoolS/CoolF_B2_R7_nitro,2,CoolS/CoolF_nitro,quercus,quercus_macrocarpa,,,7.25,21.68,
Quma_CoolS/CoolF_B2_R8_nitro,2,CoolS/CoolF_nitro,quercus,quercus_macrocarpa,,,19.29,54.55,
Quma_CoolS/CoolF_B2_R9_nitro,2,CoolS/CoolF_nitro,quercus,quercus_macrocarpa,,,6.47,20.78,
Quma_CoolS/CoolF_B2_R10_nitro,2,CoolS/CoolF_nitro,quercus,quercus_macrocarpa,,,18.37,40.85,
Quma_CoolS/CoolF_B3_R11_nitro,3,CoolS/CoolF_nitro,quercus,quercus_macrocarpa,,311,7.81,26.77,
Quma_CoolS/CoolF_B3_R12_nitro,3,CoolS/CoolF_nitro,quercus,quercus_macrocarpa,,311,18.79,60.4,
Quma_CoolS/CoolF_B3_R13_nitro,3,CoolS/CoolF_nitro,quercus,quercus_macrocarpa,,311,8,32.24,
Quma_CoolS/CoolF_B3_R14_nitro,3,CoolS/CoolF_nitro,quercus,quercus_macrocarpa,,311,20.19,51.88,
Quma_CoolS/CoolF_B3_R15_nitro,3,CoolS/CoolF_nitro,quercus,quercus_macrocarpa,,311,22.35,83.53,
Quma_CoolS/WarmF_B1_R1,1,CoolS/WarmF,quercus,quercus_macrocarpa,,,20.69,58.42,
Quma_CoolS/WarmF_B1_R2,1,CoolS/WarmF,quercus,quercus_macrocarpa,,,8.76,33.19,
Quma_CoolS/WarmF_B1_R3,1,CoolS/WarmF,quercus,quercus_macrocarpa,,,12.45,44.83,
Quma_CoolS/WarmF_B1_R4,1,CoolS/WarmF,quercus,quercus_macrocarpa,,,14.59,44.47,
Quma_CoolS/WarmF_B1_R5,1,CoolS/WarmF,quercus,quercus_macrocarpa,,,7.98,29.83,
Quma_CoolS/WarmF_B2_R6,2,CoolS/WarmF,quercus,quercus_macrocarpa,,,10.79,57.83,
Quma_CoolS/WarmF_B2_R7,2,CoolS/WarmF,quercus,quercus_macrocarpa,,,6.81,35.54,
Quma_CoolS/WarmF_B2_R8,2,CoolS/WarmF,quercus,quercus_macrocarpa,,,11.67,22.54,
Quma_CoolS/WarmF_B2_R9,2,CoolS/WarmF,quercus,quercus_macrocarpa,,,17.82,70.75,
Quma_CoolS/WarmF_B2_R10,2,CoolS/WarmF,quercus,quercus_macrocarpa,,,11.03,67.19,
Quma_CoolS/WarmF_B3_R11,3,CoolS/WarmF,quercus,quercus_macrocarpa,,311,5.91,20.15,
Quma_CoolS/WarmF_B3_R12,3,CoolS/WarmF,quercus,quercus_macrocarpa,,311,9.83,46.06,
Quma_CoolS/WarmF_B3_R13,3,CoolS/WarmF,quercus,quercus_macrocarpa,,311,8.33,37.2,
Quma_CoolS/WarmF_B3_R14,3,CoolS/WarmF,quercus,quercus_macrocarpa,dead,311,NA,NA,
Quma_CoolS/WarmF_B3_R15,3,CoolS/WarmF,quercus,quercus_macrocarpa,,311,10.16,48.5,
Quma_WarmS/CoolF_B1_R1,1,WarmS/CoolF,quercus,quercus_macrocarpa,,,6.79,56.46,
Quma_WarmS/CoolF_B1_R2,1,WarmS/CoolF,quercus,quercus_macrocarpa,,,9.8,38.25,
Quma_WarmS/CoolF_B1_R3,1,WarmS/CoolF,quercus,quercus_macrocarpa,,,4.97,15.12,
Quma_WarmS/CoolF_B1_R4,1,WarmS/CoolF,quercus,quercus_macrocarpa,,,6.82,24.19,
Quma_WarmS/CoolF_B1_R5,1,WarmS/CoolF,quercus,quercus_macrocarpa,,,9.93,43.38,
Quma_WarmS/CoolF_B2_R6,2,WarmS/CoolF,quercus,quercus_macrocarpa,,,8.06,39.24,
Quma_WarmS/CoolF_B2_R7,2,WarmS/CoolF,quercus,quercus_macrocarpa,,,9.3,39.14,
Quma_WarmS/CoolF_B2_R8,2,WarmS/CoolF,quercus,quercus_macrocarpa,,,9.79,55.41,
Quma_WarmS/CoolF_B2_R9,2,WarmS/CoolF,quercus,quercus_macrocarpa,,,12.5,35.01,
Quma_WarmS/CoolF_B2_R10,2,WarmS/CoolF,quercus,quercus_macrocarpa,,,8.47,28.45,
Quma_WarmS/CoolF_B3_R11,3,WarmS/CoolF,quercus,quercus_macrocarpa,,311,12.21,42.83,
Quma_WarmS/CoolF_B3_R12,3,WarmS/CoolF,quercus,quercus_macrocarpa,,311,5.64,22.24,
Quma_WarmS/CoolF_B3_R13,3,WarmS/CoolF,quercus,quercus_macrocarpa,,311,6.79,21.58,
Quma_WarmS/CoolF_B3_R14,3,WarmS/CoolF,quercus,quercus_macrocarpa,,311,16.49,53.6,
Quma_WarmS/CoolF_B3_R15,3,WarmS/CoolF,quercus,quercus_macrocarpa,,311,10.36,48.38,
Quma_WarmS/WarmF_B1_R1,1,WarmS/WarmF,quercus,quercus_macrocarpa,,,11.38,61.14,
Quma_WarmS/WarmF_B1_R2,1,WarmS/WarmF,quercus,quercus_macrocarpa,,,12.19,53.43,
Quma_WarmS/WarmF_B1_R3,1,WarmS/WarmF,quercus,quercus_macrocarpa,,,7.53,38.39,
Quma_WarmS/WarmF_B1_R4,1,WarmS/WarmF,quercus,quercus_macrocarpa,,,12.29,55.25,
Quma_WarmS/WarmF_B1_R5,1,WarmS/WarmF,quercus,quercus_macrocarpa,,,17.41,38.53,
Quma_WarmS/WarmF_B2_R6,2,WarmS/WarmF,quercus,quercus_macrocarpa,dead,,NA,NA,
Quma_WarmS/WarmF_B2_R7,2,WarmS/WarmF,quercus,quercus_macrocarpa,,,4.2,11.66,
Quma_WarmS/WarmF_B2_R8,2,WarmS/WarmF,quercus,quercus_macrocarpa,,,7.83,56.11,
Quma_WarmS/WarmF_B2_R9,2,WarmS/WarmF,quercus,quercus_macrocarpa,,,10.04,54.09,
Quma_WarmS/WarmF_B2_R10,2,WarmS/WarmF,quercus,quercus_macrocarpa,,,6.14,22.19,
Quma_WarmS/WarmF_B3_R11,3,WarmS/WarmF,quercus,quercus_macrocarpa,,311,9.35,33.72,
Quma_WarmS/WarmF_B3_R12,3,WarmS/WarmF,quercus,quercus_macrocarpa,,311,10.41,33.53,
Quma_WarmS/WarmF_B3_R13,3,WarmS/WarmF,quercus,quercus_macrocarpa,,311,20.34,55.19,
Quma_WarmS/WarmF_B3_R14,3,WarmS/WarmF,quercus,quercus_macrocarpa,,311,12.08,32.12,
Quma_WarmS/WarmF_B3_R15,3,WarmS/WarmF,quercus,quercus_macrocarpa,,311,5.92,26.14,
Quma_WarmS/WarmF_B1_R1_nitro,1,WarmS/WarmF_nitro,quercus,quercus_macrocarpa,,,10.77,47.33,
Quma_WarmS/WarmF_B1_R2_nitro,1,WarmS/WarmF_nitro,quercus,quercus_macrocarpa,,,6.13,26.89,
Quma_WarmS/WarmF_B1_R3_nitro,1,WarmS/WarmF_nitro,quercus,quercus_macrocarpa,,,4.49,17.11,
Quma_WarmS/WarmF_B1_R4_nitro,1,WarmS/WarmF_nitro,quercus,quercus_macrocarpa,,,6.15,25.55,
Quma_WarmS/WarmF_B1_R5_nitro,1,WarmS/WarmF_nitro,quercus,quercus_macrocarpa,,,11.15,49.87,
Quma_WarmS/WarmF_B2_R6_nitro,2,WarmS/WarmF_nitro,quercus,quercus_macrocarpa,,,6.94,35.89,
Quma_WarmS/WarmF_B2_R7_nitro,2,WarmS/WarmF_nitro,quercus,quercus_macrocarpa,,,9.46,38.47,
Quma_WarmS/WarmF_B2_R8_nitro,2,WarmS/WarmF_nitro,quercus,quercus_macrocarpa,,,13.49,38.25,
Quma_WarmS/WarmF_B2_R9_nitro,2,WarmS/WarmF_nitro,quercus,quercus_macrocarpa,,,15.93,61.28,
Quma_WarmS/WarmF_B2_R10_nitro,2,WarmS/WarmF_nitro,quercus,quercus_macrocarpa,,,5.4,27.75,
Quma_WarmS/WarmF_B3_R11_nitro,3,WarmS/WarmF_nitro,quercus,quercus_macrocarpa,,311,5.8,34.44,
Quma_WarmS/WarmF_B3_R12_nitro,3,WarmS/WarmF_nitro,quercus,quercus_macrocarpa,,311,12.1,45.4,
Quma_WarmS/WarmF_B3_R13_nitro,3,WarmS/WarmF_nitro,quercus,quercus_macrocarpa,,311,10.12,41.71,
Quma_WarmS/WarmF_B3_R14_nitro,3,WarmS/WarmF_nitro,quercus,quercus_macrocarpa,,311,11.7,53.12,
Quma_WarmS/WarmF_B3_R15_nitro,3,WarmS/WarmF_nitro,quercus,quercus_macrocarpa,,311,7.48,38.96,
Segi_CoolS/CoolF_B1_R1,1,CoolS/CoolF,sequoiadendron,sequoiadendron_giganteum,,,,,
Segi_CoolS/CoolF_B1_R2,1,CoolS/CoolF,sequoiadendron,sequoiadendron_giganteum,,,35.38,47.81,
Segi_CoolS/CoolF_B1_R3,1,CoolS/CoolF,sequoiadendron,sequoiadendron_giganteum,,,,,
Segi_CoolS/CoolF_B1_R4,1,CoolS/CoolF,sequoiadendron,sequoiadendron_giganteum,,,15.5,18.84,
Segi_CoolS/CoolF_B1_R5,1,CoolS/CoolF,sequoiadendron,sequoiadendron_giganteum,,,15.29,16.5,
Segi_CoolS/CoolF_B2_R6,2,CoolS/CoolF,sequoiadendron,sequoiadendron_giganteum,,,30.8,46.47,
Segi_CoolS/CoolF_B2_R7,2,CoolS/CoolF,sequoiadendron,sequoiadendron_giganteum,,,33.66,58.75,
Segi_CoolS/CoolF_B2_R8,2,CoolS/CoolF,sequoiadendron,sequoiadendron_giganteum,,,22.08,40.49,
Segi_CoolS/CoolF_B2_R9,2,CoolS/CoolF,sequoiadendron,sequoiadendron_giganteum,,,19.74,22.01,
Segi_CoolS/CoolF_B2_R10,2,CoolS/CoolF,sequoiadendron,sequoiadendron_giganteum,,,26.22,38.18,
Segi_CoolS/CoolF_B3_R11,3,CoolS/CoolF,sequoiadendron,sequoiadendron_giganteum,,,,,
Segi_CoolS/CoolF_B3_R12,3,CoolS/CoolF,sequoiadendron,sequoiadendron_giganteum,,,14.05,15.57,
Segi_CoolS/CoolF_B3_R13,3,CoolS/CoolF,sequoiadendron,sequoiadendron_giganteum,,,,,
Segi_CoolS/CoolF_B3_R14,3,CoolS/CoolF,sequoiadendron,sequoiadendron_giganteum,,,11.88,11.61,
Segi_CoolS/CoolF_B3_R15,3,CoolS/CoolF,sequoiadendron,sequoiadendron_giganteum,,,24.99,25.56,
Segi_CoolS/CoolF_B1_R1_nitro,1,CoolS/CoolF_nitro,sequoiadendron,sequoiadendron_giganteum,,,,,
Segi_CoolS/CoolF_B1_R2_nitro,1,CoolS/CoolF_nitro,sequoiadendron,sequoiadendron_giganteum,,,19.54,24.46,
Segi_CoolS/CoolF_B1_R3_nitro,1,CoolS/CoolF_nitro,sequoiadendron,sequoiadendron_giganteum,,,35.56,44.88,
Segi_CoolS/CoolF_B1_R4_nitro,1,CoolS/CoolF_nitro,sequoiadendron,sequoiadendron_giganteum,,,16.82,23.17,
Segi_CoolS/CoolF_B1_R5_nitro,1,CoolS/CoolF_nitro,sequoiadendron,sequoiadendron_giganteum,,,29.01,39.98,
Segi_CoolS/CoolF_B2_R6_nitro,2,CoolS/CoolF_nitro,sequoiadendron,sequoiadendron_giganteum,,,17.25,27.39,
Segi_CoolS/CoolF_B2_R7_nitro,2,CoolS/CoolF_nitro,sequoiadendron,sequoiadendron_giganteum,,,29.06,64.31,
Segi_CoolS/CoolF_B2_R8_nitro,2,CoolS/CoolF_nitro,sequoiadendron,sequoiadendron_giganteum,,,33.78,63.08,
Segi_CoolS/CoolF_B2_R9_nitro,2,CoolS/CoolF_nitro,sequoiadendron,sequoiadendron_giganteum,,,15.37,14.76,
Segi_CoolS/CoolF_B2_R10_nitro,2,CoolS/CoolF_nitro,sequoiadendron,sequoiadendron_giganteum,,,,,
Segi_CoolS/CoolF_B3_R11_nitro,3,CoolS/CoolF_nitro,sequoiadendron,sequoiadendron_giganteum,,,25.2,36.45,
Segi_CoolS/CoolF_B3_R12_nitro,3,CoolS/CoolF_nitro,sequoiadendron,sequoiadendron_giganteum,,,30.79,45.38,
Segi_CoolS/CoolF_B3_R13_nitro,3,CoolS/CoolF_nitro,sequoiadendron,sequoiadendron_giganteum,,,30.6,52.68,
Segi_CoolS/CoolF_B3_R14_nitro,3,CoolS/CoolF_nitro,sequoiadendron,sequoiadendron_giganteum,,,30.11,38.04,
Segi_CoolS/CoolF_B3_R15_nitro,3,CoolS/CoolF_nitro,sequoiadendron,sequoiadendron_giganteum,,,,,
Segi_CoolS/WarmF_B1_R1,1,CoolS/WarmF,sequoiadendron,sequoiadendron_giganteum,,,26.79,34.21,
Segi_CoolS/WarmF_B1_R2,1,CoolS/WarmF,sequoiadendron,sequoiadendron_giganteum,,,35.15,50.05,
Segi_CoolS/WarmF_B1_R3,1,CoolS/WarmF,sequoiadendron,sequoiadendron_giganteum,,,,,
Segi_CoolS/WarmF_B1_R4,1,CoolS/WarmF,sequoiadendron,sequoiadendron_giganteum,,,,,
Segi_CoolS/WarmF_B1_R5,1,CoolS/WarmF,sequoiadendron,sequoiadendron_giganteum,,,,,
Segi_CoolS/WarmF_B2_R6,2,CoolS/WarmF,sequoiadendron,sequoiadendron_giganteum,,,27.72,48.09,
Segi_CoolS/WarmF_B2_R7,2,CoolS/WarmF,sequoiadendron,sequoiadendron_giganteum,,,,,
Segi_CoolS/WarmF_B2_R8,2,CoolS/WarmF,sequoiadendron,sequoiadendron_giganteum,,,36.2,49.77,
Segi_CoolS/WarmF_B2_R9,2,CoolS/WarmF,sequoiadendron,sequoiadendron_giganteum,,,24.25,32.09,
Segi_CoolS/WarmF_B2_R10,2,CoolS/WarmF,sequoiadendron,sequoiadendron_giganteum,,,25.92,39.06,
Segi_CoolS/WarmF_B3_R11,3,CoolS/WarmF,sequoiadendron,sequoiadendron_giganteum,,,33.62,51.09,
Segi_CoolS/WarmF_B3_R12,3,CoolS/WarmF,sequoiadendron,sequoiadendron_giganteum,,,,,
Segi_CoolS/WarmF_B3_R13,3,CoolS/WarmF,sequoiadendron,sequoiadendron_giganteum,,,23.24,31.86,
Segi_CoolS/WarmF_B3_R14,3,CoolS/WarmF,sequoiadendron,sequoiadendron_giganteum,,,41.91,59.87,
Segi_CoolS/WarmF_B3_R15,3,CoolS/WarmF,sequoiadendron,sequoiadendron_giganteum,,,41.19,65.76,
Segi_WarmS/CoolF_B1_R1,1,WarmS/CoolF,sequoiadendron,sequoiadendron_giganteum,,,21.14,25.87,
Segi_WarmS/CoolF_B1_R2,1,WarmS/CoolF,sequoiadendron,sequoiadendron_giganteum,,,,,
Segi_WarmS/CoolF_B1_R3,1,WarmS/CoolF,sequoiadendron,sequoiadendron_giganteum,,,,,
Segi_WarmS/CoolF_B1_R4,1,WarmS/CoolF,sequoiadendron,sequoiadendron_giganteum,,,,,
Segi_WarmS/CoolF_B1_R5,1,WarmS/CoolF,sequoiadendron,sequoiadendron_giganteum,,,4.74,3.04,
Segi_WarmS/CoolF_B2_R6,2,WarmS/CoolF,sequoiadendron,sequoiadendron_giganteum,,,52,102.04,
Segi_WarmS/CoolF_B2_R7,2,WarmS/CoolF,sequoiadendron,sequoiadendron_giganteum,,,35.19,60.99,
Segi_WarmS/CoolF_B2_R8,2,WarmS/CoolF,sequoiadendron,sequoiadendron_giganteum,,,35.83,54.2,
Segi_WarmS/CoolF_B2_R9,2,WarmS/CoolF,sequoiadendron,sequoiadendron_giganteum,,,28.44,49.65,
Segi_WarmS/CoolF_B2_R10,2,WarmS/CoolF,sequoiadendron,sequoiadendron_giganteum,,,5.77,3.29,
Segi_WarmS/CoolF_B3_R11,3,WarmS/CoolF,sequoiadendron,sequoiadendron_giganteum,,,15.73,23.04,
Segi_WarmS/CoolF_B3_R12,3,WarmS/CoolF,sequoiadendron,sequoiadendron_giganteum,,,28.36,29.88,
Segi_WarmS/CoolF_B3_R13,3,WarmS/CoolF,sequoiadendron,sequoiadendron_giganteum,,,38,54.6,
Segi_WarmS/CoolF_B3_R14,3,WarmS/CoolF,sequoiadendron,sequoiadendron_giganteum,,,27.58,36.08,
Segi_WarmS/CoolF_B3_R15,3,WarmS/CoolF,sequoiadendron,sequoiadendron_giganteum,,,,,
Segi_WarmS/WarmF_B1_R1,1,WarmS/WarmF,sequoiadendron,sequoiadendron_giganteum,,,32.95,42.14,
Segi_WarmS/WarmF_B1_R2,1,WarmS/WarmF,sequoiadendron,sequoiadendron_giganteum,,,,,
Segi_WarmS/WarmF_B1_R3,1,WarmS/WarmF,sequoiadendron,sequoiadendron_giganteum,,,,,
Segi_WarmS/WarmF_B1_R4,1,WarmS/WarmF,sequoiadendron,sequoiadendron_giganteum,,,,,
Segi_WarmS/WarmF_B1_R5,1,WarmS/WarmF,sequoiadendron,sequoiadendron_giganteum,,,14.27,14.62,
Segi_WarmS/WarmF_B2_R6,2,WarmS/WarmF,sequoiadendron,sequoiadendron_giganteum,,,24.84,40.42,
Segi_WarmS/WarmF_B2_R7,2,WarmS/WarmF,sequoiadendron,sequoiadendron_giganteum,,,36.05,48,
Segi_WarmS/WarmF_B2_R8,2,WarmS/WarmF,sequoiadendron,sequoiadendron_giganteum,,,,,
Segi_WarmS/WarmF_B2_R9,2,WarmS/WarmF,sequoiadendron,sequoiadendron_giganteum,,,18,25.61,
Segi_WarmS/WarmF_B2_R10,2,WarmS/WarmF,sequoiadendron,sequoiadendron_giganteum,,,,,
Segi_WarmS/WarmF_B3_R11,3,WarmS/WarmF,sequoiadendron,sequoiadendron_giganteum,,,,,
Segi_WarmS/WarmF_B3_R12,3,WarmS/WarmF,sequoiadendron,sequoiadendron_giganteum,,,23.6,30.13,
Segi_WarmS/WarmF_B3_R13,3,WarmS/WarmF,sequoiadendron,sequoiadendron_giganteum,,,31.43,34,
Segi_WarmS/WarmF_B3_R14,3,WarmS/WarmF,sequoiadendron,sequoiadendron_giganteum,,,14.47,15.12,
Segi_WarmS/WarmF_B3_R15,3,WarmS/WarmF,sequoiadendron,sequoiadendron_giganteum,,,39.03,46.17,
Segi_WarmS/WarmF_B1_R1_nitro,1,WarmS/WarmF_nitro,sequoiadendron,sequoiadendron_giganteum,,,24.38,36.78,
Segi_WarmS/WarmF_B1_R2_nitro,1,WarmS/WarmF_nitro,sequoiadendron,sequoiadendron_giganteum,,,7.74,6.78,
Segi_WarmS/WarmF_B1_R3_nitro,1,WarmS/WarmF_nitro,sequoiadendron,sequoiadendron_giganteum,,,27.09,47.97,
Segi_WarmS/WarmF_B1_R4_nitro,1,WarmS/WarmF_nitro,sequoiadendron,sequoiadendron_giganteum,,,,,
Segi_WarmS/WarmF_B1_R5_nitro,1,WarmS/WarmF_nitro,sequoiadendron,sequoiadendron_giganteum,,,18.71,29.54,
Segi_WarmS/WarmF_B2_R6_nitro,2,WarmS/WarmF_nitro,sequoiadendron,sequoiadendron_giganteum,,,31.13,51.46,
Segi_WarmS/WarmF_B2_R7_nitro,2,WarmS/WarmF_nitro,sequoiadendron,sequoiadendron_giganteum,,,17.68,28.47,
Segi_WarmS/WarmF_B2_R8_nitro,2,WarmS/WarmF_nitro,sequoiadendron,sequoiadendron_giganteum,,,32.22,41.69,
Segi_WarmS/WarmF_B2_R9_nitro,2,WarmS/WarmF_nitro,sequoiadendron,sequoiadendron_giganteum,,,33.02,49.01,
Segi_WarmS/WarmF_B2_R10_nitro,2,WarmS/WarmF_nitro,sequoiadendron,sequoiadendron_giganteum,,,25.97,38.87,
Segi_WarmS/WarmF_B3_R11_nitro,3,WarmS/WarmF_nitro,sequoiadendron,sequoiadendron_giganteum,,,26.24,36,
Segi_WarmS/WarmF_B3_R12_nitro,3,WarmS/WarmF_nitro,sequoiadendron,sequoiadendron_giganteum,,,25.97,28.78,
Segi_WarmS/WarmF_B3_R13_nitro,3,WarmS/WarmF_nitro,sequoiadendron,sequoiadendron_giganteum,,,37.27,44.41,
Segi_WarmS/WarmF_B3_R14_nitro,3,WarmS/WarmF_nitro,sequoiadendron,sequoiadendron_giganteum,,,27.48,29.08,
Segi_WarmS/WarmF_B3_R15_nitro,3,WarmS/WarmF_nitro,sequoiadendron,sequoiadendron_giganteum,,,23.3,29.2,