tree_ID,bloc,treatment,genus,species,diameterWinter24,diameterWinter24_trunk2,heightWinter24,heightWinter24_trunk2,doyWinter24,noteWinter24,diameterWinter25,diameterWinter25_trunk2,heightWinter25,heightWinter25_trunk2,doyWinter25,height_2024_valid,diameterWinter24_valid,noteWinter25
Acne_CoolS/CoolF_B1_R1,1,CoolS/CoolF,acer,acer_negundo,5.36,,32.0,,38,,6.30,,44.5,,37,,,
Acne_CoolS/CoolF_B1_R2,1,CoolS/CoolF,acer,acer_negundo,5.51,,37.0,,38,,6.90,,47.5,,37,,,
Acne_CoolS/CoolF_B1_R3,1,CoolS/CoolF,acer,acer_negundo,7.49,,46.2,,38,,8.64,,61.5,,37,,,
Acne_CoolS/CoolF_B1_R4,1,CoolS/CoolF,acer,acer_negundo,5.65,,38.8,,38,,6.95,,43.2,,37,,,
Acne_CoolS/CoolF_B1_R5,1,CoolS/CoolF,acer,acer_negundo,7.11,,65.6,,38,,8.07,,78.5,,37,,,
Acne_CoolS/CoolF_B2_R6,2,CoolS/CoolF,acer,acer_negundo,7.25,,52.1,,38,,8.60,,62.90,,37,,,
Acne_CoolS/CoolF_B2_R7,2,CoolS/CoolF,acer,acer_negundo,7.49,,42.2,,38,,7.98,,49.00,,37,,,
Acne_CoolS/CoolF_B2_R8,2,CoolS/CoolF,acer,acer_negundo,7.53,,64.2,,38,,8.67,,79.50,,37,,,
Acne_CoolS/CoolF_B2_R9,2,CoolS/CoolF,acer,acer_negundo,7.62,,45.9,,38,,9.81,,54.00,,37,,,
Acne_CoolS/CoolF_B2_R10,2,CoolS/CoolF,acer,acer_negundo,7.17,,43.2,,38,,7.39,,46.50,,37,,,
Acne_CoolS/CoolF_B3_R11,3,CoolS/CoolF,acer,acer_negundo,7.19,,53.0,,38,,7.2,,56.4,,57,,,
Acne_CoolS/CoolF_B3_R12,3,CoolS/CoolF,acer,acer_negundo,4.91,,40.3,,38,,5.13,,47.0,,57,,,
Acne_CoolS/CoolF_B3_R13,3,CoolS/CoolF,acer,acer_negundo,5.93,,42.5,,38,,6.29,,48.0,,57,,,
Acne_CoolS/CoolF_B3_R14,3,CoolS/CoolF,acer,acer_negundo,5.45,,36.2,,38,,6.27,,47.9,,57,,,
Acne_CoolS/CoolF_B3_R15,3,CoolS/CoolF,acer,acer_negundo,6.28,,45.0,,38,,7.04,,52.0,,57,,,
Acne_WarmS/CoolF_B1_R1,1,WarmS/CoolF,acer,acer_negundo,6.91,,37.0,,38,,7.67,,44.1,,37,,,
Acne_WarmS/CoolF_B1_R2,1,WarmS/CoolF,acer,acer_negundo,4.75,,32.7,,38,,5.89,,38.2,,37,,,
Acne_WarmS/CoolF_B1_R3,1,WarmS/CoolF,acer,acer_negundo,6.59,,40.5,,38,,6.88,,48.6,,37,,,
Acne_WarmS/CoolF_B1_R4,1,WarmS/CoolF,acer,acer_negundo,7.04,,41.9,,38,,7.74,,51.4,,37,,,
Acne_WarmS/CoolF_B1_R5,1,WarmS/CoolF,acer,acer_negundo,5.09,,37.6,,38,,6.29,,51.5,,37,,,
Acne_WarmS/CoolF_B2_R6,2,WarmS/CoolF,acer,acer_negundo,5.46,,36.9,,38,,6.01,,40.40,,37,,,
Acne_WarmS/CoolF_B2_R7,2,WarmS/CoolF,acer,acer_negundo,6.86,,48.1,,38,,8.02,,67.80,,37,,,
Acne_WarmS/CoolF_B2_R8,2,WarmS/CoolF,acer,acer_negundo,6.43,,53.1,,38,,7.49,,62.00,,37,,,
Acne_WarmS/CoolF_B2_R9,2,WarmS/CoolF,acer,acer_negundo,6.12,,36.0,,38,,6.60,,49.30,,37,,,
Acne_WarmS/CoolF_B2_R10,2,WarmS/CoolF,acer,acer_negundo,6.31,,34.9,,38,,7.05,,44.20,,37,,,
Acne_WarmS/CoolF_B3_R11,3,WarmS/CoolF,acer,acer_negundo,6.41,,36.6,,38,,8.3,,39.4,,57,,,
Acne_WarmS/CoolF_B3_R12,3,WarmS/CoolF,acer,acer_negundo,8.29,,62.4,,38,,9.79,,72.0,,57,,,
Acne_WarmS/CoolF_B3_R13,3,WarmS/CoolF,acer,acer_negundo,8.39,,57.5,,38,,8.06,,66.4,,57,,,apical meristem died
Acne_WarmS/CoolF_B3_R14,3,WarmS/CoolF,acer,acer_negundo,5.83,,48.2,,38,,5.9,,50.6,,57,,,
Acne_WarmS/CoolF_B3_R15,3,WarmS/CoolF,acer,acer_negundo,6.96,,49.8,,38,,7.55,,56.5,,57,,,
Acne_CoolS/WarmF_B1_R1,1,CoolS/WarmF,acer,acer_negundo,4.62,,40.0,,38,,4.98,,46.0,,37,,,
Acne_CoolS/WarmF_B1_R2,1,CoolS/WarmF,acer,acer_negundo,6.41,,38.9,,38,,6.90,,45.0,,37,,,
Acne_CoolS/WarmF_B1_R3,1,CoolS/WarmF,acer,acer_negundo,5.34,,40.0,,38,,5.66,,44.5,,37,,,
Acne_CoolS/WarmF_B1_R4,1,CoolS/WarmF,acer,acer_negundo,6.44,,35.1,,38,,7.71,,49.4,,37,,,
Acne_CoolS/WarmF_B1_R5,1,CoolS/WarmF,acer,acer_negundo,5.48,,35.7,,38,,6.38,,44.5,,37,,,
Acne_CoolS/WarmF_B2_R6,2,CoolS/WarmF,acer,acer_negundo,5.55,,44.9,,38,,5.83,,47.40,,37,,,
Acne_CoolS/WarmF_B2_R7,2,CoolS/WarmF,acer,acer_negundo,6.12,,42.5,,38,,7.57,,50.60,,37,,,
Acne_CoolS/WarmF_B2_R8,2,CoolS/WarmF,acer,acer_negundo,7.13,,43.2,,38,,7.72,,50.00,,37,,,
Acne_CoolS/WarmF_B2_R9,2,CoolS/WarmF,acer,acer_negundo,5.80,,35.1,,38,,6.44,,42.60,,37,,,
Acne_CoolS/WarmF_B2_R10,2,CoolS/WarmF,acer,acer_negundo,6.37,,40.5,,38,,6.17,,40.60,,37,,,
Acne_CoolS/WarmF_B3_R11,3,CoolS/WarmF,acer,acer_negundo,6.95,,45.4,,38,,8.19,,51.4,,57,,,
Acne_CoolS/WarmF_B3_R12,3,CoolS/WarmF,acer,acer_negundo,2.96,,24.2,,38,,3.91,,27.7,,57,,,
Acne_CoolS/WarmF_B3_R13,3,CoolS/WarmF,acer,acer_negundo,7.00,,42.9,,38,,8.55,,67.1,,57,,,
Acne_CoolS/WarmF_B3_R14,3,CoolS/WarmF,acer,acer_negundo,4.54,,27.5,,38,,5.67,,36.4,,57,,,
Acne_CoolS/WarmF_B3_R15,3,CoolS/WarmF,acer,acer_negundo,4.79,,42.0,,38,,5.52,,46.1,,57,,,
Acne_WarmS/WarmF_B1_R1,1,WarmS/WarmF,acer,acer_negundo,5.20,,32.9,,38,,5.78,,37.4,,37,,,
Acne_WarmS/WarmF_B1_R2,1,WarmS/WarmF,acer,acer_negundo,5.25,,42.8,,38,,5.28,,44.5,,37,,,
Acne_WarmS/WarmF_B1_R3,1,WarmS/WarmF,acer,acer_negundo,5.22,,33.4,,38,,5.89,,39.3,,37,,,
Acne_WarmS/WarmF_B1_R4,1,WarmS/WarmF,acer,acer_negundo,4.64,,31.0,,38,,4.90,,32.6,,37,,,
Acne_WarmS/WarmF_B1_R5,1,WarmS/WarmF,acer,acer_negundo,5.87,,48.6,,38,,7.30,,55.4,,37,,,
Acne_WarmS/WarmF_B2_R6,2,WarmS/WarmF,acer,acer_negundo,6.33,,39.4,,38,,6.37,,41.40,,37,,,
Acne_WarmS/WarmF_B2_R7,2,WarmS/WarmF,acer,acer_negundo,6.74,,38.4,,38,,7.73,,58.00,,37,,,
Acne_WarmS/WarmF_B2_R8,2,WarmS/WarmF,acer,acer_negundo,7.02,,41.9,,38,,7.23,,49.20,,37,,,
Acne_WarmS/WarmF_B2_R9,2,WarmS/WarmF,acer,acer_negundo,6.83,,50.1,,38,,7.74,,64.40,,37,,,
Acne_WarmS/WarmF_B2_R10,2,WarmS/WarmF,acer,acer_negundo,6.72,,40.7,,38,,7.00,,46.20,,37,,,
Acne_WarmS/WarmF_B3_R11,3,WarmS/WarmF,acer,acer_negundo,5.37,,38.8,,38,,6.3,,49.9,,57,,,
Acne_WarmS/WarmF_B3_R12,3,WarmS/WarmF,acer,acer_negundo,6.16,,43.2,,38,,7.14,,50.0,,57,,,
Acne_WarmS/WarmF_B3_R13,3,WarmS/WarmF,acer,acer_negundo,6.67,,45.6,,38,,7.54,,52.5,,57,,,
Acne_WarmS/WarmF_B3_R14,3,WarmS/WarmF,acer,acer_negundo,4.91,,36.6,,38,,5.89,,56.6,,57,,,
Acne_WarmS/WarmF_B3_R15,3,WarmS/WarmF,acer,acer_negundo,6.67,,40.7,,38,,6.39,,43.4,,57,,,
Acne_CoolS/CoolF_B1_R1_nitro,1,CoolS/CoolF_nitro,acer,acer_negundo,8.38,,50.4,,38,,8.83,,58.8,,37,,,
Acne_CoolS/CoolF_B1_R2_nitro,1,CoolS/CoolF_nitro,acer,acer_negundo,5.79,,46.0,,38,,6.28,,59.1,,37,,,
Acne_CoolS/CoolF_B1_R3_nitro,1,CoolS/CoolF_nitro,acer,acer_negundo,6.98,,31.5,,38,,8.01,,42.1,,37,,,
Acne_CoolS/CoolF_B1_R4_nitro,1,CoolS/CoolF_nitro,acer,acer_negundo,6.87,,51.6,,38,,7.68,,68.6,,37,,,
Acne_CoolS/CoolF_B1_R5_nitro,1,CoolS/CoolF_nitro,acer,acer_negundo,6.14,,33.1,,38,,6.62,,42.8,,37,,,
Acne_CoolS/CoolF_B2_R6_nitro,2,CoolS/CoolF_nitro,acer,acer_negundo,7.53,,53.0,,38,,8.00,,53.40,,37,,,
Acne_CoolS/CoolF_B2_R7_nitro,2,CoolS/CoolF_nitro,acer,acer_negundo,7.21,,48.0,,38,,8.47,,60.30,,37,,,
Acne_CoolS/CoolF_B2_R8_nitro,2,CoolS/CoolF_nitro,acer,acer_negundo,5.55,,33.1,,38,,5.97,,39.40,,37,,,
Acne_CoolS/CoolF_B2_R9_nitro,2,CoolS/CoolF_nitro,acer,acer_negundo,8.31,,49.0,,38,,8.99,,52.10,,37,,,
Acne_CoolS/CoolF_B2_R10_nitro,2,CoolS/CoolF_nitro,acer,acer_negundo,6.51,,46.1,,38,,7.59,,58.90,,37,,,
Acne_CoolS/CoolF_B3_R11_nitro,3,CoolS/CoolF_nitro,acer,acer_negundo,6.28,,44.5,,38,,6.96,,59.5,,57,,,
Acne_CoolS/CoolF_B3_R12_nitro,3,CoolS/CoolF_nitro,acer,acer_negundo,6.22,,38.6,,38,,7.3,,46.5,,57,,,
Acne_CoolS/CoolF_B3_R13_nitro,3,CoolS/CoolF_nitro,acer,acer_negundo,6.79,,39.2,,38,,6.94,,50.9,,57,,,
Acne_CoolS/CoolF_B3_R14_nitro,3,CoolS/CoolF_nitro,acer,acer_negundo,6.50,,44.1,,38,,7.19,,51.5,,57,,,
Acne_CoolS/CoolF_B3_R15_nitro,3,CoolS/CoolF_nitro,acer,acer_negundo,6.75,,43.8,,38,,6.76,,59.6,,57,,,"mark from 2024 buried, therefore new mark, measurement from last year is 39.4"
Acne_WarmS/WarmF_B1_R1_nitro,1,WarmS/WarmF_nitro,acer,acer_negundo,4.89,,45.7,,38,,5.18,,48.1,,37,,,
Acne_WarmS/WarmF_B1_R2_nitro,1,WarmS/WarmF_nitro,acer,acer_negundo,6.57,,41.2,,38,,7.61,,48.6,,37,,,
Acne_WarmS/WarmF_B1_R3_nitro,1,WarmS/WarmF_nitro,acer,acer_negundo,5.32,,33.2,,38,,6.35,,37.5,,37,,,
Acne_WarmS/WarmF_B1_R4_nitro,1,WarmS/WarmF_nitro,acer,acer_negundo,3.99,,27.1,,38,,4.73,,33.5,,37,,,
Acne_WarmS/WarmF_B1_R5_nitro,1,WarmS/WarmF_nitro,acer,acer_negundo,4.43,,28.9,,38,,5.09,,32.9,,37,,,
Acne_WarmS/WarmF_B2_R6_nitro,2,WarmS/WarmF_nitro,acer,acer_negundo,5.70,,36.8,,38,,6.33,,38.50,,37,,,
Acne_WarmS/WarmF_B2_R7_nitro,2,WarmS/WarmF_nitro,acer,acer_negundo,6.31,,37.3,,38,,6.52,,46.10,,37,,,
Acne_WarmS/WarmF_B2_R8_nitro,2,WarmS/WarmF_nitro,acer,acer_negundo,7.33,,52.1,,38,,8.45,,61.00,,37,,,
Acne_WarmS/WarmF_B2_R9_nitro,2,WarmS/WarmF_nitro,acer,acer_negundo,4.97,,38.4,,38,,5.44,,42.90,,37,,,
Acne_WarmS/WarmF_B2_R10_nitro,2,WarmS/WarmF_nitro,acer,acer_negundo,6.93,,55.0,,38,,6.60,,64.90,,37,,,
Acne_WarmS/WarmF_B3_R11_nitro,3,WarmS/WarmF_nitro,acer,acer_negundo,5.88,,36.9,,38,,6.8,,42.5,,57,,,
Acne_WarmS/WarmF_B3_R12_nitro,3,WarmS/WarmF_nitro,acer,acer_negundo,7.09,,56.4,,38,,7.8,,66.5,,57,,,
Acne_WarmS/WarmF_B3_R13_nitro,3,WarmS/WarmF_nitro,acer,acer_negundo,7.19,,47.5,,38,,8.62,,55.9,,57,,,
Acne_WarmS/WarmF_B3_R14_nitro,3,WarmS/WarmF_nitro,acer,acer_negundo,5.66,,35.9,,38,,6.58,,43.6,,57,,,
Acne_WarmS/WarmF_B3_R15_nitro,3,WarmS/WarmF_nitro,acer,acer_negundo,7.26,,58.5,,38,,7.93,,71.5,,57,,,
Bepa_CoolS/CoolF_B1_R1,1,CoolS/CoolF,betula,betula_papyrifera,6.04,,49.8,,38,,7.62,,53.0,,37,,,
Bepa_CoolS/CoolF_B1_R2,1,CoolS/CoolF,betula,betula_papyrifera,6.83,,74.5,,38,,7.75,,58.8,,37,,,
Bepa_CoolS/CoolF_B1_R3,1,CoolS/CoolF,betula,betula_papyrifera,5.89,,40.0,,38,,6.61,,46.0,,37,,,
Bepa_CoolS/CoolF_B1_R4,1,CoolS/CoolF,betula,betula_papyrifera,6.07,5.03,93.3,84.0,38,,5.71,7.03,97.2,95.4,37,,,
Bepa_CoolS/CoolF_B1_R5,1,CoolS/CoolF,betula,betula_papyrifera,5.28,,57.1,,38,,7.01,,67.2,,37,,,
Bepa_CoolS/CoolF_B2_R6,2,CoolS/CoolF,betula,betula_papyrifera,7.72,,72.1,,38,,9.04,,82.90,,37,,,
Bepa_CoolS/CoolF_B2_R7,2,CoolS/CoolF,betula,betula_papyrifera,5.50,,92.9,,38,,6.84,,106.80,,37,,,
Bepa_CoolS/CoolF_B2_R8,2,CoolS/CoolF,betula,betula_papyrifera,11.61,,97.5,,38,,11.94,,104.90,,37,,,
Bepa_CoolS/CoolF_B2_R9,2,CoolS/CoolF,betula,betula_papyrifera,7.80,,88.5,,38,,9.00,,108.90,,37,,,
Bepa_CoolS/CoolF_B2_R10,2,CoolS/CoolF,betula,betula_papyrifera,7.96,,88.9,,38,,7.61,,92.90,,37,,,
Bepa_CoolS/CoolF_B3_R11,3,CoolS/CoolF,betula,betula_papyrifera,6.76,5.95,65.1,55.3,38,,7.11,6.05,71.4,60.3,57,,,
Bepa_CoolS/CoolF_B3_R12,3,CoolS/CoolF,betula,betula_papyrifera,6.61,,75.4,,38,,8.08,,87.1,,57,,,
Bepa_CoolS/CoolF_B3_R13,3,CoolS/CoolF,betula,betula_papyrifera,8.91,,89.3,,38,,9.33,,99.2,,57,,,
Bepa_CoolS/CoolF_B3_R14,3,CoolS/CoolF,betula,betula_papyrifera,3.82,4.57,39.4,36.1,38,,4.36,4.73,45.4,41.8,57,,,
Bepa_CoolS/CoolF_B3_R15,3,CoolS/CoolF,betula,betula_papyrifera,6.95,5.44,68.8,36.8,38,,7.18,5.3,77.8,42,57,,,
Bepa_WarmS/CoolF_B1_R1,1,WarmS/CoolF,betula,betula_papyrifera,6.87,,70.0,,38,,10.15,,80.3,,37,,,
Bepa_WarmS/CoolF_B1_R2,1,WarmS/CoolF,betula,betula_papyrifera,4.06,,45.2,,38,,5.60,,53.2,,37,,,
Bepa_WarmS/CoolF_B1_R3,1,WarmS/CoolF,betula,betula_papyrifera,6.40,,69.7,,38,,8.38,,76.2,,37,,,
Bepa_WarmS/CoolF_B1_R4,1,WarmS/CoolF,betula,betula_papyrifera,6.40,7.02,81.9,67.5,38,,7.25,8,86.6,76.3,37,,,
Bepa_WarmS/CoolF_B1_R5,1,WarmS/CoolF,betula,betula_papyrifera,5.04,,46.2,,38,,6.81,,49.2,,37,,,
Bepa_WarmS/CoolF_B2_R6,2,WarmS/CoolF,betula,betula_papyrifera,7.33,,106.7,,38,,9.09,,117.90,,37,,,
Bepa_WarmS/CoolF_B2_R7,2,WarmS/CoolF,betula,betula_papyrifera,8.94,,101.9,,38,,8.64,,104.80,,37,,,
Bepa_WarmS/CoolF_B2_R8,2,WarmS/CoolF,betula,betula_papyrifera,6.27,,63.0,,38,,6.91,,70.80,,37,,,
Bepa_WarmS/CoolF_B2_R9,2,WarmS/CoolF,betula,betula_papyrifera,5.47,,50.4,,38,,6.81,,56.50,,37,,,
Bepa_WarmS/CoolF_B2_R10,2,WarmS/CoolF,betula,betula_papyrifera,7.74,,48.1,,38,,7.72,,61.60,,37,,,
Bepa_WarmS/CoolF_B3_R11,3,WarmS/CoolF,betula,betula_papyrifera,6.01,,51.2,,38,,6.77,,56.8,,57,,,
Bepa_WarmS/CoolF_B3_R12,3,WarmS/CoolF,betula,betula_papyrifera,7.04,,55.6,,38,,8.17,,57.1,,57,,,
Bepa_WarmS/CoolF_B3_R13,3,WarmS/CoolF,betula,betula_papyrifera,5.51,4.86,74.6,55.6,38,,7.34,,75.9,58.6,57,,,
Bepa_WarmS/CoolF_B3_R14,3,WarmS/CoolF,betula,betula_papyrifera,8.77,,74.6,,38,,10.79,,82.4,,57,,,
Bepa_WarmS/CoolF_B3_R15,3,WarmS/CoolF,betula,betula_papyrifera,5.96,,53.6,,38,,7.61,,63.9,,57,,,
Bepa_CoolS/WarmF_B1_R1,1,CoolS/WarmF,betula,betula_papyrifera,5.72,,48.1,,38,,6.65,,57.5,,37,,,
Bepa_CoolS/WarmF_B1_R2,1,CoolS/WarmF,betula,betula_papyrifera,5.30,,58.2,,38,,6.33,,64.2,,37,,,
Bepa_CoolS/WarmF_B1_R3,1,CoolS/WarmF,betula,betula_papyrifera,6.14,,85.9,,38,,6.46,,91.2,,37,,,
Bepa_CoolS/WarmF_B1_R4,1,CoolS/WarmF,betula,betula_papyrifera,5.39,,68.1,,38,,8.39,,87.3,,37,,,
Bepa_CoolS/WarmF_B1_R5,1,CoolS/WarmF,betula,betula_papyrifera,6.28,4.70,78.9,41.9,38,,6.40,,83.0,43.4,37,,,
Bepa_CoolS/WarmF_B2_R6,2,CoolS/WarmF,betula,betula_papyrifera,10.37,,57.0,,38,,11.14,,66.90,,37,,,
Bepa_CoolS/WarmF_B2_R7,2,CoolS/WarmF,betula,betula_papyrifera,8.82,,48.8,,38,,9.28,,69.20,,37,,,
Bepa_CoolS/WarmF_B2_R8,2,CoolS/WarmF,betula,betula_papyrifera,7.84,,76.3,,38,,8.38,,78.50,,37,,,
Bepa_CoolS/WarmF_B2_R9,2,CoolS/WarmF,betula,betula_papyrifera,9.79,,86.6,,38,,11.19,,103.40,,37,,,
Bepa_CoolS/WarmF_B2_R10,2,CoolS/WarmF,betula,betula_papyrifera,6.65,,80.6,,38,,7.21,,82.40,,37,,,
Bepa_CoolS/WarmF_B3_R11,3,CoolS/WarmF,betula,betula_papyrifera,7.09,4.55,78.6,50.1,38,,8.08,4.44,81.9,53.0,57,,,
Bepa_CoolS/WarmF_B3_R12,3,CoolS/WarmF,betula,betula_papyrifera,7.86,4.64,81.4,56.1,38,,8.39,5.09,85.8,62.1,57,,,
Bepa_CoolS/WarmF_B3_R13,3,CoolS/WarmF,betula,betula_papyrifera,7.13,,60.6,,38,,7.52,,72.6,,57,,,
Bepa_CoolS/WarmF_B3_R14,3,CoolS/WarmF,betula,betula_papyrifera,6.67,,57.2,,38,,8.03,,70.2,,57,,,
Bepa_CoolS/WarmF_B3_R15,3,CoolS/WarmF,betula,betula_papyrifera,4.50,3.97,48.2,37.2,38,,5.44,NA,56.4,NA,57,,,second shoot dead
Bepa_WarmS/WarmF_B1_R1,1,WarmS/WarmF,betula,betula_papyrifera,6.97,,68.2,,38,,7.93,,75.7,,37,,,
Bepa_WarmS/WarmF_B1_R2,1,WarmS/WarmF,betula,betula_papyrifera,2.99,3.96,46.1,50.2,38,,4.25,5.26,50.7,54.1,37,,,
Bepa_WarmS/WarmF_B1_R3,1,WarmS/WarmF,betula,betula_papyrifera,5.99,,56.7,,38,,7.53,,65.5,,37,,,
Bepa_WarmS/WarmF_B1_R4,1,WarmS/WarmF,betula,betula_papyrifera,8.14,5.15,94.9,55.2,38,,9.60,5.24,99.5,64,37,,,
Bepa_WarmS/WarmF_B1_R5,1,WarmS/WarmF,betula,betula_papyrifera,8.32,,97.9,,38,,10.31,,105.7,,37,,,
Bepa_WarmS/WarmF_B2_R6,2,WarmS/WarmF,betula,betula_papyrifera,6.10,,55.4,,38,,7.54,,57.60,,37,,,
Bepa_WarmS/WarmF_B2_R7,2,WarmS/WarmF,betula,betula_papyrifera,5.17,,72.8,,38,,6.98,,81.50,,37,,,
Bepa_WarmS/WarmF_B2_R8,2,WarmS/WarmF,betula,betula_papyrifera,9.30,,93.6,,38,,9.49,,101.60,,37,,,
Bepa_WarmS/WarmF_B2_R9,2,WarmS/WarmF,betula,betula_papyrifera,6.84,2.75,94.5,23.0,38,,9.89,2.88,102.60,25.3,37,,,
Bepa_WarmS/WarmF_B2_R10,2,WarmS/WarmF,betula,betula_papyrifera,8.97,,61.0,,38,,10.63,,66.70,,37,,,
Bepa_WarmS/WarmF_B3_R11,3,WarmS/WarmF,betula,betula_papyrifera,10.41,,108.8,,38,,11.16,,136.8,,57,,,
Bepa_WarmS/WarmF_B3_R12,3,WarmS/WarmF,betula,betula_papyrifera,5.84,,56.1,,38,,6.88,,65.9,,57,,,
Bepa_WarmS/WarmF_B3_R13,3,WarmS/WarmF,betula,betula_papyrifera,7.29,,105.7,,38,,8.57,,119.3,,57,,,
Bepa_WarmS/WarmF_B3_R14,3,WarmS/WarmF,betula,betula_papyrifera,4.90,7.22,88.4,78.1,38,,6.37,NA,100.0,103.9,57,,,"3 trunks, only the ""main trunk"" can be confirmed as the reference one. "
Bepa_WarmS/WarmF_B3_R15,3,WarmS/WarmF,betula,betula_papyrifera,7.35,,65.0,,38,,8.33,,71.9,,57,,,
Bepa_CoolS/CoolF_B1_R1_nitro,1,CoolS/CoolF_nitro,betula,betula_papyrifera,9.49,,90.0,,38,,9.83,,98.5,,37,,,
Bepa_CoolS/CoolF_B1_R2_nitro,1,CoolS/CoolF_nitro,betula,betula_papyrifera,6.66,,79.5,,38,,7.06,,85.4,,37,,,
Bepa_CoolS/CoolF_B1_R3_nitro,1,CoolS/CoolF_nitro,betula,betula_papyrifera,7.38,,61.1,,38,,8.79,,61.2,,37,,,
Bepa_CoolS/CoolF_B1_R4_nitro,1,CoolS/CoolF_nitro,betula,betula_papyrifera,4.22,2.69,71.0,43.0,38,,5.80,2.93,78.0,47.2,37,,,
Bepa_CoolS/CoolF_B1_R5_nitro,1,CoolS/CoolF_nitro,betula,betula_papyrifera,12.04,,101.4,,38,,13.00,,129.8,,37,,,
Bepa_CoolS/CoolF_B2_R6_nitro,2,CoolS/CoolF_nitro,betula,betula_papyrifera,11.05,,84.2,,38,,12.39,,90.20,,37,,,
Bepa_CoolS/CoolF_B2_R7_nitro,2,CoolS/CoolF_nitro,betula,betula_papyrifera,9.88,,70.1,,38,,10.05,,69.20,,37,,,
Bepa_CoolS/CoolF_B2_R8_nitro,2,CoolS/CoolF_nitro,betula,betula_papyrifera,7.75,,94.6,,38,,8.40,,103.80,,37,,,
Bepa_CoolS/CoolF_B2_R9_nitro,2,CoolS/CoolF_nitro,betula,betula_papyrifera,12.20,,132.0,,38,,13.08,,138.00,,37,,,
Bepa_CoolS/CoolF_B2_R10_nitro,2,CoolS/CoolF_nitro,betula,betula_papyrifera,5.00,,43.9,,38,,5.75,,45.90,,37,,,
Bepa_CoolS/CoolF_B3_R11_nitro,3,CoolS/CoolF_nitro,betula,betula_papyrifera,8.59,,101.3,,38,,11.6,,110.0,,57,,,
Bepa_CoolS/CoolF_B3_R12_nitro,3,CoolS/CoolF_nitro,betula,betula_papyrifera,4.67,4.23,56.5,47.5,38,,5.45,4.49,62.4,63.4,57,,,
Bepa_CoolS/CoolF_B3_R13_nitro,3,CoolS/CoolF_nitro,betula,betula_papyrifera,6.97,5.31,68.5,55.0,38,,7.41,6.03,68.9,59.9,57,,,
Bepa_CoolS/CoolF_B3_R14_nitro,3,CoolS/CoolF_nitro,betula,betula_papyrifera,5.97,,62.0,,38,,6.36,,67.3,,57,,,
Bepa_CoolS/CoolF_B3_R15_nitro,3,CoolS/CoolF_nitro,betula,betula_papyrifera,6.58,,48.2,,38,,7.11,,50.9,,57,,,
Bepa_WarmS/WarmF_B1_R1_nitro,1,WarmS/WarmF_nitro,betula,betula_papyrifera,6.98,5.38,93.6,44.5,38,,8.89,5.74,101.8,51.8,37,,,
Bepa_WarmS/WarmF_B1_R2_nitro,1,WarmS/WarmF_nitro,betula,betula_papyrifera,5.19,,59.6,,38,,5.98,,62.7,,37,,,
Bepa_WarmS/WarmF_B1_R3_nitro,1,WarmS/WarmF_nitro,betula,betula_papyrifera,9.03,8.10,110.4,93.1,38,,8.22,7.7,116.3,95.7,37,,,
Bepa_WarmS/WarmF_B1_R4_nitro,1,WarmS/WarmF_nitro,betula,betula_papyrifera,6.15,,64.5,,38,,6.81,,52.9,,37,,,
Bepa_WarmS/WarmF_B1_R5_nitro,1,WarmS/WarmF_nitro,betula,betula_papyrifera,8.44,,72.8,,38,,9.54,,78.5,,37,,,
Bepa_WarmS/WarmF_B2_R6_nitro,2,WarmS/WarmF_nitro,betula,betula_papyrifera,4.60,3.05,53.7,40.4,38,,4.89,4.24,55.40,43.9,37,,,
Bepa_WarmS/WarmF_B2_R7_nitro,2,WarmS/WarmF_nitro,betula,betula_papyrifera,7.73,,96.1,,38,,7.84,,101.50,,37,,,
Bepa_WarmS/WarmF_B2_R8_nitro,2,WarmS/WarmF_nitro,betula,betula_papyrifera,5.29,3.51,82.2,46.5,38,,6.03,4.46,58.20,4.9,37,,,
Bepa_WarmS/WarmF_B2_R9_nitro,2,WarmS/WarmF_nitro,betula,betula_papyrifera,10.69,,87.4,,38,,12.19,,99.60,,37,,,
Bepa_WarmS/WarmF_B2_R10_nitro,2,WarmS/WarmF_nitro,betula,betula_papyrifera,7.16,,79.1,,38,,9.23,,87.20,,37,,,
Bepa_WarmS/WarmF_B3_R11_nitro,3,WarmS/WarmF_nitro,betula,betula_papyrifera,3.71,,51.5,,38,,4.83,,54.9,,57,,,
Bepa_WarmS/WarmF_B3_R12_nitro,3,WarmS/WarmF_nitro,betula,betula_papyrifera,5.62,,48.4,,38,,7.72,,56.4,,57,,,
Bepa_WarmS/WarmF_B3_R13_nitro,3,WarmS/WarmF_nitro,betula,betula_papyrifera,9.24,,83.6,,38,,10.79,,90.4,,57,,,
Bepa_WarmS/WarmF_B3_R14_nitro,3,WarmS/WarmF_nitro,betula,betula_papyrifera,4.79,,67.2,,38,,6.69,,77.9,,57,,,
Bepa_WarmS/WarmF_B3_R15_nitro,3,WarmS/WarmF_nitro,betula,betula_papyrifera,4.47,,46.1,,38,,5.15,,50.2,,57,,,
Pist_CoolS/CoolF_B1_R1,1,CoolS/CoolF,pinus,pinus_strobus,6.31,,31.5,,38,,12.45,,45.8,,37,,,
Pist_CoolS/CoolF_B1_R2,1,CoolS/CoolF,pinus,pinus_strobus,5.14,,23.9,,38,,10.41,,35.4,,37,,,
Pist_CoolS/CoolF_B1_R3,1,CoolS/CoolF,pinus,pinus_strobus,5.12,,22.2,,38,,7.76,,25.0,,37,,,
Pist_CoolS/CoolF_B1_R4,1,CoolS/CoolF,pinus,pinus_strobus,3.57,,14.3,,38,,5.09,,15.3,,37,,,
Pist_CoolS/CoolF_B1_R5,1,CoolS/CoolF,pinus,pinus_strobus,5.40,,22.9,,38,,12.38,,36.6,,37,,,
Pist_CoolS/CoolF_B2_R6,2,CoolS/CoolF,pinus,pinus_strobus,5.39,,24.3,,38,,7.34,,28.50,,37,,,
Pist_CoolS/CoolF_B2_R7,2,CoolS/CoolF,pinus,pinus_strobus,5.25,,19.8,,38,,7.61,,27.10,,37,,,
Pist_CoolS/CoolF_B2_R8,2,CoolS/CoolF,pinus,pinus_strobus,5.67,,30.7,,38,,9.04,,34.00,,37,,,
Pist_CoolS/CoolF_B2_R9,2,CoolS/CoolF,pinus,pinus_strobus,5.34,,27.1,,38,,11.03,,33.60,,37,,,
Pist_CoolS/CoolF_B2_R10,2,CoolS/CoolF,pinus,pinus_strobus,5.54,,17.6,,38,,8.56,,34.20,,37,,,
Pist_CoolS/CoolF_B3_R11,3,CoolS/CoolF,pinus,pinus_strobus,5.14,,23.3,,38,,10.11,,31.8,,57,,,
Pist_CoolS/CoolF_B3_R12,3,CoolS/CoolF,pinus,pinus_strobus,5.02,,17.3,,38,,9.91,,22.7,,57,,,
Pist_CoolS/CoolF_B3_R13,3,CoolS/CoolF,pinus,pinus_strobus,5.69,,22.1,,38,,8.88,,29.5,,57,,,
Pist_CoolS/CoolF_B3_R14,3,CoolS/CoolF,pinus,pinus_strobus,5.40,,10.6,,38,,6.64,,13.0,,57,,,
Pist_CoolS/CoolF_B3_R15,3,CoolS/CoolF,pinus,pinus_strobus,6.08,,32.9,,38,,11.19,,42.9,,57,,,
Pist_WarmS/CoolF_B1_R1,1,WarmS/CoolF,pinus,pinus_strobus,5.36,,27.1,,38,,8.29,,32.3,,37,,,
Pist_WarmS/CoolF_B1_R2,1,WarmS/CoolF,pinus,pinus_strobus,4.85,,23.9,,38,,8.88,,36.0,,37,,,
Pist_WarmS/CoolF_B1_R3,1,WarmS/CoolF,pinus,pinus_strobus,6.52,,20.6,,38,,11.25,,33.0,,37,,,
Pist_WarmS/CoolF_B1_R4,1,WarmS/CoolF,pinus,pinus_strobus,5.49,,20.3,,38,,7.50,,23.5,,37,,,
Pist_WarmS/CoolF_B1_R5,1,WarmS/CoolF,pinus,pinus_strobus,5.01,,22.8,,38,,6.22,,26.0,,37,,,
Pist_WarmS/CoolF_B2_R6,2,WarmS/CoolF,pinus,pinus_strobus,5.65,,25.4,,38,,9.03,,40.50,,37,,,
Pist_WarmS/CoolF_B2_R7,2,WarmS/CoolF,pinus,pinus_strobus,5.60,,23.9,,38,,9.31,,30.90,,37,,,
Pist_WarmS/CoolF_B2_R8,2,WarmS/CoolF,pinus,pinus_strobus,4.94,,17.9,,38,,8.32,,26.50,,37,,,
Pist_WarmS/CoolF_B2_R9,2,WarmS/CoolF,pinus,pinus_strobus,6.05,,30.0,,38,,11.48,,43.80,,37,,,
Pist_WarmS/CoolF_B2_R10,2,WarmS/CoolF,pinus,pinus_strobus,5.33,,24.1,,38,,10.89,,42.40,,37,,,
Pist_WarmS/CoolF_B3_R11,3,WarmS/CoolF,pinus,pinus_strobus,6.23,,17.0,,38,,7.34,,17.8,,57,,,
Pist_WarmS/CoolF_B3_R12,3,WarmS/CoolF,pinus,pinus_strobus,5.98,,25.3,,38,,10.35,,32.5,,57,,,
Pist_WarmS/CoolF_B3_R13,3,WarmS/CoolF,pinus,pinus_strobus,4.30,,17.0,,38,,7.98,,23.9,,57,,,
Pist_WarmS/CoolF_B3_R14,3,WarmS/CoolF,pinus,pinus_strobus,6.17,,28.0,,38,,13.24,,41.0,,57,,,
Pist_WarmS/CoolF_B3_R15,3,WarmS/CoolF,pinus,pinus_strobus,6.04,,23.9,,38,,9.61,,31.7,,57,,,
Pist_CoolS/WarmF_B1_R1,1,CoolS/WarmF,pinus,pinus_strobus,5.74,,26.5,,38,,8.45,,32.8,,37,,,
Pist_CoolS/WarmF_B1_R2,1,CoolS/WarmF,pinus,pinus_strobus,5.05,,26.2,,38,,6.74,,28.0,,37,,,
Pist_CoolS/WarmF_B1_R3,1,CoolS/WarmF,pinus,pinus_strobus,4.99,,21.4,,38,,9.05,,24.8,,37,,,
Pist_CoolS/WarmF_B1_R4,1,CoolS/WarmF,pinus,pinus_strobus,5.34,,20.4,,38,,7.32,,27.2,,37,,,
Pist_CoolS/WarmF_B1_R5,1,CoolS/WarmF,pinus,pinus_strobus,4.61,,21.8,,38,,9.03,,33.8,,37,,,
Pist_CoolS/WarmF_B2_R6,2,CoolS/WarmF,pinus,pinus_strobus,5.69,,19.4,,38,,7.06,,19.60,,37,,,
Pist_CoolS/WarmF_B2_R7,2,CoolS/WarmF,pinus,pinus_strobus,5.80,,24.4,,38,,7.92,,30.60,,37,,,
Pist_CoolS/WarmF_B2_R8,2,CoolS/WarmF,pinus,pinus_strobus,4.78,,16.6,,38,,7.11,,18.60,,37,,,
Pist_CoolS/WarmF_B2_R9,2,CoolS/WarmF,pinus,pinus_strobus,5.81,,28.9,,38,,9.31,,38.70,,37,,,
Pist_CoolS/WarmF_B2_R10,2,CoolS/WarmF,pinus,pinus_strobus,5.80,,23.5,,38,,9.79,,32.60,,37,,,
Pist_CoolS/WarmF_B3_R11,3,CoolS/WarmF,pinus,pinus_strobus,5.44,,27.1,,38,,9.43,,30.4,,57,,,
Pist_CoolS/WarmF_B3_R12,3,CoolS/WarmF,pinus,pinus_strobus,6.10,,28.4,,38,,9.26,,31.2,,57,,,
Pist_CoolS/WarmF_B3_R13,3,CoolS/WarmF,pinus,pinus_strobus,5.83,,25.5,,38,,7.54,,29.3,,57,,,
Pist_CoolS/WarmF_B3_R14,3,CoolS/WarmF,pinus,pinus_strobus,5.73,,21.0,,38,,9.83,,25.4,,57,,,
Pist_CoolS/WarmF_B3_R15,3,CoolS/WarmF,pinus,pinus_strobus,5.56,,20.1,,38,,7.17,,20.8,,57,,,
Pist_WarmS/WarmF_B1_R1,1,WarmS/WarmF,pinus,pinus_strobus,5.62,,26.9,,38,,8.51,,32.5,,37,,,
Pist_WarmS/WarmF_B1_R2,1,WarmS/WarmF,pinus,pinus_strobus,5.07,,23.5,,38,,6.75,,29.6,,37,,,
Pist_WarmS/WarmF_B1_R3,1,WarmS/WarmF,pinus,pinus_strobus,5.53,,19.0,,38,,7.65,,24.2,,37,,,
Pist_WarmS/WarmF_B1_R4,1,WarmS/WarmF,pinus,pinus_strobus,5.79,,13.4,,38,,6.55,,24.1,,37,,,
Pist_WarmS/WarmF_B1_R5,1,WarmS/WarmF,pinus,pinus_strobus,4.95,,22.1,,38,,10.73,,40.2,,37,,,
Pist_WarmS/WarmF_B2_R6,2,WarmS/WarmF,pinus,pinus_strobus,5.23,,18.1,,38,,6.98,,23.00,,37,,,
Pist_WarmS/WarmF_B2_R7,2,WarmS/WarmF,pinus,pinus_strobus,5.90,,22.0,,38,,9.22,,26.40,,37,,,
Pist_WarmS/WarmF_B2_R8,2,WarmS/WarmF,pinus,pinus_strobus,5.79,,12.0,,38,,8.14,,22.90,,37,,,
Pist_WarmS/WarmF_B2_R9,2,WarmS/WarmF,pinus,pinus_strobus,5.30,,23.9,,38,,10.34,,37.90,,37,,,
Pist_WarmS/WarmF_B2_R10,2,WarmS/WarmF,pinus,pinus_strobus,5.79,,29.6,,38,,9.85,,36.40,,37,,,
Pist_WarmS/WarmF_B3_R11,3,WarmS/WarmF,pinus,pinus_strobus,4.48,,23.7,,38,,6.8,,25.0,,57,,,
Pist_WarmS/WarmF_B3_R12,3,WarmS/WarmF,pinus,pinus_strobus,5.63,,30.7,,38,,9.04,,37.9,,57,,,
Pist_WarmS/WarmF_B3_R13,3,WarmS/WarmF,pinus,pinus_strobus,5.68,,24.0,,38,,8.58,,38.2,,57,,,
Pist_WarmS/WarmF_B3_R14,3,WarmS/WarmF,pinus,pinus_strobus,5.19,,12.1,,38,,7.22,,27.9,,57,,,
Pist_WarmS/WarmF_B3_R15,3,WarmS/WarmF,pinus,pinus_strobus,4.81,,22.4,,38,,10.4,,32.7,,57,,,
Pist_CoolS/CoolF_B1_R1_nitro,1,CoolS/CoolF_nitro,pinus,pinus_strobus,5.16,,22.9,,38,,7.05,,26.8,,37,,,
Pist_CoolS/CoolF_B1_R2_nitro,1,CoolS/CoolF_nitro,pinus,pinus_strobus,5.32,,29.1,,38,,8.30,,38.8,,37,,,
Pist_CoolS/CoolF_B1_R3_nitro,1,CoolS/CoolF_nitro,pinus,pinus_strobus,5.72,,21.9,,38,,8.90,,27.4,,37,,,
Pist_CoolS/CoolF_B1_R4_nitro,1,CoolS/CoolF_nitro,pinus,pinus_strobus,5.36,,29.7,,38,,7.07,,22.4,,37,,,"Measured lower than last year, don’t know why"
Pist_CoolS/CoolF_B1_R5_nitro,1,CoolS/CoolF_nitro,pinus,pinus_strobus,5.44,,26.1,,38,,7.37,,31.1,,37,,,
Pist_CoolS/CoolF_B2_R6_nitro,2,CoolS/CoolF_nitro,pinus,pinus_strobus,6.50,,26.7,,38,,9.31,,40.30,,37,,,
Pist_CoolS/CoolF_B2_R7_nitro,2,CoolS/CoolF_nitro,pinus,pinus_strobus,5.97,,31.9,,38,,10.82,,42.80,,37,,,
Pist_CoolS/CoolF_B2_R8_nitro,2,CoolS/CoolF_nitro,pinus,pinus_strobus,5.05,,18.7,,38,,8.56,,23.40,,37,,,
Pist_CoolS/CoolF_B2_R9_nitro,2,CoolS/CoolF_nitro,pinus,pinus_strobus,6.06,,27.9,,38,,9.92,,42.40,,37,,,
Pist_CoolS/CoolF_B2_R10_nitro,2,CoolS/CoolF_nitro,pinus,pinus_strobus,5.64,,23.0,,38,,7.05,,24.00,,37,,,
Pist_CoolS/CoolF_B3_R11_nitro,3,CoolS/CoolF_nitro,pinus,pinus_strobus,5.81,,15.2,,38,,6.99,,23.7,,57,,,
Pist_CoolS/CoolF_B3_R12_nitro,3,CoolS/CoolF_nitro,pinus,pinus_strobus,5.82,,18.1,,38,,10.32,,36.4,,57,,,
Pist_CoolS/CoolF_B3_R13_nitro,3,CoolS/CoolF_nitro,pinus,pinus_strobus,4.70,,23.7,,38,,9.89,,29.5,,57,,,
Pist_CoolS/CoolF_B3_R14_nitro,3,CoolS/CoolF_nitro,pinus,pinus_strobus,6.00,,24.9,,38,,8.54,,28.2,,57,,,
Pist_CoolS/CoolF_B3_R15_nitro,3,CoolS/CoolF_nitro,pinus,pinus_strobus,5.40,,28.5,,38,,10.32,,25.00,,57,,,
Pist_WarmS/WarmF_B1_R1_nitro,1,WarmS/WarmF_nitro,pinus,pinus_strobus,5.00,,16.4,,38,,9.72,,35.0,,37,,,
Pist_WarmS/WarmF_B1_R2_nitro,1,WarmS/WarmF_nitro,pinus,pinus_strobus,5.53,,27.2,,38,,6.71,,30.0,,37,,,
Pist_WarmS/WarmF_B1_R3_nitro,1,WarmS/WarmF_nitro,pinus,pinus_strobus,4.73,,22.9,,38,,9.31,,34.1,,37,,,
Pist_WarmS/WarmF_B1_R4_nitro,1,WarmS/WarmF_nitro,pinus,pinus_strobus,3.84,,19.1,,38,,7.94,,33.8,,37,,,
Pist_WarmS/WarmF_B1_R5_nitro,1,WarmS/WarmF_nitro,pinus,pinus_strobus,5.19,,23.2,,38,,10.63,,33.9,,37,,,
Pist_WarmS/WarmF_B2_R6_nitro,2,WarmS/WarmF_nitro,pinus,pinus_strobus,4.82,,20.7,,38,,9.18,,30.60,,37,,,
Pist_WarmS/WarmF_B2_R7_nitro,2,WarmS/WarmF_nitro,pinus,pinus_strobus,4.68,,23.0,,38,,6.54,,25.80,,37,,,
Pist_WarmS/WarmF_B2_R8_nitro,2,WarmS/WarmF_nitro,pinus,pinus_strobus,5.62,,21.9,,38,,11.11,,32.40,,37,,,
Pist_WarmS/WarmF_B2_R9_nitro,2,WarmS/WarmF_nitro,pinus,pinus_strobus,5.95,,31.2,,38,,8.54,,40.60,,37,,,
Pist_WarmS/WarmF_B2_R10_nitro,2,WarmS/WarmF_nitro,pinus,pinus_strobus,5.51,,24.5,,38,,9.78,,39.80,,37,,,
Pist_WarmS/WarmF_B3_R11_nitro,3,WarmS/WarmF_nitro,pinus,pinus_strobus,5.56,,20.5,,38,,10.01,,31.8,,57,,,
Pist_WarmS/WarmF_B3_R12_nitro,3,WarmS/WarmF_nitro,pinus,pinus_strobus,5.54,,27.1,,38,,8.17,,30.0,,57,,,
Pist_WarmS/WarmF_B3_R13_nitro,3,WarmS/WarmF_nitro,pinus,pinus_strobus,5.68,,21.9,,38,,7.91,,25.6,,57,,,
Pist_WarmS/WarmF_B3_R14_nitro,3,WarmS/WarmF_nitro,pinus,pinus_strobus,5.71,,21.0,,38,,9.16,,33.4,,57,,,
Pist_WarmS/WarmF_B3_R15_nitro,3,WarmS/WarmF_nitro,pinus,pinus_strobus,3.76,,12.9,,38,,8.12,,17.1,,57,,,
Poba_CoolS/CoolF_B1_R1,1,CoolS/CoolF,populus,populus_balsamifera,2.95,,21.2,,38,,4.56,,44,,37,,,"measured shoot is dead, another shoot is measured"
Poba_CoolS/CoolF_B1_R2,1,CoolS/CoolF,populus,populus_balsamifera,3.60,,24.1,,38,,5.83,,65.1,,37,,,
Poba_CoolS/CoolF_B1_R3,1,CoolS/CoolF,populus,populus_balsamifera,2.80,,19.2,,38,,4.50,,39.9,,37,,,
Poba_CoolS/CoolF_B1_R4,1,CoolS/CoolF,populus,populus_balsamifera,3.84,,19.8,,38,,4.91,,33.0,,37,,,"measured shoot is dead, another shoot is measured"
Poba_CoolS/CoolF_B1_R5,1,CoolS/CoolF,populus,populus_balsamifera,3.21,,20.0,,38,,4.98,,39.0,,37,,,"measured shoot is dead, another shoot is measured"
Poba_CoolS/CoolF_B2_R6,2,CoolS/CoolF,populus,populus_balsamifera,2.62,,19.6,,38,,3.89,,45.20,,37,,,
Poba_CoolS/CoolF_B2_R7,2,CoolS/CoolF,populus,populus_balsamifera,3.38,,21.2,,38,,4.62,,41.00,,37,,,
Poba_CoolS/CoolF_B2_R8,2,CoolS/CoolF,populus,populus_balsamifera,3.74,,25.8,,38,,5.04,,59.60,,37,no,yes,"measured shoot from 2024 is dead, second shoot is measured and newly marked. newly measured shoot was also measured for shoot elongation in 2024"
Poba_CoolS/CoolF_B2_R9,2,CoolS/CoolF,populus,populus_balsamifera,4.02,,23.4,,38,,5.08,,32.10,,37,,,
Poba_CoolS/CoolF_B2_R10,2,CoolS/CoolF,populus,populus_balsamifera,4.89,,26.0,,38,,5.92,,62.10,,37,,,
Poba_CoolS/CoolF_B3_R11,3,CoolS/CoolF,populus,populus_balsamifera,2.69,,21.2,,38,,2.79,,23.6,,57,no,no,need to measure second shoot
Poba_CoolS/CoolF_B3_R12,3,CoolS/CoolF,populus,populus_balsamifera,3.48,,30.2,,38,,NA,,NA,,57,,,dead
Poba_CoolS/CoolF_B3_R13,3,CoolS/CoolF,populus,populus_balsamifera,3.20,,21.0,,38,,4.73,,39.3,,57,,,
Poba_CoolS/CoolF_B3_R14,3,CoolS/CoolF,populus,populus_balsamifera,2.68,,18.6,,38,,3.32,,32.5,,57,,,
Poba_CoolS/CoolF_B3_R15,3,CoolS/CoolF,populus,populus_balsamifera,3.30,,12.5,,38,,5.13,,63.2,,57,,,
Poba_WarmS/CoolF_B1_R1,1,WarmS/CoolF,populus,populus_balsamifera,4.09,,27.6,,38,,7.04,,42.3,,37,,,
Poba_WarmS/CoolF_B1_R2,1,WarmS/CoolF,populus,populus_balsamifera,4.29,,19.6,,38,,6.00,,29.4,,37,,,
Poba_WarmS/CoolF_B1_R3,1,WarmS/CoolF,populus,populus_balsamifera,2.63,,19.1,,38,,4.94,,48.9,,37,,,
Poba_WarmS/CoolF_B1_R4,1,WarmS/CoolF,populus,populus_balsamifera,2.41,,22.0,,38,,5.61,,50.3,,37,,,
Poba_WarmS/CoolF_B1_R5,1,WarmS/CoolF,populus,populus_balsamifera,3.05,,20.6,,38,,5.26,,47.8,,37,yes,yes,"measured shoot from 2024 is dead, second shoot is measured and newly marked. newly measured shoot was also measured for shoot elongation in 2024"
Poba_WarmS/CoolF_B2_R6,2,WarmS/CoolF,populus,populus_balsamifera,4.08,,19.1,,38,,NA,,NA,,37,,,dead
Poba_WarmS/CoolF_B2_R7,2,WarmS/CoolF,populus,populus_balsamifera,3.46,,27.0,,38,,5.44,,59.80,,37,,,
Poba_WarmS/CoolF_B2_R8,2,WarmS/CoolF,populus,populus_balsamifera,3.18,,20.6,,38,,NA,,NA,,37,,,dead
Poba_WarmS/CoolF_B2_R9,2,WarmS/CoolF,populus,populus_balsamifera,3.15,,22.3,,38,,5.43,,84.40,,37,,,
Poba_WarmS/CoolF_B2_R10,2,WarmS/CoolF,populus,populus_balsamifera,4.29,,22.1,,38,,5.52,,49.60,,37,,,
Poba_WarmS/CoolF_B3_R11,3,WarmS/CoolF,populus,populus_balsamifera,4.07,,23.7,,38,,6.11,,65.5,,57,,,
Poba_WarmS/CoolF_B3_R12,3,WarmS/CoolF,populus,populus_balsamifera,4.05,,19.2,,38,,6.99,,63.9,,57,,,
Poba_WarmS/CoolF_B3_R13,3,WarmS/CoolF,populus,populus_balsamifera,2.78,,22.2,,38,,4.97,,37.6,,57,,,
Poba_WarmS/CoolF_B3_R14,3,WarmS/CoolF,populus,populus_balsamifera,3.50,,21.7,,38,,5.64,,39.3,,57,,,
Poba_WarmS/CoolF_B3_R15,3,WarmS/CoolF,populus,populus_balsamifera,3.83,,19.2,,38,,5.47,,38.4,,57,no,,"apical and lateral meristems are dead, lateral shoot measured only has living lateral buds"
Poba_CoolS/WarmF_B1_R1,1,CoolS/WarmF,populus,populus_balsamifera,2.60,,22.4,,38,,4.27,,26.9,,37,,,
Poba_CoolS/WarmF_B1_R2,1,CoolS/WarmF,populus,populus_balsamifera,3.22,,22.8,,38,,5.03,,46.8,,37,,,
Poba_CoolS/WarmF_B1_R3,1,CoolS/WarmF,populus,populus_balsamifera,2.47,,18.9,,38,,3.97,,29.9,,37,,,
Poba_CoolS/WarmF_B1_R4,1,CoolS/WarmF,populus,populus_balsamifera,3.11,,18.6,,38,,5.12,,46.2,,37,,,
Poba_CoolS/WarmF_B1_R5,1,CoolS/WarmF,populus,populus_balsamifera,3.70,,21.5,,38,,5.56,,36.9,,37,,,
Poba_CoolS/WarmF_B2_R6,2,CoolS/WarmF,populus,populus_balsamifera,3.08,,22.6,,38,,5.02,,56.80,,37,,,
Poba_CoolS/WarmF_B2_R7,2,CoolS/WarmF,populus,populus_balsamifera,5.33,,23.4,,38,,6.90,,35.50,,37,,,
Poba_CoolS/WarmF_B2_R8,2,CoolS/WarmF,populus,populus_balsamifera,3.66,,23.2,,38,,5.50,,27.40,,37,,,
Poba_CoolS/WarmF_B2_R9,2,CoolS/WarmF,populus,populus_balsamifera,3.36,,21.7,,38,,4.73,,42.80,,37,,,
Poba_CoolS/WarmF_B2_R10,2,CoolS/WarmF,populus,populus_balsamifera,3.65,,21.4,,38,,5.35,,49.00,,37,,,
Poba_CoolS/WarmF_B3_R11,3,CoolS/WarmF,populus,populus_balsamifera,3.78,,22.2,,38,,6.14,,47.2,,57,,,
Poba_CoolS/WarmF_B3_R12,3,CoolS/WarmF,populus,populus_balsamifera,4.40,,24.2,,38,,6.32,,60.9,,57,,,
Poba_CoolS/WarmF_B3_R13,3,CoolS/WarmF,populus,populus_balsamifera,2.88,,21.1,,38,,4.71,,50.9,,57,,,
Poba_CoolS/WarmF_B3_R14,3,CoolS/WarmF,populus,populus_balsamifera,3.92,,21.3,,38,,6.37,,57.4,,57,,,
Poba_CoolS/WarmF_B3_R15,3,CoolS/WarmF,populus,populus_balsamifera,3.64,,24.5,,38,,5.88,,64.6,,57,,,
Poba_WarmS/WarmF_B1_R1,1,WarmS/WarmF,populus,populus_balsamifera,5.02,,22.3,,38,,6.76,,65.9,,37,,,
Poba_WarmS/WarmF_B1_R2,1,WarmS/WarmF,populus,populus_balsamifera,4.98,,25.5,,38,,7.25,,37.1,,37,,,
Poba_WarmS/WarmF_B1_R3,1,WarmS/WarmF,populus,populus_balsamifera,4.27,,22.1,,38,,5.82,,32.3,,37,,,
Poba_WarmS/WarmF_B1_R4,1,WarmS/WarmF,populus,populus_balsamifera,4.59,,25.3,,38,,7.17,,35.7,,37,yes,yes,
Poba_WarmS/WarmF_B1_R5,1,WarmS/WarmF,populus,populus_balsamifera,4.09,,24.2,,38,,6.08,,44.4,,37,,,
Poba_WarmS/WarmF_B2_R6,2,WarmS/WarmF,populus,populus_balsamifera,5.07,,25.2,,38,,7.38,,29.80,,37,,,
Poba_WarmS/WarmF_B2_R7,2,WarmS/WarmF,populus,populus_balsamifera,4.89,,27.5,,38,,6.39,,29.10,,37,,,
Poba_WarmS/WarmF_B2_R8,2,WarmS/WarmF,populus,populus_balsamifera,3.11,,22.0,,38,,4.93,,37.80,,37,,,
Poba_WarmS/WarmF_B2_R9,2,WarmS/WarmF,populus,populus_balsamifera,3.98,,23.2,,38,,7.15,,63.40,,37,,,
Poba_WarmS/WarmF_B2_R10,2,WarmS/WarmF,populus,populus_balsamifera,4.86,,21.7,,38,,7.08,,38.50,,37,,,
Poba_WarmS/WarmF_B3_R11,3,WarmS/WarmF,populus,populus_balsamifera,3.60,,21.3,,38,,5.15,,21.5,,57,,,
Poba_WarmS/WarmF_B3_R12,3,WarmS/WarmF,populus,populus_balsamifera,4.37,,22.3,,38,,5.92,,28.9,,57,,,apical shoot died
Poba_WarmS/WarmF_B3_R13,3,WarmS/WarmF,populus,populus_balsamifera,3.83,,24.3,,38,,5.4,,56.2,,57,,,
Poba_WarmS/WarmF_B3_R14,3,WarmS/WarmF,populus,populus_balsamifera,3.74,,20.4,,38,,5.82,,32.2,,57,,,
Poba_WarmS/WarmF_B3_R15,3,WarmS/WarmF,populus,populus_balsamifera,4.12,,24.6,,38,,5.37,,43.3,,57,,,
Poba_CoolS/CoolF_B1_R1_nitro,1,CoolS/CoolF_nitro,populus,populus_balsamifera,3.38,,25.2,,38,,7.47,,56.9,,37,yes,yes,
Poba_CoolS/CoolF_B1_R2_nitro,1,CoolS/CoolF_nitro,populus,populus_balsamifera,3.64,,29.0,,38,,5.16,,53.8,,37,yes,yes,
Poba_CoolS/CoolF_B1_R3_nitro,1,CoolS/CoolF_nitro,populus,populus_balsamifera,3.84,,24.8,,38,,5.58,,46,,37,yes,yes,
Poba_CoolS/CoolF_B1_R4_nitro,1,CoolS/CoolF_nitro,populus,populus_balsamifera,4.57,,27.8,,38,,6.87,,46.5,,37,,,
Poba_CoolS/CoolF_B1_R5_nitro,1,CoolS/CoolF_nitro,populus,populus_balsamifera,2.62,,22.2,,38,,4.79,,58.6,,37,,,
Poba_CoolS/CoolF_B2_R6_nitro,2,CoolS/CoolF_nitro,populus,populus_balsamifera,3.96,,30.5,,38,,5.92,,53.50,,37,yes,yes,"measured shoot from 2024 is dead, second shoot is measured and newly marked. newly measured shoot was also measured for shoot elongation in 2024"
Poba_CoolS/CoolF_B2_R7_nitro,2,CoolS/CoolF_nitro,populus,populus_balsamifera,4.71,,27.6,,38,,6.76,,47.40,,37,,,
Poba_CoolS/CoolF_B2_R8_nitro,2,CoolS/CoolF_nitro,populus,populus_balsamifera,3.75,,23.9,,38,,4.55,,43.80,,37,yes,yes,
Poba_CoolS/CoolF_B2_R9_nitro,2,CoolS/CoolF_nitro,populus,populus_balsamifera,4.71,,23.8,,38,,5.45,,30.10,,37,,,
Poba_CoolS/CoolF_B2_R10_nitro,2,CoolS/CoolF_nitro,populus,populus_balsamifera,4.09,,24.9,,38,,7.10,,60.00,,37,,,
Poba_CoolS/CoolF_B3_R11_nitro,3,CoolS/CoolF_nitro,populus,populus_balsamifera,3.87,,28.2,,38,,5.53,,44.4,,57,,,
Poba_CoolS/CoolF_B3_R12_nitro,3,CoolS/CoolF_nitro,populus,populus_balsamifera,3.41,,26.6,,38,,5.93,,59.6,,57,,,
Poba_CoolS/CoolF_B3_R13_nitro,3,CoolS/CoolF_nitro,populus,populus_balsamifera,4.46,,27.2,,38,,5.88,,36.5,,57,,,
Poba_CoolS/CoolF_B3_R14_nitro,3,CoolS/CoolF_nitro,populus,populus_balsamifera,3.54,,25.5,,38,,5.1,,55.2,,57,,,
Poba_CoolS/CoolF_B3_R15_nitro,3,CoolS/CoolF_nitro,populus,populus_balsamifera,3.13,,27.3,,38,,6.03,,56.2,,57,yes,yes,
Poba_WarmS/WarmF_B1_R1_nitro,1,WarmS/WarmF_nitro,populus,populus_balsamifera,3.95,,23.6,,38,,6.81,,55.8,,37,,,
Poba_WarmS/WarmF_B1_R2_nitro,1,WarmS/WarmF_nitro,populus,populus_balsamifera,4.33,,30.2,,38,,6.20,,36.9,,37,,,
Poba_WarmS/WarmF_B1_R3_nitro,1,WarmS/WarmF_nitro,populus,populus_balsamifera,4.07,,29.8,,38,,5.82,,32.9,,37,,,
Poba_WarmS/WarmF_B1_R4_nitro,1,WarmS/WarmF_nitro,populus,populus_balsamifera,3.59,,23.0,,38,,5.51,,17.5,,37,,,"measured shoot is dead, another shoot is measured"
Poba_WarmS/WarmF_B1_R5_nitro,1,WarmS/WarmF_nitro,populus,populus_balsamifera,3.85,,27.6,,38,,5.71,,62.8,,37,,,
Poba_WarmS/WarmF_B2_R6_nitro,2,WarmS/WarmF_nitro,populus,populus_balsamifera,4.12,,28.6,,38,,5.91,,46.90,,37,,,
Poba_WarmS/WarmF_B2_R7_nitro,2,WarmS/WarmF_nitro,populus,populus_balsamifera,3.69,,25.8,,38,,6.04,,51.10,,37,,,
Poba_WarmS/WarmF_B2_R8_nitro,2,WarmS/WarmF_nitro,populus,populus_balsamifera,2.78,,25.7,,38,,5.07,,39.70,,37,,,
Poba_WarmS/WarmF_B2_R9_nitro,2,WarmS/WarmF_nitro,populus,populus_balsamifera,4.46,,28.1,,38,,NA,,NA,,37,,,dead
Poba_WarmS/WarmF_B2_R10_nitro,2,WarmS/WarmF_nitro,populus,populus_balsamifera,3.86,,23.2,,38,,6.11,,58.80,,37,yes,yes,
Poba_WarmS/WarmF_B3_R11_nitro,3,WarmS/WarmF_nitro,populus,populus_balsamifera,4.42,,26.4,,38,,6.73,,31.5,,57,,,
Poba_WarmS/WarmF_B3_R12_nitro,3,WarmS/WarmF_nitro,populus,populus_balsamifera,4.18,,22.4,,38,,6.8,,37.4,,57,,,
Poba_WarmS/WarmF_B3_R13_nitro,3,WarmS/WarmF_nitro,populus,populus_balsamifera,3.62,,25.6,,38,,6.06,,40.5,,57,,,
Poba_WarmS/WarmF_B3_R14_nitro,3,WarmS/WarmF_nitro,populus,populus_balsamifera,3.59,,27.2,,38,,6.69,,62.0,,57,,,
Poba_WarmS/WarmF_B3_R15_nitro,3,WarmS/WarmF_nitro,populus,populus_balsamifera,2.94,,24.7,,38,,5.91,,60.4,,57,,,
Prvi_CoolS/CoolF_B1_R1,1,CoolS/CoolF,prunus,prunus_virginiana,4.64,,8.0,,38,,4.55,2.78,5.8,14.6,37,no,,"measured shoot from 2024 is dead, second shoot is measured and newly marked. newly measured shoot was also measured for shoot elongation in 2024. main trunk is still alive and its height is measured on highest lateral bud"
Prvi_CoolS/CoolF_B1_R2,1,CoolS/CoolF,prunus,prunus_virginiana,3.47,,17.0,,38,,3.62,,18.8,,37,,,
Prvi_CoolS/CoolF_B1_R3,1,CoolS/CoolF,prunus,prunus_virginiana,3.23,,9.8,,38,,3.33,,9.6,,37,,,
Prvi_CoolS/CoolF_B1_R4,1,CoolS/CoolF,prunus,prunus_virginiana,3.15,,10.1,,38,,3.16,,11.2,,37,,,
Prvi_CoolS/CoolF_B1_R5,1,CoolS/CoolF,prunus,prunus_virginiana,2.69,,19.5,,38,,3.40,,19.7,,37,,,
Prvi_CoolS/CoolF_B2_R6,2,CoolS/CoolF,prunus,prunus_virginiana,3.83,,22.0,,38,,4.49,,22.30,,37,,,
Prvi_CoolS/CoolF_B2_R7,2,CoolS/CoolF,prunus,prunus_virginiana,4.05,,16.3,,38,,4.19,,16.60,,37,,,
Prvi_CoolS/CoolF_B2_R8,2,CoolS/CoolF,prunus,prunus_virginiana,5.94,,13.0,,38,,6.45,,12.40,,37,no,,
Prvi_CoolS/CoolF_B2_R9,2,CoolS/CoolF,prunus,prunus_virginiana,4.71,,16.6,,38,,5.02,,19.50,,37,,,
Prvi_CoolS/CoolF_B2_R10,2,CoolS/CoolF,prunus,prunus_virginiana,5.44,,18.5,,38,,5.72,,18.40,,37,,,
Prvi_CoolS/CoolF_B3_R11,3,CoolS/CoolF,prunus,prunus_virginiana,2.22,,10.0,,38,,2.26,2.83,10.9,5.7,57,,,
Prvi_CoolS/CoolF_B3_R12,3,CoolS/CoolF,prunus,prunus_virginiana,2.75,,13.9,,38,,2.77,,6.1,,57,no,,"apical shoot died, new lateral shoot measured, lateral shoot where the tag is"
Prvi_CoolS/CoolF_B3_R13,3,CoolS/CoolF,prunus,prunus_virginiana,2.41,,10.0,,38,,2.74,,10.9,,57,,,
Prvi_CoolS/CoolF_B3_R14,3,CoolS/CoolF,prunus,prunus_virginiana,2.17,,10.6,,38,,2.02,,11.8,,72,no,,doy72: alive in the end. So measured on doy72. main shoot dead so new shoot measured. Diameter from last year is not good 
Prvi_CoolS/CoolF_B3_R15,3,CoolS/CoolF,prunus,prunus_virginiana,2.90,,11.6,,38,,3.42,,10.5,,57,no,,"apical shoot died, new lateral shoot measured"
Prvi_WarmS/CoolF_B1_R1,1,WarmS/CoolF,prunus,prunus_virginiana,3.67,,13.0,,38,,3.75,,13.0,,37,,,
Prvi_WarmS/CoolF_B1_R2,1,WarmS/CoolF,prunus,prunus_virginiana,3.29,,12.7,,38,,3.36,,14.2,,37,,,
Prvi_WarmS/CoolF_B1_R3,1,WarmS/CoolF,prunus,prunus_virginiana,3.35,,17.8,,38,,3.66,3.23,18.2,18.6,37,,,new second shoot
Prvi_WarmS/CoolF_B1_R4,1,WarmS/CoolF,prunus,prunus_virginiana,2.54,,16.0,,38,,2.55,,18.2,,37,,,
Prvi_WarmS/CoolF_B1_R5,1,WarmS/CoolF,prunus,prunus_virginiana,4.00,,15.5,,38,,4.56,,17.2,,37,,,
Prvi_WarmS/CoolF_B2_R6,2,WarmS/CoolF,prunus,prunus_virginiana,4.96,,28.8,,38,,5.25,,29.60,,37,,,
Prvi_WarmS/CoolF_B2_R7,2,WarmS/CoolF,prunus,prunus_virginiana,4.56,,13.4,,38,,4.83,,14.80,,37,,,
Prvi_WarmS/CoolF_B2_R8,2,WarmS/CoolF,prunus,prunus_virginiana,3.20,,15.8,,38,,3.85,,16.30,,37,,,
Prvi_WarmS/CoolF_B2_R9,2,WarmS/CoolF,prunus,prunus_virginiana,3.85,,25.4,,38,,3.82,,26.90,,37,,,
Prvi_WarmS/CoolF_B2_R10,2,WarmS/CoolF,prunus,prunus_virginiana,4.64,,19.8,,38,,NA,,NA,,37,,,dead
Prvi_WarmS/CoolF_B3_R11,3,WarmS/CoolF,prunus,prunus_virginiana,3.76,,9.4,,38,,NA,,NA,,57,,,dead
Prvi_WarmS/CoolF_B3_R12,3,WarmS/CoolF,prunus,prunus_virginiana,2.47,na,16.9,,38,,2.59,1.95,16.6,12.8,57,,,new second shoot
Prvi_WarmS/CoolF_B3_R13,3,WarmS/CoolF,prunus,prunus_virginiana,4.33,,5.8,,38,,4.41,,7.6,,57,,,
Prvi_WarmS/CoolF_B3_R14,3,WarmS/CoolF,prunus,prunus_virginiana,2.84,,16.0,,38,,3.49,,16.9,,57,,,
Prvi_WarmS/CoolF_B3_R15,3,WarmS/CoolF,prunus,prunus_virginiana,4.28,,22.8,,38,,NA,,NA,,57,no,,newly measured shoot;looks dead
Prvi_CoolS/WarmF_B1_R1,1,CoolS/WarmF,prunus,prunus_virginiana,3.47,,24.6,,38,,2.47,,7.70,,37,no,no,"measured shoot from 2024 is dead, second shoot is measured and newly marked."
Prvi_CoolS/WarmF_B1_R2,1,CoolS/WarmF,prunus,prunus_virginiana,3.16,,8.0,,38,,3.46,,8.2,,37,,,
Prvi_CoolS/WarmF_B1_R3,1,CoolS/WarmF,prunus,prunus_virginiana,4.18,,23.5,,38,,4.39,,10.7,,37,no,yes,"measured shoot is dead, another shoot is measured"
Prvi_CoolS/WarmF_B1_R4,1,CoolS/WarmF,prunus,prunus_virginiana,3.25,,9.5,,38,,3.53,,10.2,,37,,,
Prvi_CoolS/WarmF_B1_R5,1,CoolS/WarmF,prunus,prunus_virginiana,4.75,,19.0,,38,,4.83,,19.0,,37,,,
Prvi_CoolS/WarmF_B2_R6,2,CoolS/WarmF,prunus,prunus_virginiana,4.66,,15.1,,38,,NA,,NA,,37,,,dead
Prvi_CoolS/WarmF_B2_R7,2,CoolS/WarmF,prunus,prunus_virginiana,4.75,,16.5,,38,,4.96,,17.00,,37,,,
Prvi_CoolS/WarmF_B2_R8,2,CoolS/WarmF,prunus,prunus_virginiana,4.34,,4.0,,38,,4.58,,7.80,,37,no,no,"measured shoot from 2024 is dead, second shoot is measured and newly marked."
Prvi_CoolS/WarmF_B2_R9,2,CoolS/WarmF,prunus,prunus_virginiana,5.44,,35.4,,38,,5.71,,35.80,,37,,,
Prvi_CoolS/WarmF_B2_R10,2,CoolS/WarmF,prunus,prunus_virginiana,4.36,,21.7,,38,,4.53,,23.40,,37,,,
Prvi_CoolS/WarmF_B3_R11,3,CoolS/WarmF,prunus,prunus_virginiana,5.47,,12.4,,38,,5.48,,NA,,57,no,,"No apical bud, shoot is probably dead"
Prvi_CoolS/WarmF_B3_R12,3,CoolS/WarmF,prunus,prunus_virginiana,3.51,,12.8,,38,,3.96,,13.4,,57,,,
Prvi_CoolS/WarmF_B3_R13,3,CoolS/WarmF,prunus,prunus_virginiana,4.34,,16.0,,38,,3.48,2.57,5.2,,57,no,no,main shoot dead. Two new shoots measured
Prvi_CoolS/WarmF_B3_R14,3,CoolS/WarmF,prunus,prunus_virginiana,3.54,,15.7,,38,,3.65,,16.5,,57,,,
Prvi_CoolS/WarmF_B3_R15,3,CoolS/WarmF,prunus,prunus_virginiana,5.15,,7.0,,38,,,,7.3,,57,no,,missing tag
Prvi_WarmS/WarmF_B1_R1,1,WarmS/WarmF,prunus,prunus_virginiana,6.06,,18.1,,38,,6.05,,19.4,,37,,,
Prvi_WarmS/WarmF_B1_R2,1,WarmS/WarmF,prunus,prunus_virginiana,3.17,,11.4,,38,,NA,,NA,,37,,,Dead
Prvi_WarmS/WarmF_B1_R3,1,WarmS/WarmF,prunus,prunus_virginiana,3.14,,11.8,,38,,3.56,,18.0,,37,,,
Prvi_WarmS/WarmF_B1_R4,1,WarmS/WarmF,prunus,prunus_virginiana,3.74,,12.2,,38,,4.29,,11.7,,37,,,
Prvi_WarmS/WarmF_B1_R5,1,WarmS/WarmF,prunus,prunus_virginiana,6.48,,17.2,,38,,6.24,,10.4,,37,no,yes,"measured shoot is dead, another shoot is measured"
Prvi_WarmS/WarmF_B2_R6,2,WarmS/WarmF,prunus,prunus_virginiana,4.42,,17.7,,38,,4.75,,34.90,,37,,,
Prvi_WarmS/WarmF_B2_R7,2,WarmS/WarmF,prunus,prunus_virginiana,3.85,,14.0,,38,,4.35,,11.90,,37,no,,apical shoot died
Prvi_WarmS/WarmF_B2_R8,2,WarmS/WarmF,prunus,prunus_virginiana,4.64,,26.3,,38,,5.33,,12.70,,37,no,,"measurement will probably be invalid, frost damage. Lateral shoot measured for height."
Prvi_WarmS/WarmF_B2_R9,2,WarmS/WarmF,prunus,prunus_virginiana,3.77,,28.5,,38,,4.34,,32.10,,37,,,
Prvi_WarmS/WarmF_B2_R10,2,WarmS/WarmF,prunus,prunus_virginiana,4.57,,17.1,,38,,NA,,NA,,37,,,dead
Prvi_WarmS/WarmF_B3_R11,3,WarmS/WarmF,prunus,prunus_virginiana,2.91,,19.5,,38,,3.29,,26,,57,,,
Prvi_WarmS/WarmF_B3_R12,3,WarmS/WarmF,prunus,prunus_virginiana,3.47,,12.2,,38,,3.38,1.35,12.8,4.1,57,,,
Prvi_WarmS/WarmF_B3_R13,3,WarmS/WarmF,prunus,prunus_virginiana,4.04,,15.0,,38,,4.45,1.9,17.5,7,57,,,
Prvi_WarmS/WarmF_B3_R14,3,WarmS/WarmF,prunus,prunus_virginiana,3.69,,10.8,,38,,3.82,,12,,57,,,
Prvi_WarmS/WarmF_B3_R15,3,WarmS/WarmF,prunus,prunus_virginiana,4.22,,15.9,,38,,4.86,,17.6,,57,,,
Prvi_CoolS/CoolF_B1_R1_nitro,1,CoolS/CoolF_nitro,prunus,prunus_virginiana,2.71,,16.4,,38,,2.90,,16.3,,37,,,
Prvi_CoolS/CoolF_B1_R2_nitro,1,CoolS/CoolF_nitro,prunus,prunus_virginiana,3.59,,9.5,,38,,3.66,2.19,7.6,8.2,37,no,,"measured shoot from 2024 is dead, second shoot is measured and newly marked. newly measured shoot was also measured for shoot elongation in 2024; main trunk has still living buds and the highest one is the measured height"
Prvi_CoolS/CoolF_B1_R3_nitro,1,CoolS/CoolF_nitro,prunus,prunus_virginiana,4.66,,12.4,,38,,4.42,,12.5,,37,,,
Prvi_CoolS/CoolF_B1_R4_nitro,1,CoolS/CoolF_nitro,prunus,prunus_virginiana,4.09,,14.2,,38,,2.62,2.32,5.2,3.4,37,no,no,"measured shoot from 2024 is dead, second shoot is measured and newly marked."
Prvi_CoolS/CoolF_B1_R5_nitro,1,CoolS/CoolF_nitro,prunus,prunus_virginiana,4.79,,15.6,,38,,4.29,,14.5,,37,,,
Prvi_CoolS/CoolF_B2_R6_nitro,2,CoolS/CoolF_nitro,prunus,prunus_virginiana,4.06,,13.5,,38,,4.86,,13.50,,37,,,
Prvi_CoolS/CoolF_B2_R7_nitro,2,CoolS/CoolF_nitro,prunus,prunus_virginiana,3.22,,18.2,,38,,3.46,,20.00,,37,,,
Prvi_CoolS/CoolF_B2_R8_nitro,2,CoolS/CoolF_nitro,prunus,prunus_virginiana,3.19,,15.5,,38,,3.51,,16.30,,37,,,
Prvi_CoolS/CoolF_B2_R9_nitro,2,CoolS/CoolF_nitro,prunus,prunus_virginiana,3.75,,14.4,,38,,3.88,,15.40,,37,,,
Prvi_CoolS/CoolF_B2_R10_nitro,2,CoolS/CoolF_nitro,prunus,prunus_virginiana,3.65,,16.7,,38,,4.08,,16.60,,37,,,
Prvi_CoolS/CoolF_B3_R11_nitro,3,CoolS/CoolF_nitro,prunus,prunus_virginiana,3.10,,15.9,,38,,NA,,NA,,57,,,dead
Prvi_CoolS/CoolF_B3_R12_nitro,3,CoolS/CoolF_nitro,prunus,prunus_virginiana,3.40,,12.5,,38,,3.67,,12.5,,57,,,
Prvi_CoolS/CoolF_B3_R13_nitro,3,CoolS/CoolF_nitro,prunus,prunus_virginiana,3.83,,16.0,,38,,4.12,,16.2,,57,,,
Prvi_CoolS/CoolF_B3_R14_nitro,3,CoolS/CoolF_nitro,prunus,prunus_virginiana,3.35,,20.5,,38,,4.02,,28.1,,57,,,
Prvi_CoolS/CoolF_B3_R15_nitro,3,CoolS/CoolF_nitro,prunus,prunus_virginiana,3.81,,17.3,,38,,4.75,,7.9,,57,no,,"apical shoot died, new lateral shoot measured"
Prvi_WarmS/WarmF_B1_R1_nitro,1,WarmS/WarmF_nitro,prunus,prunus_virginiana,3.03,,9.4,,38,,2.93,,10.9,,37,,,
Prvi_WarmS/WarmF_B1_R2_nitro,1,WarmS/WarmF_nitro,prunus,prunus_virginiana,2.89,,15.5,,38,,3.48,,15.6,,37,,,
Prvi_WarmS/WarmF_B1_R3_nitro,1,WarmS/WarmF_nitro,prunus,prunus_virginiana,3.03,,11.4,,38,,2.04,,11.2,,37,,no,new shoot measured
Prvi_WarmS/WarmF_B1_R4_nitro,1,WarmS/WarmF_nitro,prunus,prunus_virginiana,6.42,,16.1,,38,,6.04,,11.8,,37,,,
Prvi_WarmS/WarmF_B1_R5_nitro,1,WarmS/WarmF_nitro,prunus,prunus_virginiana,3.47,,12.8,,38,,3.82,,15.2,,37,,,
Prvi_WarmS/WarmF_B2_R6_nitro,2,WarmS/WarmF_nitro,prunus,prunus_virginiana,3.88,,13.6,,38,,3.93,,13.50,,37,,,
Prvi_WarmS/WarmF_B2_R7_nitro,2,WarmS/WarmF_nitro,prunus,prunus_virginiana,2.95,,11.5,,38,,3.09,3.35,12.10,14.4,37,,,
Prvi_WarmS/WarmF_B2_R8_nitro,2,WarmS/WarmF_nitro,prunus,prunus_virginiana,4.00,,17.8,,38,,NA,,NA,NA,37,no,,lateral shoot snapped off
Prvi_WarmS/WarmF_B2_R9_nitro,2,WarmS/WarmF_nitro,prunus,prunus_virginiana,2.72,,9.5,,38,,3.57,,9.80,,37,,,
Prvi_WarmS/WarmF_B2_R10_nitro,2,WarmS/WarmF_nitro,prunus,prunus_virginiana,4.21,,24.0,,38,,5.30,,24.00,,37,,,
Prvi_WarmS/WarmF_B3_R11_nitro,3,WarmS/WarmF_nitro,prunus,prunus_virginiana,5.57,,18.9,,38,,6.47,,21.0,,57,,,
Prvi_WarmS/WarmF_B3_R12_nitro,3,WarmS/WarmF_nitro,prunus,prunus_virginiana,3.81,,21.8,,38,,4.17,3.7,24.7,19.3,57,,,
Prvi_WarmS/WarmF_B3_R13_nitro,3,WarmS/WarmF_nitro,prunus,prunus_virginiana,7.44,,16.8,,38,,8.14,,17.9,,57,,,
Prvi_WarmS/WarmF_B3_R14_nitro,3,WarmS/WarmF_nitro,prunus,prunus_virginiana,3.34,,8.7,,38,,3.64,,10.8,,57,,,
Prvi_WarmS/WarmF_B3_R15_nitro,3,WarmS/WarmF_nitro,prunus,prunus_virginiana,4.04,,15.5,,38,,4.27,,10.4,,57,no,,"apical shoot died, new lateral shoot measured"
Quma_CoolS/CoolF_B1_R1,1,CoolS/CoolF,quercus,quercus_macrocarpa,4.27,,24.2,,38,,6.49,,27.2,,37,,,
Quma_CoolS/CoolF_B1_R2,1,CoolS/CoolF,quercus,quercus_macrocarpa,7.90,,25.6,,38,,9.51,,27.8,,37,,,
Quma_CoolS/CoolF_B1_R3,1,CoolS/CoolF,quercus,quercus_macrocarpa,4.27,,30.3,,38,,5.75,,31.1,,37,,,
Quma_CoolS/CoolF_B1_R4,1,CoolS/CoolF,quercus,quercus_macrocarpa,5.57,,27.4,,38,,8.97,,39.1,,37,,,
Quma_CoolS/CoolF_B1_R5,1,CoolS/CoolF,quercus,quercus_macrocarpa,5.35,,20.4,,38,,6.89,,23.3,,37,,,
Quma_CoolS/CoolF_B2_R6,2,CoolS/CoolF,quercus,quercus_macrocarpa,4.56,,27.0,,38,,7.99,,38.60,,37,,,
Quma_CoolS/CoolF_B2_R7,2,CoolS/CoolF,quercus,quercus_macrocarpa,5.01,,24.8,,38,,8.70,,46.30,,37,,,
Quma_CoolS/CoolF_B2_R8,2,CoolS/CoolF,quercus,quercus_macrocarpa,4.88,,27.0,,38,,8.63,,44.30,,37,,,
Quma_CoolS/CoolF_B2_R9,2,CoolS/CoolF,quercus,quercus_macrocarpa,3.26,,23.6,,38,,5.03,,25.10,,37,,,
Quma_CoolS/CoolF_B2_R10,2,CoolS/CoolF,quercus,quercus_macrocarpa,5.80,,24.9,,38,,7.31,,27.00,,37,,,
Quma_CoolS/CoolF_B3_R11,3,CoolS/CoolF,quercus,quercus_macrocarpa,4.54,,24.0,,38,,7.39,,24.0,,57,no,,"apical shoot died, new lateral shoot measured"
Quma_CoolS/CoolF_B3_R12,3,CoolS/CoolF,quercus,quercus_macrocarpa,4.55,,26.6,,38,,7.76,,43.0,,57,,,
Quma_CoolS/CoolF_B3_R13,3,CoolS/CoolF,quercus,quercus_macrocarpa,5.05,,29.6,,38,,7.99,,48.6,,57,,,
Quma_CoolS/CoolF_B3_R14,3,CoolS/CoolF,quercus,quercus_macrocarpa,4.43,,20.6,,38,,6.2,,21.9,,57,,,
Quma_CoolS/CoolF_B3_R15,3,CoolS/CoolF,quercus,quercus_macrocarpa,5.30,,26.8,,38,,9.66,,33.9,,57,,,
Quma_WarmS/CoolF_B1_R1,1,WarmS/CoolF,quercus,quercus_macrocarpa,3.92,,26.6,,38,,6.11,,28.9,,37,,,
Quma_WarmS/CoolF_B1_R2,1,WarmS/CoolF,quercus,quercus_macrocarpa,4.04,,26.7,,38,,6.31,,32.0,,37,,,
Quma_WarmS/CoolF_B1_R3,1,WarmS/CoolF,quercus,quercus_macrocarpa,3.88,,21.2,,38,,5.22,,25.1,,37,,,
Quma_WarmS/CoolF_B1_R4,1,WarmS/CoolF,quercus,quercus_macrocarpa,4.41,,18.6,,38,,5.88,,19.8,,37,,,
Quma_WarmS/CoolF_B1_R5,1,WarmS/CoolF,quercus,quercus_macrocarpa,5.00,,22.0,,38,,6.65,,26.7,,37,,,
Quma_WarmS/CoolF_B2_R6,2,WarmS/CoolF,quercus,quercus_macrocarpa,4.79,,30.5,,38,,6.99,,31.10,,37,,,
Quma_WarmS/CoolF_B2_R7,2,WarmS/CoolF,quercus,quercus_macrocarpa,4.19,,20.4,,38,,6.86,,26.30,,37,,,
Quma_WarmS/CoolF_B2_R8,2,WarmS/CoolF,quercus,quercus_macrocarpa,4.27,,23.7,,38,,6.71,,28.30,,37,,,
Quma_WarmS/CoolF_B2_R9,2,WarmS/CoolF,quercus,quercus_macrocarpa,5.11,,24.2,,38,,7.83,,27.70,,37,,,
Quma_WarmS/CoolF_B2_R10,2,WarmS/CoolF,quercus,quercus_macrocarpa,4.00,,18.0,,38,,5.51,,21.20,,37,,,
Quma_WarmS/CoolF_B3_R11,3,WarmS/CoolF,quercus,quercus_macrocarpa,4.78,,23.4,,38,,8.41,,24.6,,57,,,
Quma_WarmS/CoolF_B3_R12,3,WarmS/CoolF,quercus,quercus_macrocarpa,3.80,,21.2,,38,,4.8,,27.9,,57,,,
Quma_WarmS/CoolF_B3_R13,3,WarmS/CoolF,quercus,quercus_macrocarpa,5.26,,30.0,,38,,6.13,,33.4,,57,,,
Quma_WarmS/CoolF_B3_R14,3,WarmS/CoolF,quercus,quercus_macrocarpa,4.17,,22.8,,38,,8.39,,28.4,,57,,,
Quma_WarmS/CoolF_B3_R15,3,WarmS/CoolF,quercus,quercus_macrocarpa,4.68,,21.4,,38,,6.07,,27.1,,57,,,
Quma_CoolS/WarmF_B1_R1,1,CoolS/WarmF,quercus,quercus_macrocarpa,5.13,,25.0,,38,,8.48,,34.3,,37,,,
Quma_CoolS/WarmF_B1_R2,1,CoolS/WarmF,quercus,quercus_macrocarpa,4.37,,20.5,,38,,6.90,,37.2,,37,,,
Quma_CoolS/WarmF_B1_R3,1,CoolS/WarmF,quercus,quercus_macrocarpa,4.33,,21.0,,38,,6.95,,25.4,,37,,,
Quma_CoolS/WarmF_B1_R4,1,CoolS/WarmF,quercus,quercus_macrocarpa,4.49,,21.2,,38,,7.47,,34.5,,37,,,
Quma_CoolS/WarmF_B1_R5,1,CoolS/WarmF,quercus,quercus_macrocarpa,6.01,,22.1,,38,,6.50,,23.1,,37,,,
Quma_CoolS/WarmF_B2_R6,2,CoolS/WarmF,quercus,quercus_macrocarpa,5.08,,25.7,,38,,6.38,,28.70,,37,,,
Quma_CoolS/WarmF_B2_R7,2,CoolS/WarmF,quercus,quercus_macrocarpa,4.17,,28.6,,38,,5.96,,40.30,,37,,,
Quma_CoolS/WarmF_B2_R8,2,CoolS/WarmF,quercus,quercus_macrocarpa,4.36,,26.1,,38,,6.06,,45.40,,37,,,
Quma_CoolS/WarmF_B2_R9,2,CoolS/WarmF,quercus,quercus_macrocarpa,4.25,,27.1,,38,,8.32,,53.90,,37,,,
Quma_CoolS/WarmF_B2_R10,2,CoolS/WarmF,quercus,quercus_macrocarpa,4.02,,21.8,,38,,6.95,,24.20,,37,,,
Quma_CoolS/WarmF_B3_R11,3,CoolS/WarmF,quercus,quercus_macrocarpa,3.47,,19.5,,38,,5.08,,21.6,,57,,,
Quma_CoolS/WarmF_B3_R12,3,CoolS/WarmF,quercus,quercus_macrocarpa,4.41,,25.3,,38,,7.06,,35.0,,57,,,
Quma_CoolS/WarmF_B3_R13,3,CoolS/WarmF,quercus,quercus_macrocarpa,3.71,,24.8,,38,,5.28,,24.9,,57,,,apical shoot snapped off
Quma_CoolS/WarmF_B3_R14,3,CoolS/WarmF,quercus,quercus_macrocarpa,5.35,,25.6,,38,,NA,,NA,,57,,,dead
Quma_CoolS/WarmF_B3_R15,3,CoolS/WarmF,quercus,quercus_macrocarpa,6.55,,29.2,,38,,8.52,,30.9,,57,,,
Quma_WarmS/WarmF_B1_R1,1,WarmS/WarmF,quercus,quercus_macrocarpa,4.11,,28.5,,38,,6.49,,30.1,,37,,,
Quma_WarmS/WarmF_B1_R2,1,WarmS/WarmF,quercus,quercus_macrocarpa,3.75,,24.9,,38,,6.02,,37.8,,37,,,
Quma_WarmS/WarmF_B1_R3,1,WarmS/WarmF,quercus,quercus_macrocarpa,4.07,,25.2,,38,,5.86,,29.0,,37,,,
Quma_WarmS/WarmF_B1_R4,1,WarmS/WarmF,quercus,quercus_macrocarpa,4.30,,23.3,,38,,6.93,,39.3,,37,,,
Quma_WarmS/WarmF_B1_R5,1,WarmS/WarmF,quercus,quercus_macrocarpa,5.29,,21.7,,38,,9.27,,31.1,,37,,,
Quma_WarmS/WarmF_B2_R6,2,WarmS/WarmF,quercus,quercus_macrocarpa,4.38,,21.9,,38,,NA,,NA,,37,,,dead
Quma_WarmS/WarmF_B2_R7,2,WarmS/WarmF,quercus,quercus_macrocarpa,4.65,,30.1,,38,,5.17,,30.00,,37,no,,measured lateral shoot snapped off
Quma_WarmS/WarmF_B2_R8,2,WarmS/WarmF,quercus,quercus_macrocarpa,4.10,,27.1,,38,,6.14,,30.80,,37,,,
Quma_WarmS/WarmF_B2_R9,2,WarmS/WarmF,quercus,quercus_macrocarpa,5.64,,19.3,,38,,6.51,,21.60,,37,,,
Quma_WarmS/WarmF_B2_R10,2,WarmS/WarmF,quercus,quercus_macrocarpa,5.11,,24.2,,38,,6.08,,26.80,,37,,,
Quma_WarmS/WarmF_B3_R11,3,WarmS/WarmF,quercus,quercus_macrocarpa,4.72,,27.0,,38,,5.88,,33.8,,57,,,
Quma_WarmS/WarmF_B3_R12,3,WarmS/WarmF,quercus,quercus_macrocarpa,4.27,,21.2,,38,,6.18,,25.3,,57,,,
Quma_WarmS/WarmF_B3_R13,3,WarmS/WarmF,quercus,quercus_macrocarpa,4.83,,25.3,,38,,8.26,,34.1,,57,,,
Quma_WarmS/WarmF_B3_R14,3,WarmS/WarmF,quercus,quercus_macrocarpa,4.16,5.35,18.3,22.0,38,,4.71,6.36,18.9,21.5,57,no (trunk 2),,"apical shoot died, new lateral shoot measured"
Quma_WarmS/WarmF_B3_R15,3,WarmS/WarmF,quercus,quercus_macrocarpa,3.31,,24.6,,38,,4.83,,26.6,,57,,,
Quma_CoolS/CoolF_B1_R1_nitro,1,CoolS/CoolF_nitro,quercus,quercus_macrocarpa,6.90,,20.5,,38,,9.83,,23.7,,37,,,
Quma_CoolS/CoolF_B1_R2_nitro,1,CoolS/CoolF_nitro,quercus,quercus_macrocarpa,3.84,,26.5,,38,,6.16,,31.2,,37,,,
Quma_CoolS/CoolF_B1_R3_nitro,1,CoolS/CoolF_nitro,quercus,quercus_macrocarpa,4.49,,26.5,,38,,7.09,,37.4,,37,,,
Quma_CoolS/CoolF_B1_R4_nitro,1,CoolS/CoolF_nitro,quercus,quercus_macrocarpa,4.60,,26.7,,38,,7.97,,28.4,,37,,,
Quma_CoolS/CoolF_B1_R5_nitro,1,CoolS/CoolF_nitro,quercus,quercus_macrocarpa,6.33,,30.0,,38,,8.56,,31.8,,37,,,
Quma_CoolS/CoolF_B2_R6_nitro,2,CoolS/CoolF_nitro,quercus,quercus_macrocarpa,5.70,,29.7,,38,,6.34,,36.20,,37,,,
Quma_CoolS/CoolF_B2_R7_nitro,2,CoolS/CoolF_nitro,quercus,quercus_macrocarpa,6.41,,27.7,,38,,7.47,,28.00,,37,,,
Quma_CoolS/CoolF_B2_R8_nitro,2,CoolS/CoolF_nitro,quercus,quercus_macrocarpa,4.92,2.54,26.2,5.5,38,,6.58,7.18,28.40,34.2,37,,,
Quma_CoolS/CoolF_B2_R9_nitro,2,CoolS/CoolF_nitro,quercus,quercus_macrocarpa,3.72,,27.0,,38,,5.70,,25.30,,37,no,,double checked measurement but still lower than last year
Quma_CoolS/CoolF_B2_R10_nitro,2,CoolS/CoolF_nitro,quercus,quercus_macrocarpa,4.31,,28.1,,38,,7.79,,38.60,,37,,,
Quma_CoolS/CoolF_B3_R11_nitro,3,CoolS/CoolF_nitro,quercus,quercus_macrocarpa,4.92,,22.2,,38,,6.73,,24.8,,57,,,
Quma_CoolS/CoolF_B3_R12_nitro,3,CoolS/CoolF_nitro,quercus,quercus_macrocarpa,5.61,,25.8,,38,,8.4,,26.9,,57,,,
Quma_CoolS/CoolF_B3_R13_nitro,3,CoolS/CoolF_nitro,quercus,quercus_macrocarpa,5.21,,23.7,,38,,7.51,,26.4,,57,,,
Quma_CoolS/CoolF_B3_R14_nitro,3,CoolS/CoolF_nitro,quercus,quercus_macrocarpa,7.27,,20.3,,38,,10.65,,38.1,,57,,,
Quma_CoolS/CoolF_B3_R15_nitro,3,CoolS/CoolF_nitro,quercus,quercus_macrocarpa,4.18,,19.4,,38,"main branch is dead, measured on side branch (2024-02-11)",8.42,,41.6,,57,,,
Quma_WarmS/WarmF_B1_R1_nitro,1,WarmS/WarmF_nitro,quercus,quercus_macrocarpa,3.97,,22.4,,38,,6.43,,34.8,,37,,,
Quma_WarmS/WarmF_B1_R2_nitro,1,WarmS/WarmF_nitro,quercus,quercus_macrocarpa,3.70,,20.0,,38,,5.71,,22.6,,37,,,
Quma_WarmS/WarmF_B1_R3_nitro,1,WarmS/WarmF_nitro,quercus,quercus_macrocarpa,4.95,,25.3,,38,,5.84,,27.9,,37,,,
Quma_WarmS/WarmF_B1_R4_nitro,1,WarmS/WarmF_nitro,quercus,quercus_macrocarpa,4.03,,25.6,,38,,6.09,,26.7,,37,,,
Quma_WarmS/WarmF_B1_R5_nitro,1,WarmS/WarmF_nitro,quercus,quercus_macrocarpa,4.19,,25.3,,38,,7.24,,28.4,,37,,,
Quma_WarmS/WarmF_B2_R6_nitro,2,WarmS/WarmF_nitro,quercus,quercus_macrocarpa,5.44,,24.0,,38,,6.26,,28.30,,37,,,
Quma_WarmS/WarmF_B2_R7_nitro,2,WarmS/WarmF_nitro,quercus,quercus_macrocarpa,4.36,,24.2,,38,,6.54,,32.80,,37,,,
Quma_WarmS/WarmF_B2_R8_nitro,2,WarmS/WarmF_nitro,quercus,quercus_macrocarpa,5.50,,21.0,,38,,9.25,,25.50,,37,,,
Quma_WarmS/WarmF_B2_R9_nitro,2,WarmS/WarmF_nitro,quercus,quercus_macrocarpa,4.15,,31.7,,38,,6.99,,37.70,,37,,,
Quma_WarmS/WarmF_B2_R10_nitro,2,WarmS/WarmF_nitro,quercus,quercus_macrocarpa,4.20,,25.7,,38,,4.91,,27.70,,37,,,
Quma_WarmS/WarmF_B3_R11_nitro,3,WarmS/WarmF_nitro,quercus,quercus_macrocarpa,4.70,,22.6,,38,,6.06,,26.7,,57,,,
Quma_WarmS/WarmF_B3_R12_nitro,3,WarmS/WarmF_nitro,quercus,quercus_macrocarpa,4.80,,27.0,,38,,6.97,,32.1,,57,,,
Quma_WarmS/WarmF_B3_R13_nitro,3,WarmS/WarmF_nitro,quercus,quercus_macrocarpa,4.40,,27.0,,38,,6.92,,29.2,,57,,,
Quma_WarmS/WarmF_B3_R14_nitro,3,WarmS/WarmF_nitro,quercus,quercus_macrocarpa,3.48,,27.6,,38,,6.06,,32.2,,57,,,
Quma_WarmS/WarmF_B3_R15_nitro,3,WarmS/WarmF_nitro,quercus,quercus_macrocarpa,4.42,,22.5,,38,,5.74,,25.9,,57,,,
Segi_CoolS/CoolF_B1_R1,1,CoolS/CoolF,sequoiadendron,sequoiadendron_giganteum,6.74,,26.4,,38,,7.78,,NA,,37,,,dead
Segi_CoolS/CoolF_B1_R2,1,CoolS/CoolF,sequoiadendron,sequoiadendron_giganteum,6.10,,26.6,,38,,6.48,,NA,,37,,,
Segi_CoolS/CoolF_B1_R3,1,CoolS/CoolF,sequoiadendron,sequoiadendron_giganteum,5.54,,21.5,,38,,10.32,,NA,,37,,,dead
Segi_CoolS/CoolF_B1_R4,1,CoolS/CoolF,sequoiadendron,sequoiadendron_giganteum,5.63,,21.5,,38,,6.68,,18.2,,37,,,
Segi_CoolS/CoolF_B1_R5,1,CoolS/CoolF,sequoiadendron,sequoiadendron_giganteum,6.18,,23.9,,38,,7.45,,19.5,,37,,,
Segi_CoolS/CoolF_B2_R6,2,CoolS/CoolF,sequoiadendron,sequoiadendron_giganteum,7.26,,27.1,,38,,9.16,,27.80,,37,,,
Segi_CoolS/CoolF_B2_R7,2,CoolS/CoolF,sequoiadendron,sequoiadendron_giganteum,6.50,,21.7,,38,,8.37,,23.20,,37,,,
Segi_CoolS/CoolF_B2_R8,2,CoolS/CoolF,sequoiadendron,sequoiadendron_giganteum,5.95,,24.1,,38,,7.56,,25.30,,37,,,
Segi_CoolS/CoolF_B2_R9,2,CoolS/CoolF,sequoiadendron,sequoiadendron_giganteum,6.47,,21.6,,38,,6.90,,21.40,,37,,,
Segi_CoolS/CoolF_B2_R10,2,CoolS/CoolF,sequoiadendron,sequoiadendron_giganteum,5.96,,23.1,,38,,7.28,,26.80,,37,,,
Segi_CoolS/CoolF_B3_R11,3,CoolS/CoolF,sequoiadendron,sequoiadendron_giganteum,6.26,,20.2,,38,,NA,,NA,,57,,,dead
Segi_CoolS/CoolF_B3_R12,3,CoolS/CoolF,sequoiadendron,sequoiadendron_giganteum,5.57,,23.2,,38,,7.11,,24.4,,57,,,
Segi_CoolS/CoolF_B3_R13,3,CoolS/CoolF,sequoiadendron,sequoiadendron_giganteum,5.87,,25.9,,38,,NA,,NA,,57,,,dead
Segi_CoolS/CoolF_B3_R14,3,CoolS/CoolF,sequoiadendron,sequoiadendron_giganteum,4.87,,17.4,,38,,5.36,,17.7,,57,,,
Segi_CoolS/CoolF_B3_R15,3,CoolS/CoolF,sequoiadendron,sequoiadendron_giganteum,5.95,,19.8,,38,,7.52,,22.1,,57,,,
Segi_WarmS/CoolF_B1_R1,1,WarmS/CoolF,sequoiadendron,sequoiadendron_giganteum,5.53,,20.2,,38,,6.69,,20.4,,37,,,
Segi_WarmS/CoolF_B1_R2,1,WarmS/CoolF,sequoiadendron,sequoiadendron_giganteum,6.20,,21.7,,38,,NA,,NA,,37,,,dead
Segi_WarmS/CoolF_B1_R3,1,WarmS/CoolF,sequoiadendron,sequoiadendron_giganteum,5.50,,21.2,,38,,NA,,NA,,37,,,dead
Segi_WarmS/CoolF_B1_R4,1,WarmS/CoolF,sequoiadendron,sequoiadendron_giganteum,5.48,,19.4,,38,,NA,,NA,,37,,,dead
Segi_WarmS/CoolF_B1_R5,1,WarmS/CoolF,sequoiadendron,sequoiadendron_giganteum,6.38,,20.6,,38,,6.05,,21.2,,37,,,
Segi_WarmS/CoolF_B2_R6,2,WarmS/CoolF,sequoiadendron,sequoiadendron_giganteum,7.83,,32.2,,38,,12.51,,32.40,,37,,,
Segi_WarmS/CoolF_B2_R7,2,WarmS/CoolF,sequoiadendron,sequoiadendron_giganteum,6.63,,26.6,,38,,9.04,,27.90,,37,,,
Segi_WarmS/CoolF_B2_R8,2,WarmS/CoolF,sequoiadendron,sequoiadendron_giganteum,6.24,,29.7,,38,,9.58,,32.30,,37,,,
Segi_WarmS/CoolF_B2_R9,2,WarmS/CoolF,sequoiadendron,sequoiadendron_giganteum,6.24,,24.3,,38,,9.44,,28.60,,37,,,
Segi_WarmS/CoolF_B2_R10,2,WarmS/CoolF,sequoiadendron,sequoiadendron_giganteum,5.69,,17.9,,38,,5.56,,18.40,,37,,,
Segi_WarmS/CoolF_B3_R11,3,WarmS/CoolF,sequoiadendron,sequoiadendron_giganteum,5.14,,23.3,,38,,7.28,,25.3,,57,,,
Segi_WarmS/CoolF_B3_R12,3,WarmS/CoolF,sequoiadendron,sequoiadendron_giganteum,6.62,,22.8,,38,,8.97,,25.5,,57,,,
Segi_WarmS/CoolF_B3_R13,3,WarmS/CoolF,sequoiadendron,sequoiadendron_giganteum,6.59,,25.9,,38,,11.1,,28.7,,57,,,
Segi_WarmS/CoolF_B3_R14,3,WarmS/CoolF,sequoiadendron,sequoiadendron_giganteum,6.90,,25.3,,38,,9.37,,29.4,,57,,,
Segi_WarmS/CoolF_B3_R15,3,WarmS/CoolF,sequoiadendron,sequoiadendron_giganteum,4.63,,19.1,,38,,NA,,NA,,57,,,dead
Segi_CoolS/WarmF_B1_R1,1,CoolS/WarmF,sequoiadendron,sequoiadendron_giganteum,5.91,,25.1,,38,,9.27,,25.8,,37,,,
Segi_CoolS/WarmF_B1_R2,1,CoolS/WarmF,sequoiadendron,sequoiadendron_giganteum,6.29,,24.8,,38,,,,26.8,,37,,,
Segi_CoolS/WarmF_B1_R3,1,CoolS/WarmF,sequoiadendron,sequoiadendron_giganteum,5.39,,25.6,,38,,NA,,NA,,37,,,dead
Segi_CoolS/WarmF_B1_R4,1,CoolS/WarmF,sequoiadendron,sequoiadendron_giganteum,6.44,,24.8,,38,,NA,,NA,,37,,,dead
Segi_CoolS/WarmF_B1_R5,1,CoolS/WarmF,sequoiadendron,sequoiadendron_giganteum,5.71,,23.3,,38,,9.68,,NA,,37,,,dead
Segi_CoolS/WarmF_B2_R6,2,CoolS/WarmF,sequoiadendron,sequoiadendron_giganteum,7.34,,21.8,,38,,9.87,,25.40,,37,,,
Segi_CoolS/WarmF_B2_R7,2,CoolS/WarmF,sequoiadendron,sequoiadendron_giganteum,5.70,,22.2,,38,,NA,,NA,,37,,,dead
Segi_CoolS/WarmF_B2_R8,2,CoolS/WarmF,sequoiadendron,sequoiadendron_giganteum,6.23,,24.9,,38,,8.92,,28.40,,37,,,
Segi_CoolS/WarmF_B2_R9,2,CoolS/WarmF,sequoiadendron,sequoiadendron_giganteum,6.00,,23.7,,38,,7.80,,23.80,,37,,,
Segi_CoolS/WarmF_B2_R10,2,CoolS/WarmF,sequoiadendron,sequoiadendron_giganteum,6.21,,23.4,,38,,7.76,,26.10,,37,,,
Segi_CoolS/WarmF_B3_R11,3,CoolS/WarmF,sequoiadendron,sequoiadendron_giganteum,6.54,,24.9,,38,,9.58,,28.1,,57,,,
Segi_CoolS/WarmF_B3_R12,3,CoolS/WarmF,sequoiadendron,sequoiadendron_giganteum,4.82,,22.1,,38,,NA,,NA,,57,,,dead
Segi_CoolS/WarmF_B3_R13,3,CoolS/WarmF,sequoiadendron,sequoiadendron_giganteum,5.78,,22.0,,38,,8.63,,23.4,,57,,,
Segi_CoolS/WarmF_B3_R14,3,CoolS/WarmF,sequoiadendron,sequoiadendron_giganteum,6.50,,26.9,,38,,11.9,,33.1,,57,,,
Segi_CoolS/WarmF_B3_R15,3,CoolS/WarmF,sequoiadendron,sequoiadendron_giganteum,7.53,,27.4,,38,,10.98,,31.7,,57,,,
Segi_WarmS/WarmF_B1_R1,1,WarmS/WarmF,sequoiadendron,sequoiadendron_giganteum,5.65,,28.8,,38,,8.01,,33.6,,37,,,
Segi_WarmS/WarmF_B1_R2,1,WarmS/WarmF,sequoiadendron,sequoiadendron_giganteum,7.02,,20.7,,38,,NA,,NA,,37,,,dead
Segi_WarmS/WarmF_B1_R3,1,WarmS/WarmF,sequoiadendron,sequoiadendron_giganteum,5.38,,26.6,,38,,NA,,NA,,37,,,dead
Segi_WarmS/WarmF_B1_R4,1,WarmS/WarmF,sequoiadendron,sequoiadendron_giganteum,5.70,,25.4,,38,,NA,,NA,,37,,,dead
Segi_WarmS/WarmF_B1_R5,1,WarmS/WarmF,sequoiadendron,sequoiadendron_giganteum,4.51,,20.7,,38,,5.20,,22.8,,37,,,
Segi_WarmS/WarmF_B2_R6,2,WarmS/WarmF,sequoiadendron,sequoiadendron_giganteum,6.21,,24.5,,38,,8.77,,26.40,,37,,,
Segi_WarmS/WarmF_B2_R7,2,WarmS/WarmF,sequoiadendron,sequoiadendron_giganteum,7.77,,29.8,,38,,10.23,,32.10,,37,,,
Segi_WarmS/WarmF_B2_R8,2,WarmS/WarmF,sequoiadendron,sequoiadendron_giganteum,5.39,,22.6,,38,,NA,,NA,,37,,,dead
Segi_WarmS/WarmF_B2_R9,2,WarmS/WarmF,sequoiadendron,sequoiadendron_giganteum,6.67,,27.8,,38,,7.00,,24.70,,37,no,,double checked measurement but still lower than last year
Segi_WarmS/WarmF_B2_R10,2,WarmS/WarmF,sequoiadendron,sequoiadendron_giganteum,5.83,,19.9,,38,,NA,,NA,,37,,,dead
Segi_WarmS/WarmF_B3_R11,3,WarmS/WarmF,sequoiadendron,sequoiadendron_giganteum,5.66,,21.1,,38,,NA,,NA,,57,,,dead
Segi_WarmS/WarmF_B3_R12,3,WarmS/WarmF,sequoiadendron,sequoiadendron_giganteum,6.53,,23.4,,38,,7.74,,28.9,,57,,,
Segi_WarmS/WarmF_B3_R13,3,WarmS/WarmF,sequoiadendron,sequoiadendron_giganteum,6.47,,30.4,,38,,9.5,,30.9,,57,,,
Segi_WarmS/WarmF_B3_R14,3,WarmS/WarmF,sequoiadendron,sequoiadendron_giganteum,5.14,,16.2,,38,,40,,17.4,,57,,,
Segi_WarmS/WarmF_B3_R15,3,WarmS/WarmF,sequoiadendron,sequoiadendron_giganteum,6.51,,28.4,,38,,9.73,,31.4,,57,,,
Segi_CoolS/CoolF_B1_R1_nitro,1,CoolS/CoolF_nitro,sequoiadendron,sequoiadendron_giganteum,6.18,,22.7,,38,,NA,,NA,,37,,,dead
Segi_CoolS/CoolF_B1_R2_nitro,1,CoolS/CoolF_nitro,sequoiadendron,sequoiadendron_giganteum,5.70,,18.1,,38,,6.48,,19.5,,37,,,
Segi_CoolS/CoolF_B1_R3_nitro,1,CoolS/CoolF_nitro,sequoiadendron,sequoiadendron_giganteum,7.74,,31.9,,38,,10.32,,35.2,,37,,,
Segi_CoolS/CoolF_B1_R4_nitro,1,CoolS/CoolF_nitro,sequoiadendron,sequoiadendron_giganteum,6.11,,19.7,,38,,7.22,,21.2,,37,,,
Segi_CoolS/CoolF_B1_R5_nitro,1,CoolS/CoolF_nitro,sequoiadendron,sequoiadendron_giganteum,5.93,,22.6,,38,,6.43,,22.4,,37,,,
Segi_CoolS/CoolF_B2_R6_nitro,2,CoolS/CoolF_nitro,sequoiadendron,sequoiadendron_giganteum,5.88,,21.2,,38,,7.00,,24.90,,37,,,
Segi_CoolS/CoolF_B2_R7_nitro,2,CoolS/CoolF_nitro,sequoiadendron,sequoiadendron_giganteum,6.83,,24.6,,38,,8.82,,29.40,,37,,,
Segi_CoolS/CoolF_B2_R8_nitro,2,CoolS/CoolF_nitro,sequoiadendron,sequoiadendron_giganteum,7.19,,30.6,,38,,9.26,,31.40,,37,,,
Segi_CoolS/CoolF_B2_R9_nitro,2,CoolS/CoolF_nitro,sequoiadendron,sequoiadendron_giganteum,5.95,,21.9,,38,,6.14,,21.90,,37,,,
Segi_CoolS/CoolF_B2_R10_nitro,2,CoolS/CoolF_nitro,sequoiadendron,sequoiadendron_giganteum,6.36,,26.5,,38,,NA,,NA,,37,,,dead
Segi_CoolS/CoolF_B3_R11_nitro,3,CoolS/CoolF_nitro,sequoiadendron,sequoiadendron_giganteum,6.20,,24.4,,38,,9.54,,24.9,,57,,,
Segi_CoolS/CoolF_B3_R12_nitro,3,CoolS/CoolF_nitro,sequoiadendron,sequoiadendron_giganteum,5.79,,27.0,,38,,8.47,,31.6,,57,,,
Segi_CoolS/CoolF_B3_R13_nitro,3,CoolS/CoolF_nitro,sequoiadendron,sequoiadendron_giganteum,6.60,,24.8,,38,,10.46,,28.5,,57,,,
Segi_CoolS/CoolF_B3_R14_nitro,3,CoolS/CoolF_nitro,sequoiadendron,sequoiadendron_giganteum,5.42,,26.7,,38,,8.59,,29.6,,57,,,
Segi_CoolS/CoolF_B3_R15_nitro,3,CoolS/CoolF_nitro,sequoiadendron,sequoiadendron_giganteum,6.57,,23.4,,38,,NA,,NA,,57,,,dead
Segi_WarmS/WarmF_B1_R1_nitro,1,WarmS/WarmF_nitro,sequoiadendron,sequoiadendron_giganteum,6.39,,23.8,,38,,8.79,,25.1,,37,,,
Segi_WarmS/WarmF_B1_R2_nitro,1,WarmS/WarmF_nitro,sequoiadendron,sequoiadendron_giganteum,4.94,,17.4,,38,,5.35,,17.5,,37,,,
Segi_WarmS/WarmF_B1_R3_nitro,1,WarmS/WarmF_nitro,sequoiadendron,sequoiadendron_giganteum,5.42,,24.9,,38,,7.69,,27.1,,37,,,
Segi_WarmS/WarmF_B1_R4_nitro,1,WarmS/WarmF_nitro,sequoiadendron,sequoiadendron_giganteum,5.48,,19.2,,38,,NA,,NA,,37,,,dead
Segi_WarmS/WarmF_B1_R5_nitro,1,WarmS/WarmF_nitro,sequoiadendron,sequoiadendron_giganteum,5.64,,20.5,,38,,6.06,,22,,37,,,
Segi_WarmS/WarmF_B2_R6_nitro,2,WarmS/WarmF_nitro,sequoiadendron,sequoiadendron_giganteum,6.51,,26.0,,38,,9.43,,28.20,,37,,,
Segi_WarmS/WarmF_B2_R7_nitro,2,WarmS/WarmF_nitro,sequoiadendron,sequoiadendron_giganteum,5.80,,16.2,,38,,6.65,,19.90,,37,,,
Segi_WarmS/WarmF_B2_R8_nitro,2,WarmS/WarmF_nitro,sequoiadendron,sequoiadendron_giganteum,5.91,,22.7,,38,,8.40,,22.80,,37,,,
Segi_WarmS/WarmF_B2_R9_nitro,2,WarmS/WarmF_nitro,sequoiadendron,sequoiadendron_giganteum,6.25,,26.2,,38,,9.23,,26.60,,37,,,
Segi_WarmS/WarmF_B2_R10_nitro,2,WarmS/WarmF_nitro,sequoiadendron,sequoiadendron_giganteum,6.17,,22.9,,38,,8.57,,21.90,,37,,,
Segi_WarmS/WarmF_B3_R11_nitro,3,WarmS/WarmF_nitro,sequoiadendron,sequoiadendron_giganteum,5.95,,23.8,,38,,7.93,,24.9,,57,,,
Segi_WarmS/WarmF_B3_R12_nitro,3,WarmS/WarmF_nitro,sequoiadendron,sequoiadendron_giganteum,6.58,,23.5,,38,,8.52,,23.6,,57,,,
Segi_WarmS/WarmF_B3_R13_nitro,3,WarmS/WarmF_nitro,sequoiadendron,sequoiadendron_giganteum,7.55,,30.5,,38,,10.11,,32.5,,57,,,
Segi_WarmS/WarmF_B3_R14_nitro,3,WarmS/WarmF_nitro,sequoiadendron,sequoiadendron_giganteum,6.39,,23.9,,38,,9.15,,25.5,,57,,,
Segi_WarmS/WarmF_B3_R15_nitro,3,WarmS/WarmF_nitro,sequoiadendron,sequoiadendron_giganteum,5.75,,30.5,,38,,8.16,,32.3,,57,,,
,,,,,,,,,,,,,,,,,,
,,,,,,,,,,,,,,,,,,
,,,,,,,,,,,,,,,,,,
,,,,,,,,,,,,,,,,,,
,,,,,,,,,,,,,,,,,,
,,,,,,,,,,,,,,,,,,
,,,,,,,,,,,,,,,,,,
,,,,,,,,,,,,,,,,,,
,,,,,,,,,,,,,,,,,,
,,,,,,,,,,,,,,,,,,
,,,,,,,,,,,,,,,,,,
,,,,,,,,,,,,,,,,,,
,,,,,,,,,,,,,,,,,,
,,,,,,,,,,,,,,,,,,
,,,,,,,,,,,,,,,,,,
,,,,,,,,,,,,,,,,,,
,,,,,,,,,,,,,,,,,,
,,,,,,,,,,,,,,,,,,
,,,,,,,,,,,,,,,,,,
,,,,,,,,,,,,,,,,,,
,,,,,,,,,,,,,,,,,,
,,,,,,,,,,,,,,,,,,
,,,,,,,,,,,,,,,,,,
,,,,,,,,,,,,,,,,,,
,,,,,,,,,,,,,,,,,,
,,,,,,,,,,,,,,,,,,
,,,,,,,,,,,,,,,,,,
,,,,,,,,,,,,,,,,,,
,,,,,,,,,,,,,,,,,,
,,,,,,,,,,,,,,,,,,
,,,,,,,,,,,,,,,,,,
,,,,,,,,,,,,,,,,,,
,,,,,,,,,,,,,,,,,,
,,,,,,,,,,,,,,,,,,
,,,,,,,,,,,,,,,,,,
,,,,,,,,,,,,,,,,,,
,,,,,,,,,,,,,,,,,,
,,,,,,,,,,,,,,,,,,
,,,,,,,,,,,,,,,,,,
,,,,,,,,,,,,,,,,,,
,,,,,,,,,,,,,,,,,,
,,,,,,,,,,,,,,,,,,
,,,,,,,,,,,,,,,,,,
,,,,,,,,,,,,,,,,,,
,,,,,,,,,,,,,,,,,,
,,,,,,,,,,,,,,,,,,
,,,,,,,,,,,,,,,,,,
,,,,,,,,,,,,,,,,,,
,,,,,,,,,,,,,,,,,,
,,,,,,,,,,,,,,,,,,
,,,,,,,,,,,,,,,,,,
,,,,,,,,,,,,,,,,,,
,,,,,,,,,,,,,,,,,,
,,,,,,,,,,,,,,,,,,
,,,,,,,,,,,,,,,,,,
,,,,,,,,,,,,,,,,,,
,,,,,,,,,,,,,,,,,,
,,,,,,,,,,,,,,,,,,
,,,,,,,,,,,,,,,,,,
,,,,,,,,,,,,,,,,,,
,,,,,,,,,,,,,,,,,,
,,,,,,,,,,,,,,,,,,
,,,,,,,,,,,,,,,,,,
,,,,,,,,,,,,,,,,,,
,,,,,,,,,,,,,,,,,,
,,,,,,,,,,,,,,,,,,
,,,,,,,,,,,,,,,,,,
,,,,,,,,,,,,,,,,,,
,,,,,,,,,,,,,,,,,,
,,,,,,,,,,,,,,,,,,
,,,,,,,,,,,,,,,,,,
,,,,,,,,,,,,,,,,,,
,,,,,,,,,,,,,,,,,,
,,,,,,,,,,,,,,,,,,
,,,,,,,,,,,,,,,,,,
,,,,,,,,,,,,,,,,,,
,,,,,,,,,,,,,,,,,,
,,,,,,,,,,,,,,,,,,
,,,,,,,,,,,,,,,,,,
,,,,,,,,,,,,,,,,,,
,,,,,,,,,,,,,,,,,,
,,,,,,,,,,,,,,,,,,
,,,,,,,,,,,,,,,,,,
,,,,,,,,,,,,,,,,,,
,,,,,,,,,,,,,,,,,,
,,,,,,,,,,,,,,,,,,
,,,,,,,,,,,,,,,,,,
,,,,,,,,,,,,,,,,,,
,,,,,,,,,,,,,,,,,,
,,,,,,,,,,,,,,,,,,
,,,,,,,,,,,,,,,,,,
,,,,,,,,,,,,,,,,,,
,,,,,,,,,,,,,,,,,,
,,,,,,,,,,,,,,,,,,
,,,,,,,,,,,,,,,,,,
,,,,,,,,,,,,,,,,,,
,,,,,,,,,,,,,,,,,,
,,,,,,,,,,,,,,,,,,
,,,,,,,,,,,,,,,,,,
,,,,,,,,,,,,,,,,,,
,,,,,,,,,,,,,,,,,,
,,,,,,,,,,,,,,,,,,
,,,,,,,,,,,,,,,,,,
,,,,,,,,,,,,,,,,,,
,,,,,,,,,,,,,,,,,,
,,,,,,,,,,,,,,,,,,
,,,,,,,,,,,,,,,,,,
,,,,,,,,,,,,,,,,,,
,,,,,,,,,,,,,,,,,,
,,,,,,,,,,,,,,,,,,
,,,,,,,,,,,,,,,,,,
,,,,,,,,,,,,,,,,,,
,,,,,,,,,,,,,,,,,,
,,,,,,,,,,,,,,,,,,
,,,,,,,,,,,,,,,,,,
,,,,,,,,,,,,,,,,,,
,,,,,,,,,,,,,,,,,,
,,,,,,,,,,,,,,,,,,
,,,,,,,,,,,,,,,,,,
,,,,,,,,,,,,,,,,,,
,,,,,,,,,,,,,,,,,,
,,,,,,,,,,,,,,,,,,
,,,,,,,,,,,,,,,,,,
,,,,,,,,,,,,,,,,,,
,,,,,,,,,,,,,,,,,,
,,,,,,,,,,,,,,,,,,
,,,,,,,,,,,,,,,,,,
,,,,,,,,,,,,,,,,,,
,,,,,,,,,,,,,,,,,,
,,,,,,,,,,,,,,,,,,
,,,,,,,,,,,,,,,,,,
,,,,,,,,,,,,,,,,,,
,,,,,,,,,,,,,,,,,,
,,,,,,,,,,,,,,,,,,
,,,,,,,,,,,,,,,,,,
,,,,,,,,,,,,,,,,,,
,,,,,,,,,,,,,,,,,,
,,,,,,,,,,,,,,,,,,
,,,,,,,,,,,,,,,,,,
,,,,,,,,,,,,,,,,,,
,,,,,,,,,,,,,,,,,,
,,,,,,,,,,,,,,,,,,
,,,,,,,,,,,,,,,,,,
,,,,,,,,,,,,,,,,,,
,,,,,,,,,,,,,,,,,,
,,,,,,,,,,,,,,,,,,
,,,,,,,,,,,,,,,,,,
,,,,,,,,,,,,,,,,,,
,,,,,,,,,,,,,,,,,,
,,,,,,,,,,,,,,,,,,
,,,,,,,,,,,,,,,,,,
,,,,,,,,,,,,,,,,,,
,,,,,,,,,,,,,,,,,,
,,,,,,,,,,,,,,,,,,
,,,,,,,,,,,,,,,,,,
,,,,,,,,,,,,,,,,,,
,,,,,,,,,,,,,,,,,,
,,,,,,,,,,,,,,,,,,
,,,,,,,,,,,,,,,,,,
,,,,,,,,,,,,,,,,,,
,,,,,,,,,,,,,,,,,,
,,,,,,,,,,,,,,,,,,
,,,,,,,,,,,,,,,,,,
,,,,,,,,,,,,,,,,,,
,,,,,,,,,,,,,,,,,,
,,,,,,,,,,,,,,,,,,
,,,,,,,,,,,,,,,,,,
,,,,,,,,,,,,,,,,,,
,,,,,,,,,,,,,,,,,,
,,,,,,,,,,,,,,,,,,
,,,,,,,,,,,,,,,,,,
,,,,,,,,,,,,,,,,,,
,,,,,,,,,,,,,,,,,,
,,,,,,,,,,,,,,,,,,
,,,,,,,,,,,,,,,,,,
,,,,,,,,,,,,,,,,,,
,,,,,,,,,,,,,,,,,,
,,,,,,,,,,,,,,,,,,
,,,,,,,,,,,,,,,,,,
,,,,,,,,,,,,,,,,,,
,,,,,,,,,,,,,,,,,,
,,,,,,,,,,,,,,,,,,
,,,,,,,,,,,,,,,,,,
,,,,,,,,,,,,,,,,,,
,,,,,,,,,,,,,,,,,,
,,,,,,,,,,,,,,,,,,
,,,,,,,,,,,,,,,,,,
,,,,,,,,,,,,,,,,,,
,,,,,,,,,,,,,,,,,,