Column3,Column1,Column2,Species...1,Treatment,Color,Bloc,Replicate,Nutrient addition,CODE
10,1,1,Alru,CoolS/CoolF,Color1,B1,R1,NA,Alru_CoolS/CoolF_B1_R1
10,2,2,Alru,CoolS/CoolF,Color1,B1,R2,NA,Alru_CoolS/CoolF_B1_R2
10,1,3,Alru,CoolS/CoolF,Color1,B1,R3,NA,Alru_CoolS/CoolF_B1_R3
10,2,4,Alru,CoolS/CoolF,Color1,B1,R4,NA,Alru_CoolS/CoolF_B1_R4
10,1,5,Alru,CoolS/CoolF,Color1,B1,R5,NA,Alru_CoolS/CoolF_B1_R5
10,2,6,Alru,CoolS/CoolF,Color1,B2,R6,NA,Alru_CoolS/CoolF_B2_R6
10,1,7,Alru,CoolS/CoolF,Color1,B2,R7,NA,Alru_CoolS/CoolF_B2_R7
10,2,8,Alru,CoolS/CoolF,Color1,B2,R8,NA,Alru_CoolS/CoolF_B2_R8
10,1,9,Alru,CoolS/CoolF,Color1,B2,R9,NA,Alru_CoolS/CoolF_B2_R9
10,2,10,Alru,CoolS/CoolF,Color1,B2,R10,NA,Alru_CoolS/CoolF_B2_R10
10,1,11,Alru,CoolS/CoolF,Color1,B3,R11,NA,Alru_CoolS/CoolF_B3_R11
10,2,12,Alru,CoolS/CoolF,Color1,B3,R12,NA,Alru_CoolS/CoolF_B3_R12
10,1,13,Alru,CoolS/CoolF,Color1,B3,R13,NA,Alru_CoolS/CoolF_B3_R13
10,2,14,Alru,CoolS/CoolF,Color1,B3,R14,NA,Alru_CoolS/CoolF_B3_R14
10,1,15,Alru,CoolS/CoolF,Color1,B3,R15,NA,Alru_CoolS/CoolF_B3_R15
20,2,16,Alru,WarmS/CoolF,Color2,B1,R1,NA,Alru_WarmS/CoolF_B1_R1
20,1,17,Alru,WarmS/CoolF,Color2,B1,R2,NA,Alru_WarmS/CoolF_B1_R2
20,2,18,Alru,WarmS/CoolF,Color2,B1,R3,NA,Alru_WarmS/CoolF_B1_R3
20,1,19,Alru,WarmS/CoolF,Color2,B1,R4,NA,Alru_WarmS/CoolF_B1_R4
20,2,20,Alru,WarmS/CoolF,Color2,B1,R5,NA,Alru_WarmS/CoolF_B1_R5
20,1,21,Alru,WarmS/CoolF,Color2,B2,R6,NA,Alru_WarmS/CoolF_B2_R6
20,2,22,Alru,WarmS/CoolF,Color2,B2,R7,NA,Alru_WarmS/CoolF_B2_R7
20,1,23,Alru,WarmS/CoolF,Color2,B2,R8,NA,Alru_WarmS/CoolF_B2_R8
20,2,24,Alru,WarmS/CoolF,Color2,B2,R9,NA,Alru_WarmS/CoolF_B2_R9
20,1,25,Alru,WarmS/CoolF,Color2,B2,R10,NA,Alru_WarmS/CoolF_B2_R10
20,2,26,Alru,WarmS/CoolF,Color2,B3,R11,NA,Alru_WarmS/CoolF_B3_R11
20,1,27,Alru,WarmS/CoolF,Color2,B3,R12,NA,Alru_WarmS/CoolF_B3_R12
20,2,28,Alru,WarmS/CoolF,Color2,B3,R13,NA,Alru_WarmS/CoolF_B3_R13
20,1,29,Alru,WarmS/CoolF,Color2,B3,R14,NA,Alru_WarmS/CoolF_B3_R14
20,2,30,Alru,WarmS/CoolF,Color2,B3,R15,NA,Alru_WarmS/CoolF_B3_R15
30,1,31,Alru,CoolS/WarmF,Color3,B1,R1,NA,Alru_CoolS/WarmF_B1_R1
30,2,32,Alru,CoolS/WarmF,Color3,B1,R2,NA,Alru_CoolS/WarmF_B1_R2
30,1,33,Alru,CoolS/WarmF,Color3,B1,R3,NA,Alru_CoolS/WarmF_B1_R3
30,2,34,Alru,CoolS/WarmF,Color3,B1,R4,NA,Alru_CoolS/WarmF_B1_R4
30,1,35,Alru,CoolS/WarmF,Color3,B1,R5,NA,Alru_CoolS/WarmF_B1_R5
30,2,36,Alru,CoolS/WarmF,Color3,B2,R6,NA,Alru_CoolS/WarmF_B2_R6
30,1,37,Alru,CoolS/WarmF,Color3,B2,R7,NA,Alru_CoolS/WarmF_B2_R7
30,2,38,Alru,CoolS/WarmF,Color3,B2,R8,NA,Alru_CoolS/WarmF_B2_R8
30,1,39,Alru,CoolS/WarmF,Color3,B2,R9,NA,Alru_CoolS/WarmF_B2_R9
30,2,40,Alru,CoolS/WarmF,Color3,B2,R10,NA,Alru_CoolS/WarmF_B2_R10
30,1,41,Alru,CoolS/WarmF,Color3,B3,R11,NA,Alru_CoolS/WarmF_B3_R11
30,2,42,Alru,CoolS/WarmF,Color3,B3,R12,NA,Alru_CoolS/WarmF_B3_R12
30,1,43,Alru,CoolS/WarmF,Color3,B3,R13,NA,Alru_CoolS/WarmF_B3_R13
30,2,44,Alru,CoolS/WarmF,Color3,B3,R14,NA,Alru_CoolS/WarmF_B3_R14
30,1,45,Alru,CoolS/WarmF,Color3,B3,R15,NA,Alru_CoolS/WarmF_B3_R15
40,2,46,Alru,WarmS/WarmF,Color4,B1,R1,NA,Alru_WarmS/WarmF_B1_R1
40,1,47,Alru,WarmS/WarmF,Color4,B1,R2,NA,Alru_WarmS/WarmF_B1_R2
40,2,48,Alru,WarmS/WarmF,Color4,B1,R3,NA,Alru_WarmS/WarmF_B1_R3
40,1,49,Alru,WarmS/WarmF,Color4,B1,R4,NA,Alru_WarmS/WarmF_B1_R4
40,2,50,Alru,WarmS/WarmF,Color4,B1,R5,NA,Alru_WarmS/WarmF_B1_R5
40,1,51,Alru,WarmS/WarmF,Color4,B2,R6,NA,Alru_WarmS/WarmF_B2_R6
40,2,52,Alru,WarmS/WarmF,Color4,B2,R7,NA,Alru_WarmS/WarmF_B2_R7
40,1,53,Alru,WarmS/WarmF,Color4,B2,R8,NA,Alru_WarmS/WarmF_B2_R8
40,2,54,Alru,WarmS/WarmF,Color4,B2,R9,NA,Alru_WarmS/WarmF_B2_R9
40,1,55,Alru,WarmS/WarmF,Color4,B2,R10,NA,Alru_WarmS/WarmF_B2_R10
40,2,56,Alru,WarmS/WarmF,Color4,B3,R11,NA,Alru_WarmS/WarmF_B3_R11
40,1,57,Alru,WarmS/WarmF,Color4,B3,R12,NA,Alru_WarmS/WarmF_B3_R12
40,2,58,Alru,WarmS/WarmF,Color4,B3,R13,NA,Alru_WarmS/WarmF_B3_R13
40,1,59,Alru,WarmS/WarmF,Color4,B3,R14,NA,Alru_WarmS/WarmF_B3_R14
40,2,60,Alru,WarmS/WarmF,Color4,B3,R15,NA,Alru_WarmS/WarmF_B3_R15
11,1,61,Alru,CoolS/CoolF,Color5,B1,R1,Nutrient+,Alru_CoolS/CoolF_B1_R1_Nutrient+
11,2,62,Alru,CoolS/CoolF,Color5,B1,R2,Nutrient+,Alru_CoolS/CoolF_B1_R2_Nutrient+
11,1,63,Alru,CoolS/CoolF,Color5,B1,R3,Nutrient+,Alru_CoolS/CoolF_B1_R3_Nutrient+
11,2,64,Alru,CoolS/CoolF,Color5,B1,R4,Nutrient+,Alru_CoolS/CoolF_B1_R4_Nutrient+
11,1,65,Alru,CoolS/CoolF,Color5,B1,R5,Nutrient+,Alru_CoolS/CoolF_B1_R5_Nutrient+
11,2,66,Alru,CoolS/CoolF,Color5,B2,R6,Nutrient+,Alru_CoolS/CoolF_B2_R6_Nutrient+
11,1,67,Alru,CoolS/CoolF,Color5,B2,R7,Nutrient+,Alru_CoolS/CoolF_B2_R7_Nutrient+
11,2,68,Alru,CoolS/CoolF,Color5,B2,R8,Nutrient+,Alru_CoolS/CoolF_B2_R8_Nutrient+
11,1,69,Alru,CoolS/CoolF,Color5,B2,R9,Nutrient+,Alru_CoolS/CoolF_B2_R9_Nutrient+
11,2,70,Alru,CoolS/CoolF,Color5,B2,R10,Nutrient+,Alru_CoolS/CoolF_B2_R10_Nutrient+
11,1,71,Alru,CoolS/CoolF,Color5,B3,R11,Nutrient+,Alru_CoolS/CoolF_B3_R11_Nutrient+
11,2,72,Alru,CoolS/CoolF,Color5,B3,R12,Nutrient+,Alru_CoolS/CoolF_B3_R12_Nutrient+
11,1,73,Alru,CoolS/CoolF,Color5,B3,R13,Nutrient+,Alru_CoolS/CoolF_B3_R13_Nutrient+
11,2,74,Alru,CoolS/CoolF,Color5,B3,R14,Nutrient+,Alru_CoolS/CoolF_B3_R14_Nutrient+
11,1,75,Alru,CoolS/CoolF,Color5,B3,R15,Nutrient+,Alru_CoolS/CoolF_B3_R15_Nutrient+
41,2,76,Alru,WarmS/WarmF,Color6,B1,R1,Nutrient+,Alru_WarmS/WarmF_B1_R1_Nutrient+
41,1,77,Alru,WarmS/WarmF,Color6,B1,R2,Nutrient+,Alru_WarmS/WarmF_B1_R2_Nutrient+
41,2,78,Alru,WarmS/WarmF,Color6,B1,R3,Nutrient+,Alru_WarmS/WarmF_B1_R3_Nutrient+
41,1,79,Alru,WarmS/WarmF,Color6,B1,R4,Nutrient+,Alru_WarmS/WarmF_B1_R4_Nutrient+
41,2,80,Alru,WarmS/WarmF,Color6,B1,R5,Nutrient+,Alru_WarmS/WarmF_B1_R5_Nutrient+
41,1,81,Alru,WarmS/WarmF,Color6,B2,R6,Nutrient+,Alru_WarmS/WarmF_B2_R6_Nutrient+
41,2,82,Alru,WarmS/WarmF,Color6,B2,R7,Nutrient+,Alru_WarmS/WarmF_B2_R7_Nutrient+
41,1,83,Alru,WarmS/WarmF,Color6,B2,R8,Nutrient+,Alru_WarmS/WarmF_B2_R8_Nutrient+
41,2,84,Alru,WarmS/WarmF,Color6,B2,R9,Nutrient+,Alru_WarmS/WarmF_B2_R9_Nutrient+
41,1,85,Alru,WarmS/WarmF,Color6,B2,R10,Nutrient+,Alru_WarmS/WarmF_B2_R10_Nutrient+
41,2,86,Alru,WarmS/WarmF,Color6,B3,R11,Nutrient+,Alru_WarmS/WarmF_B3_R11_Nutrient+
41,1,87,Alru,WarmS/WarmF,Color6,B3,R12,Nutrient+,Alru_WarmS/WarmF_B3_R12_Nutrient+
41,2,88,Alru,WarmS/WarmF,Color6,B3,R13,Nutrient+,Alru_WarmS/WarmF_B3_R13_Nutrient+
41,1,89,Alru,WarmS/WarmF,Color6,B3,R14,Nutrient+,Alru_WarmS/WarmF_B3_R14_Nutrient+
41,2,90,Alru,WarmS/WarmF,Color6,B3,R15,Nutrient+,Alru_WarmS/WarmF_B3_R15_Nutrient+
10,1,91,Acne,CoolS/CoolF,Color1,B1,R1,NA,Acne_CoolS/CoolF_B1_R1
10,2,92,Acne,CoolS/CoolF,Color1,B1,R2,NA,Acne_CoolS/CoolF_B1_R2
10,1,93,Acne,CoolS/CoolF,Color1,B1,R3,NA,Acne_CoolS/CoolF_B1_R3
10,2,94,Acne,CoolS/CoolF,Color1,B1,R4,NA,Acne_CoolS/CoolF_B1_R4
10,1,95,Acne,CoolS/CoolF,Color1,B1,R5,NA,Acne_CoolS/CoolF_B1_R5
10,2,96,Acne,CoolS/CoolF,Color1,B2,R6,NA,Acne_CoolS/CoolF_B2_R6
10,1,97,Acne,CoolS/CoolF,Color1,B2,R7,NA,Acne_CoolS/CoolF_B2_R7
10,2,98,Acne,CoolS/CoolF,Color1,B2,R8,NA,Acne_CoolS/CoolF_B2_R8
10,1,99,Acne,CoolS/CoolF,Color1,B2,R9,NA,Acne_CoolS/CoolF_B2_R9
10,2,100,Acne,CoolS/CoolF,Color1,B2,R10,NA,Acne_CoolS/CoolF_B2_R10
10,1,101,Acne,CoolS/CoolF,Color1,B3,R11,NA,Acne_CoolS/CoolF_B3_R11
10,2,102,Acne,CoolS/CoolF,Color1,B3,R12,NA,Acne_CoolS/CoolF_B3_R12
10,1,103,Acne,CoolS/CoolF,Color1,B3,R13,NA,Acne_CoolS/CoolF_B3_R13
10,2,104,Acne,CoolS/CoolF,Color1,B3,R14,NA,Acne_CoolS/CoolF_B3_R14
10,1,105,Acne,CoolS/CoolF,Color1,B3,R15,NA,Acne_CoolS/CoolF_B3_R15
20,2,106,Acne,WarmS/CoolF,Color2,B1,R1,NA,Acne_WarmS/CoolF_B1_R1
20,1,107,Acne,WarmS/CoolF,Color2,B1,R2,NA,Acne_WarmS/CoolF_B1_R2
20,2,108,Acne,WarmS/CoolF,Color2,B1,R3,NA,Acne_WarmS/CoolF_B1_R3
20,1,109,Acne,WarmS/CoolF,Color2,B1,R4,NA,Acne_WarmS/CoolF_B1_R4
20,2,110,Acne,WarmS/CoolF,Color2,B1,R5,NA,Acne_WarmS/CoolF_B1_R5
20,1,111,Acne,WarmS/CoolF,Color2,B2,R6,NA,Acne_WarmS/CoolF_B2_R6
20,2,112,Acne,WarmS/CoolF,Color2,B2,R7,NA,Acne_WarmS/CoolF_B2_R7
20,1,113,Acne,WarmS/CoolF,Color2,B2,R8,NA,Acne_WarmS/CoolF_B2_R8
20,2,114,Acne,WarmS/CoolF,Color2,B2,R9,NA,Acne_WarmS/CoolF_B2_R9
20,1,115,Acne,WarmS/CoolF,Color2,B2,R10,NA,Acne_WarmS/CoolF_B2_R10
20,2,116,Acne,WarmS/CoolF,Color2,B3,R11,NA,Acne_WarmS/CoolF_B3_R11
20,1,117,Acne,WarmS/CoolF,Color2,B3,R12,NA,Acne_WarmS/CoolF_B3_R12
20,2,118,Acne,WarmS/CoolF,Color2,B3,R13,NA,Acne_WarmS/CoolF_B3_R13
20,1,119,Acne,WarmS/CoolF,Color2,B3,R14,NA,Acne_WarmS/CoolF_B3_R14
20,2,120,Acne,WarmS/CoolF,Color2,B3,R15,NA,Acne_WarmS/CoolF_B3_R15
30,1,121,Acne,CoolS/WarmF,Color3,B1,R1,NA,Acne_CoolS/WarmF_B1_R1
30,2,122,Acne,CoolS/WarmF,Color3,B1,R2,NA,Acne_CoolS/WarmF_B1_R2
30,1,123,Acne,CoolS/WarmF,Color3,B1,R3,NA,Acne_CoolS/WarmF_B1_R3
30,2,124,Acne,CoolS/WarmF,Color3,B1,R4,NA,Acne_CoolS/WarmF_B1_R4
30,1,125,Acne,CoolS/WarmF,Color3,B1,R5,NA,Acne_CoolS/WarmF_B1_R5
30,2,126,Acne,CoolS/WarmF,Color3,B2,R6,NA,Acne_CoolS/WarmF_B2_R6
30,1,127,Acne,CoolS/WarmF,Color3,B2,R7,NA,Acne_CoolS/WarmF_B2_R7
30,2,128,Acne,CoolS/WarmF,Color3,B2,R8,NA,Acne_CoolS/WarmF_B2_R8
30,1,129,Acne,CoolS/WarmF,Color3,B2,R9,NA,Acne_CoolS/WarmF_B2_R9
30,2,130,Acne,CoolS/WarmF,Color3,B2,R10,NA,Acne_CoolS/WarmF_B2_R10
30,1,131,Acne,CoolS/WarmF,Color3,B3,R11,NA,Acne_CoolS/WarmF_B3_R11
30,2,132,Acne,CoolS/WarmF,Color3,B3,R12,NA,Acne_CoolS/WarmF_B3_R12
30,1,133,Acne,CoolS/WarmF,Color3,B3,R13,NA,Acne_CoolS/WarmF_B3_R13
30,2,134,Acne,CoolS/WarmF,Color3,B3,R14,NA,Acne_CoolS/WarmF_B3_R14
30,1,135,Acne,CoolS/WarmF,Color3,B3,R15,NA,Acne_CoolS/WarmF_B3_R15
40,2,136,Acne,WarmS/WarmF,Color4,B1,R1,NA,Acne_WarmS/WarmF_B1_R1
40,1,137,Acne,WarmS/WarmF,Color4,B1,R2,NA,Acne_WarmS/WarmF_B1_R2
40,2,138,Acne,WarmS/WarmF,Color4,B1,R3,NA,Acne_WarmS/WarmF_B1_R3
40,1,139,Acne,WarmS/WarmF,Color4,B1,R4,NA,Acne_WarmS/WarmF_B1_R4
40,2,140,Acne,WarmS/WarmF,Color4,B1,R5,NA,Acne_WarmS/WarmF_B1_R5
40,1,141,Acne,WarmS/WarmF,Color4,B2,R6,NA,Acne_WarmS/WarmF_B2_R6
40,2,142,Acne,WarmS/WarmF,Color4,B2,R7,NA,Acne_WarmS/WarmF_B2_R7
40,1,143,Acne,WarmS/WarmF,Color4,B2,R8,NA,Acne_WarmS/WarmF_B2_R8
40,2,144,Acne,WarmS/WarmF,Color4,B2,R9,NA,Acne_WarmS/WarmF_B2_R9
40,1,145,Acne,WarmS/WarmF,Color4,B2,R10,NA,Acne_WarmS/WarmF_B2_R10
40,2,146,Acne,WarmS/WarmF,Color4,B3,R11,NA,Acne_WarmS/WarmF_B3_R11
40,1,147,Acne,WarmS/WarmF,Color4,B3,R12,NA,Acne_WarmS/WarmF_B3_R12
40,2,148,Acne,WarmS/WarmF,Color4,B3,R13,NA,Acne_WarmS/WarmF_B3_R13
40,1,149,Acne,WarmS/WarmF,Color4,B3,R14,NA,Acne_WarmS/WarmF_B3_R14
40,2,150,Acne,WarmS/WarmF,Color4,B3,R15,NA,Acne_WarmS/WarmF_B3_R15
11,1,151,Acne,CoolS/CoolF,Color5,B1,R1,Nutrient+,Acne_CoolS/CoolF_B1_R1_Nutrient+
11,2,152,Acne,CoolS/CoolF,Color5,B1,R2,Nutrient+,Acne_CoolS/CoolF_B1_R2_Nutrient+
11,1,153,Acne,CoolS/CoolF,Color5,B1,R3,Nutrient+,Acne_CoolS/CoolF_B1_R3_Nutrient+
11,2,154,Acne,CoolS/CoolF,Color5,B1,R4,Nutrient+,Acne_CoolS/CoolF_B1_R4_Nutrient+
11,1,155,Acne,CoolS/CoolF,Color5,B1,R5,Nutrient+,Acne_CoolS/CoolF_B1_R5_Nutrient+
11,2,156,Acne,CoolS/CoolF,Color5,B2,R6,Nutrient+,Acne_CoolS/CoolF_B2_R6_Nutrient+
11,1,157,Acne,CoolS/CoolF,Color5,B2,R7,Nutrient+,Acne_CoolS/CoolF_B2_R7_Nutrient+
11,2,158,Acne,CoolS/CoolF,Color5,B2,R8,Nutrient+,Acne_CoolS/CoolF_B2_R8_Nutrient+
11,1,159,Acne,CoolS/CoolF,Color5,B2,R9,Nutrient+,Acne_CoolS/CoolF_B2_R9_Nutrient+
11,2,160,Acne,CoolS/CoolF,Color5,B2,R10,Nutrient+,Acne_CoolS/CoolF_B2_R10_Nutrient+
11,1,161,Acne,CoolS/CoolF,Color5,B3,R11,Nutrient+,Acne_CoolS/CoolF_B3_R11_Nutrient+
11,2,162,Acne,CoolS/CoolF,Color5,B3,R12,Nutrient+,Acne_CoolS/CoolF_B3_R12_Nutrient+
11,1,163,Acne,CoolS/CoolF,Color5,B3,R13,Nutrient+,Acne_CoolS/CoolF_B3_R13_Nutrient+
11,2,164,Acne,CoolS/CoolF,Color5,B3,R14,Nutrient+,Acne_CoolS/CoolF_B3_R14_Nutrient+
11,1,165,Acne,CoolS/CoolF,Color5,B3,R15,Nutrient+,Acne_CoolS/CoolF_B3_R15_Nutrient+
41,2,166,Acne,WarmS/WarmF,Color6,B1,R1,Nutrient+,Acne_WarmS/WarmF_B1_R1_Nutrient+
41,1,167,Acne,WarmS/WarmF,Color6,B1,R2,Nutrient+,Acne_WarmS/WarmF_B1_R2_Nutrient+
41,2,168,Acne,WarmS/WarmF,Color6,B1,R3,Nutrient+,Acne_WarmS/WarmF_B1_R3_Nutrient+
41,1,169,Acne,WarmS/WarmF,Color6,B1,R4,Nutrient+,Acne_WarmS/WarmF_B1_R4_Nutrient+
41,2,170,Acne,WarmS/WarmF,Color6,B1,R5,Nutrient+,Acne_WarmS/WarmF_B1_R5_Nutrient+
41,1,171,Acne,WarmS/WarmF,Color6,B2,R6,Nutrient+,Acne_WarmS/WarmF_B2_R6_Nutrient+
41,2,172,Acne,WarmS/WarmF,Color6,B2,R7,Nutrient+,Acne_WarmS/WarmF_B2_R7_Nutrient+
41,1,173,Acne,WarmS/WarmF,Color6,B2,R8,Nutrient+,Acne_WarmS/WarmF_B2_R8_Nutrient+
41,2,174,Acne,WarmS/WarmF,Color6,B2,R9,Nutrient+,Acne_WarmS/WarmF_B2_R9_Nutrient+
41,1,175,Acne,WarmS/WarmF,Color6,B2,R10,Nutrient+,Acne_WarmS/WarmF_B2_R10_Nutrient+
41,2,176,Acne,WarmS/WarmF,Color6,B3,R11,Nutrient+,Acne_WarmS/WarmF_B3_R11_Nutrient+
41,1,177,Acne,WarmS/WarmF,Color6,B3,R12,Nutrient+,Acne_WarmS/WarmF_B3_R12_Nutrient+
41,2,178,Acne,WarmS/WarmF,Color6,B3,R13,Nutrient+,Acne_WarmS/WarmF_B3_R13_Nutrient+
41,1,179,Acne,WarmS/WarmF,Color6,B3,R14,Nutrient+,Acne_WarmS/WarmF_B3_R14_Nutrient+
41,2,180,Acne,WarmS/WarmF,Color6,B3,R15,Nutrient+,Acne_WarmS/WarmF_B3_R15_Nutrient+
10,1,181,Acma,CoolS/CoolF,Color1,B1,R1,NA,Acma_CoolS/CoolF_B1_R1
10,2,182,Acma,CoolS/CoolF,Color1,B1,R2,NA,Acma_CoolS/CoolF_B1_R2
10,1,183,Acma,CoolS/CoolF,Color1,B1,R3,NA,Acma_CoolS/CoolF_B1_R3
10,2,184,Acma,CoolS/CoolF,Color1,B1,R4,NA,Acma_CoolS/CoolF_B1_R4
10,1,185,Acma,CoolS/CoolF,Color1,B1,R5,NA,Acma_CoolS/CoolF_B1_R5
10,2,186,Acma,CoolS/CoolF,Color1,B2,R6,NA,Acma_CoolS/CoolF_B2_R6
10,1,187,Acma,CoolS/CoolF,Color1,B2,R7,NA,Acma_CoolS/CoolF_B2_R7
10,2,188,Acma,CoolS/CoolF,Color1,B2,R8,NA,Acma_CoolS/CoolF_B2_R8
10,1,189,Acma,CoolS/CoolF,Color1,B2,R9,NA,Acma_CoolS/CoolF_B2_R9
10,2,190,Acma,CoolS/CoolF,Color1,B2,R10,NA,Acma_CoolS/CoolF_B2_R10
10,1,191,Acma,CoolS/CoolF,Color1,B3,R11,NA,Acma_CoolS/CoolF_B3_R11
10,2,192,Acma,CoolS/CoolF,Color1,B3,R12,NA,Acma_CoolS/CoolF_B3_R12
10,1,193,Acma,CoolS/CoolF,Color1,B3,R13,NA,Acma_CoolS/CoolF_B3_R13
10,2,194,Acma,CoolS/CoolF,Color1,B3,R14,NA,Acma_CoolS/CoolF_B3_R14
10,1,195,Acma,CoolS/CoolF,Color1,B3,R15,NA,Acma_CoolS/CoolF_B3_R15
20,2,196,Acma,WarmS/CoolF,Color2,B1,R1,NA,Acma_WarmS/CoolF_B1_R1
20,1,197,Acma,WarmS/CoolF,Color2,B1,R2,NA,Acma_WarmS/CoolF_B1_R2
20,2,198,Acma,WarmS/CoolF,Color2,B1,R3,NA,Acma_WarmS/CoolF_B1_R3
20,1,199,Acma,WarmS/CoolF,Color2,B1,R4,NA,Acma_WarmS/CoolF_B1_R4
20,2,200,Acma,WarmS/CoolF,Color2,B1,R5,NA,Acma_WarmS/CoolF_B1_R5
20,1,201,Acma,WarmS/CoolF,Color2,B2,R6,NA,Acma_WarmS/CoolF_B2_R6
20,2,202,Acma,WarmS/CoolF,Color2,B2,R7,NA,Acma_WarmS/CoolF_B2_R7
20,1,203,Acma,WarmS/CoolF,Color2,B2,R8,NA,Acma_WarmS/CoolF_B2_R8
20,2,204,Acma,WarmS/CoolF,Color2,B2,R9,NA,Acma_WarmS/CoolF_B2_R9
20,1,205,Acma,WarmS/CoolF,Color2,B2,R10,NA,Acma_WarmS/CoolF_B2_R10
20,2,206,Acma,WarmS/CoolF,Color2,B3,R11,NA,Acma_WarmS/CoolF_B3_R11
20,1,207,Acma,WarmS/CoolF,Color2,B3,R12,NA,Acma_WarmS/CoolF_B3_R12
20,2,208,Acma,WarmS/CoolF,Color2,B3,R13,NA,Acma_WarmS/CoolF_B3_R13
20,1,209,Acma,WarmS/CoolF,Color2,B3,R14,NA,Acma_WarmS/CoolF_B3_R14
20,2,210,Acma,WarmS/CoolF,Color2,B3,R15,NA,Acma_WarmS/CoolF_B3_R15
30,1,211,Acma,CoolS/WarmF,Color3,B1,R1,NA,Acma_CoolS/WarmF_B1_R1
30,2,212,Acma,CoolS/WarmF,Color3,B1,R2,NA,Acma_CoolS/WarmF_B1_R2
30,1,213,Acma,CoolS/WarmF,Color3,B1,R3,NA,Acma_CoolS/WarmF_B1_R3
30,2,214,Acma,CoolS/WarmF,Color3,B1,R4,NA,Acma_CoolS/WarmF_B1_R4
30,1,215,Acma,CoolS/WarmF,Color3,B1,R5,NA,Acma_CoolS/WarmF_B1_R5
30,2,216,Acma,CoolS/WarmF,Color3,B2,R6,NA,Acma_CoolS/WarmF_B2_R6
30,1,217,Acma,CoolS/WarmF,Color3,B2,R7,NA,Acma_CoolS/WarmF_B2_R7
30,2,218,Acma,CoolS/WarmF,Color3,B2,R8,NA,Acma_CoolS/WarmF_B2_R8
30,1,219,Acma,CoolS/WarmF,Color3,B2,R9,NA,Acma_CoolS/WarmF_B2_R9
30,2,220,Acma,CoolS/WarmF,Color3,B2,R10,NA,Acma_CoolS/WarmF_B2_R10
30,1,221,Acma,CoolS/WarmF,Color3,B3,R11,NA,Acma_CoolS/WarmF_B3_R11
30,2,222,Acma,CoolS/WarmF,Color3,B3,R12,NA,Acma_CoolS/WarmF_B3_R12
30,1,223,Acma,CoolS/WarmF,Color3,B3,R13,NA,Acma_CoolS/WarmF_B3_R13
30,2,224,Acma,CoolS/WarmF,Color3,B3,R14,NA,Acma_CoolS/WarmF_B3_R14
30,1,225,Acma,CoolS/WarmF,Color3,B3,R15,NA,Acma_CoolS/WarmF_B3_R15
40,2,226,Acma,WarmS/WarmF,Color4,B1,R1,NA,Acma_WarmS/WarmF_B1_R1
40,1,227,Acma,WarmS/WarmF,Color4,B1,R2,NA,Acma_WarmS/WarmF_B1_R2
40,2,228,Acma,WarmS/WarmF,Color4,B1,R3,NA,Acma_WarmS/WarmF_B1_R3
40,1,229,Acma,WarmS/WarmF,Color4,B1,R4,NA,Acma_WarmS/WarmF_B1_R4
40,2,230,Acma,WarmS/WarmF,Color4,B1,R5,NA,Acma_WarmS/WarmF_B1_R5
40,1,231,Acma,WarmS/WarmF,Color4,B2,R6,NA,Acma_WarmS/WarmF_B2_R6
40,2,232,Acma,WarmS/WarmF,Color4,B2,R7,NA,Acma_WarmS/WarmF_B2_R7
40,1,233,Acma,WarmS/WarmF,Color4,B2,R8,NA,Acma_WarmS/WarmF_B2_R8
40,2,234,Acma,WarmS/WarmF,Color4,B2,R9,NA,Acma_WarmS/WarmF_B2_R9
40,1,235,Acma,WarmS/WarmF,Color4,B2,R10,NA,Acma_WarmS/WarmF_B2_R10
40,2,236,Acma,WarmS/WarmF,Color4,B3,R11,NA,Acma_WarmS/WarmF_B3_R11
40,1,237,Acma,WarmS/WarmF,Color4,B3,R12,NA,Acma_WarmS/WarmF_B3_R12
40,2,238,Acma,WarmS/WarmF,Color4,B3,R13,NA,Acma_WarmS/WarmF_B3_R13
40,1,239,Acma,WarmS/WarmF,Color4,B3,R14,NA,Acma_WarmS/WarmF_B3_R14
40,2,240,Acma,WarmS/WarmF,Color4,B3,R15,NA,Acma_WarmS/WarmF_B3_R15
11,1,241,Acma,CoolS/CoolF,Color5,B1,R1,Nutrient+,Acma_CoolS/CoolF_B1_R1_Nutrient+
11,2,242,Acma,CoolS/CoolF,Color5,B1,R2,Nutrient+,Acma_CoolS/CoolF_B1_R2_Nutrient+
11,1,243,Acma,CoolS/CoolF,Color5,B1,R3,Nutrient+,Acma_CoolS/CoolF_B1_R3_Nutrient+
11,2,244,Acma,CoolS/CoolF,Color5,B1,R4,Nutrient+,Acma_CoolS/CoolF_B1_R4_Nutrient+
11,1,245,Acma,CoolS/CoolF,Color5,B1,R5,Nutrient+,Acma_CoolS/CoolF_B1_R5_Nutrient+
11,2,246,Acma,CoolS/CoolF,Color5,B2,R6,Nutrient+,Acma_CoolS/CoolF_B2_R6_Nutrient+
11,1,247,Acma,CoolS/CoolF,Color5,B2,R7,Nutrient+,Acma_CoolS/CoolF_B2_R7_Nutrient+
11,2,248,Acma,CoolS/CoolF,Color5,B2,R8,Nutrient+,Acma_CoolS/CoolF_B2_R8_Nutrient+
11,1,249,Acma,CoolS/CoolF,Color5,B2,R9,Nutrient+,Acma_CoolS/CoolF_B2_R9_Nutrient+
11,2,250,Acma,CoolS/CoolF,Color5,B2,R10,Nutrient+,Acma_CoolS/CoolF_B2_R10_Nutrient+
11,1,251,Acma,CoolS/CoolF,Color5,B3,R11,Nutrient+,Acma_CoolS/CoolF_B3_R11_Nutrient+
11,2,252,Acma,CoolS/CoolF,Color5,B3,R12,Nutrient+,Acma_CoolS/CoolF_B3_R12_Nutrient+
11,1,253,Acma,CoolS/CoolF,Color5,B3,R13,Nutrient+,Acma_CoolS/CoolF_B3_R13_Nutrient+
11,2,254,Acma,CoolS/CoolF,Color5,B3,R14,Nutrient+,Acma_CoolS/CoolF_B3_R14_Nutrient+
11,1,255,Acma,CoolS/CoolF,Color5,B3,R15,Nutrient+,Acma_CoolS/CoolF_B3_R15_Nutrient+
41,2,256,Acma,WarmS/WarmF,Color6,B1,R1,Nutrient+,Acma_WarmS/WarmF_B1_R1_Nutrient+
41,1,257,Acma,WarmS/WarmF,Color6,B1,R2,Nutrient+,Acma_WarmS/WarmF_B1_R2_Nutrient+
41,2,258,Acma,WarmS/WarmF,Color6,B1,R3,Nutrient+,Acma_WarmS/WarmF_B1_R3_Nutrient+
41,1,259,Acma,WarmS/WarmF,Color6,B1,R4,Nutrient+,Acma_WarmS/WarmF_B1_R4_Nutrient+
41,2,260,Acma,WarmS/WarmF,Color6,B1,R5,Nutrient+,Acma_WarmS/WarmF_B1_R5_Nutrient+
41,1,261,Acma,WarmS/WarmF,Color6,B2,R6,Nutrient+,Acma_WarmS/WarmF_B2_R6_Nutrient+
41,2,262,Acma,WarmS/WarmF,Color6,B2,R7,Nutrient+,Acma_WarmS/WarmF_B2_R7_Nutrient+
41,1,263,Acma,WarmS/WarmF,Color6,B2,R8,Nutrient+,Acma_WarmS/WarmF_B2_R8_Nutrient+
41,2,264,Acma,WarmS/WarmF,Color6,B2,R9,Nutrient+,Acma_WarmS/WarmF_B2_R9_Nutrient+
41,1,265,Acma,WarmS/WarmF,Color6,B2,R10,Nutrient+,Acma_WarmS/WarmF_B2_R10_Nutrient+
41,2,266,Acma,WarmS/WarmF,Color6,B3,R11,Nutrient+,Acma_WarmS/WarmF_B3_R11_Nutrient+
41,1,267,Acma,WarmS/WarmF,Color6,B3,R12,Nutrient+,Acma_WarmS/WarmF_B3_R12_Nutrient+
41,2,268,Acma,WarmS/WarmF,Color6,B3,R13,Nutrient+,Acma_WarmS/WarmF_B3_R13_Nutrient+
41,1,269,Acma,WarmS/WarmF,Color6,B3,R14,Nutrient+,Acma_WarmS/WarmF_B3_R14_Nutrient+
41,2,270,Acma,WarmS/WarmF,Color6,B3,R15,Nutrient+,Acma_WarmS/WarmF_B3_R15_Nutrient+
10,1,271,Bepa,CoolS/CoolF,Color1,B1,R1,NA,Bepa_CoolS/CoolF_B1_R1
10,2,272,Bepa,CoolS/CoolF,Color1,B1,R2,NA,Bepa_CoolS/CoolF_B1_R2
10,1,273,Bepa,CoolS/CoolF,Color1,B1,R3,NA,Bepa_CoolS/CoolF_B1_R3
10,2,274,Bepa,CoolS/CoolF,Color1,B1,R4,NA,Bepa_CoolS/CoolF_B1_R4
10,1,275,Bepa,CoolS/CoolF,Color1,B1,R5,NA,Bepa_CoolS/CoolF_B1_R5
10,2,276,Bepa,CoolS/CoolF,Color1,B2,R6,NA,Bepa_CoolS/CoolF_B2_R6
10,1,277,Bepa,CoolS/CoolF,Color1,B2,R7,NA,Bepa_CoolS/CoolF_B2_R7
10,2,278,Bepa,CoolS/CoolF,Color1,B2,R8,NA,Bepa_CoolS/CoolF_B2_R8
10,1,279,Bepa,CoolS/CoolF,Color1,B2,R9,NA,Bepa_CoolS/CoolF_B2_R9
10,2,280,Bepa,CoolS/CoolF,Color1,B2,R10,NA,Bepa_CoolS/CoolF_B2_R10
10,1,281,Bepa,CoolS/CoolF,Color1,B3,R11,NA,Bepa_CoolS/CoolF_B3_R11
10,2,282,Bepa,CoolS/CoolF,Color1,B3,R12,NA,Bepa_CoolS/CoolF_B3_R12
10,1,283,Bepa,CoolS/CoolF,Color1,B3,R13,NA,Bepa_CoolS/CoolF_B3_R13
10,2,284,Bepa,CoolS/CoolF,Color1,B3,R14,NA,Bepa_CoolS/CoolF_B3_R14
10,1,285,Bepa,CoolS/CoolF,Color1,B3,R15,NA,Bepa_CoolS/CoolF_B3_R15
20,2,286,Bepa,WarmS/CoolF,Color2,B1,R1,NA,Bepa_WarmS/CoolF_B1_R1
20,1,287,Bepa,WarmS/CoolF,Color2,B1,R2,NA,Bepa_WarmS/CoolF_B1_R2
20,2,288,Bepa,WarmS/CoolF,Color2,B1,R3,NA,Bepa_WarmS/CoolF_B1_R3
20,1,289,Bepa,WarmS/CoolF,Color2,B1,R4,NA,Bepa_WarmS/CoolF_B1_R4
20,2,290,Bepa,WarmS/CoolF,Color2,B1,R5,NA,Bepa_WarmS/CoolF_B1_R5
20,1,291,Bepa,WarmS/CoolF,Color2,B2,R6,NA,Bepa_WarmS/CoolF_B2_R6
20,2,292,Bepa,WarmS/CoolF,Color2,B2,R7,NA,Bepa_WarmS/CoolF_B2_R7
20,1,293,Bepa,WarmS/CoolF,Color2,B2,R8,NA,Bepa_WarmS/CoolF_B2_R8
20,2,294,Bepa,WarmS/CoolF,Color2,B2,R9,NA,Bepa_WarmS/CoolF_B2_R9
20,1,295,Bepa,WarmS/CoolF,Color2,B2,R10,NA,Bepa_WarmS/CoolF_B2_R10
20,2,296,Bepa,WarmS/CoolF,Color2,B3,R11,NA,Bepa_WarmS/CoolF_B3_R11
20,1,297,Bepa,WarmS/CoolF,Color2,B3,R12,NA,Bepa_WarmS/CoolF_B3_R12
20,2,298,Bepa,WarmS/CoolF,Color2,B3,R13,NA,Bepa_WarmS/CoolF_B3_R13
20,1,299,Bepa,WarmS/CoolF,Color2,B3,R14,NA,Bepa_WarmS/CoolF_B3_R14
20,2,300,Bepa,WarmS/CoolF,Color2,B3,R15,NA,Bepa_WarmS/CoolF_B3_R15
30,1,301,Bepa,CoolS/WarmF,Color3,B1,R1,NA,Bepa_CoolS/WarmF_B1_R1
30,2,302,Bepa,CoolS/WarmF,Color3,B1,R2,NA,Bepa_CoolS/WarmF_B1_R2
30,1,303,Bepa,CoolS/WarmF,Color3,B1,R3,NA,Bepa_CoolS/WarmF_B1_R3
30,2,304,Bepa,CoolS/WarmF,Color3,B1,R4,NA,Bepa_CoolS/WarmF_B1_R4
30,1,305,Bepa,CoolS/WarmF,Color3,B1,R5,NA,Bepa_CoolS/WarmF_B1_R5
30,2,306,Bepa,CoolS/WarmF,Color3,B2,R6,NA,Bepa_CoolS/WarmF_B2_R6
30,1,307,Bepa,CoolS/WarmF,Color3,B2,R7,NA,Bepa_CoolS/WarmF_B2_R7
30,2,308,Bepa,CoolS/WarmF,Color3,B2,R8,NA,Bepa_CoolS/WarmF_B2_R8
30,1,309,Bepa,CoolS/WarmF,Color3,B2,R9,NA,Bepa_CoolS/WarmF_B2_R9
30,2,310,Bepa,CoolS/WarmF,Color3,B2,R10,NA,Bepa_CoolS/WarmF_B2_R10
30,1,311,Bepa,CoolS/WarmF,Color3,B3,R11,NA,Bepa_CoolS/WarmF_B3_R11
30,2,312,Bepa,CoolS/WarmF,Color3,B3,R12,NA,Bepa_CoolS/WarmF_B3_R12
30,1,313,Bepa,CoolS/WarmF,Color3,B3,R13,NA,Bepa_CoolS/WarmF_B3_R13
30,2,314,Bepa,CoolS/WarmF,Color3,B3,R14,NA,Bepa_CoolS/WarmF_B3_R14
30,1,315,Bepa,CoolS/WarmF,Color3,B3,R15,NA,Bepa_CoolS/WarmF_B3_R15
40,2,316,Bepa,WarmS/WarmF,Color4,B1,R1,NA,Bepa_WarmS/WarmF_B1_R1
40,1,317,Bepa,WarmS/WarmF,Color4,B1,R2,NA,Bepa_WarmS/WarmF_B1_R2
40,2,318,Bepa,WarmS/WarmF,Color4,B1,R3,NA,Bepa_WarmS/WarmF_B1_R3
40,1,319,Bepa,WarmS/WarmF,Color4,B1,R4,NA,Bepa_WarmS/WarmF_B1_R4
40,2,320,Bepa,WarmS/WarmF,Color4,B1,R5,NA,Bepa_WarmS/WarmF_B1_R5
40,1,321,Bepa,WarmS/WarmF,Color4,B2,R6,NA,Bepa_WarmS/WarmF_B2_R6
40,2,322,Bepa,WarmS/WarmF,Color4,B2,R7,NA,Bepa_WarmS/WarmF_B2_R7
40,1,323,Bepa,WarmS/WarmF,Color4,B2,R8,NA,Bepa_WarmS/WarmF_B2_R8
40,2,324,Bepa,WarmS/WarmF,Color4,B2,R9,NA,Bepa_WarmS/WarmF_B2_R9
40,1,325,Bepa,WarmS/WarmF,Color4,B2,R10,NA,Bepa_WarmS/WarmF_B2_R10
40,2,326,Bepa,WarmS/WarmF,Color4,B3,R11,NA,Bepa_WarmS/WarmF_B3_R11
40,1,327,Bepa,WarmS/WarmF,Color4,B3,R12,NA,Bepa_WarmS/WarmF_B3_R12
40,2,328,Bepa,WarmS/WarmF,Color4,B3,R13,NA,Bepa_WarmS/WarmF_B3_R13
40,1,329,Bepa,WarmS/WarmF,Color4,B3,R14,NA,Bepa_WarmS/WarmF_B3_R14
40,2,330,Bepa,WarmS/WarmF,Color4,B3,R15,NA,Bepa_WarmS/WarmF_B3_R15
11,1,331,Bepa,CoolS/CoolF,Color5,B1,R1,Nutrient+,Bepa_CoolS/CoolF_B1_R1_Nutrient+
11,2,332,Bepa,CoolS/CoolF,Color5,B1,R2,Nutrient+,Bepa_CoolS/CoolF_B1_R2_Nutrient+
11,1,333,Bepa,CoolS/CoolF,Color5,B1,R3,Nutrient+,Bepa_CoolS/CoolF_B1_R3_Nutrient+
11,2,334,Bepa,CoolS/CoolF,Color5,B1,R4,Nutrient+,Bepa_CoolS/CoolF_B1_R4_Nutrient+
11,1,335,Bepa,CoolS/CoolF,Color5,B1,R5,Nutrient+,Bepa_CoolS/CoolF_B1_R5_Nutrient+
11,2,336,Bepa,CoolS/CoolF,Color5,B2,R6,Nutrient+,Bepa_CoolS/CoolF_B2_R6_Nutrient+
11,1,337,Bepa,CoolS/CoolF,Color5,B2,R7,Nutrient+,Bepa_CoolS/CoolF_B2_R7_Nutrient+
11,2,338,Bepa,CoolS/CoolF,Color5,B2,R8,Nutrient+,Bepa_CoolS/CoolF_B2_R8_Nutrient+
11,1,339,Bepa,CoolS/CoolF,Color5,B2,R9,Nutrient+,Bepa_CoolS/CoolF_B2_R9_Nutrient+
11,2,340,Bepa,CoolS/CoolF,Color5,B2,R10,Nutrient+,Bepa_CoolS/CoolF_B2_R10_Nutrient+
11,1,341,Bepa,CoolS/CoolF,Color5,B3,R11,Nutrient+,Bepa_CoolS/CoolF_B3_R11_Nutrient+
11,2,342,Bepa,CoolS/CoolF,Color5,B3,R12,Nutrient+,Bepa_CoolS/CoolF_B3_R12_Nutrient+
11,1,343,Bepa,CoolS/CoolF,Color5,B3,R13,Nutrient+,Bepa_CoolS/CoolF_B3_R13_Nutrient+
11,2,344,Bepa,CoolS/CoolF,Color5,B3,R14,Nutrient+,Bepa_CoolS/CoolF_B3_R14_Nutrient+
11,1,345,Bepa,CoolS/CoolF,Color5,B3,R15,Nutrient+,Bepa_CoolS/CoolF_B3_R15_Nutrient+
41,2,346,Bepa,WarmS/WarmF,Color6,B1,R1,Nutrient+,Bepa_WarmS/WarmF_B1_R1_Nutrient+
41,1,347,Bepa,WarmS/WarmF,Color6,B1,R2,Nutrient+,Bepa_WarmS/WarmF_B1_R2_Nutrient+
41,2,348,Bepa,WarmS/WarmF,Color6,B1,R3,Nutrient+,Bepa_WarmS/WarmF_B1_R3_Nutrient+
41,1,349,Bepa,WarmS/WarmF,Color6,B1,R4,Nutrient+,Bepa_WarmS/WarmF_B1_R4_Nutrient+
41,2,350,Bepa,WarmS/WarmF,Color6,B1,R5,Nutrient+,Bepa_WarmS/WarmF_B1_R5_Nutrient+
41,1,351,Bepa,WarmS/WarmF,Color6,B2,R6,Nutrient+,Bepa_WarmS/WarmF_B2_R6_Nutrient+
41,2,352,Bepa,WarmS/WarmF,Color6,B2,R7,Nutrient+,Bepa_WarmS/WarmF_B2_R7_Nutrient+
41,1,353,Bepa,WarmS/WarmF,Color6,B2,R8,Nutrient+,Bepa_WarmS/WarmF_B2_R8_Nutrient+
41,2,354,Bepa,WarmS/WarmF,Color6,B2,R9,Nutrient+,Bepa_WarmS/WarmF_B2_R9_Nutrient+
41,1,355,Bepa,WarmS/WarmF,Color6,B2,R10,Nutrient+,Bepa_WarmS/WarmF_B2_R10_Nutrient+
41,2,356,Bepa,WarmS/WarmF,Color6,B3,R11,Nutrient+,Bepa_WarmS/WarmF_B3_R11_Nutrient+
41,1,357,Bepa,WarmS/WarmF,Color6,B3,R12,Nutrient+,Bepa_WarmS/WarmF_B3_R12_Nutrient+
41,2,358,Bepa,WarmS/WarmF,Color6,B3,R13,Nutrient+,Bepa_WarmS/WarmF_B3_R13_Nutrient+
41,1,359,Bepa,WarmS/WarmF,Color6,B3,R14,Nutrient+,Bepa_WarmS/WarmF_B3_R14_Nutrient+
41,2,360,Bepa,WarmS/WarmF,Color6,B3,R15,Nutrient+,Bepa_WarmS/WarmF_B3_R15_Nutrient+
10,1,361,Pist,CoolS/CoolF,Color1,B1,R1,NA,Pist_CoolS/CoolF_B1_R1
10,2,362,Pist,CoolS/CoolF,Color1,B1,R2,NA,Pist_CoolS/CoolF_B1_R2
10,1,363,Pist,CoolS/CoolF,Color1,B1,R3,NA,Pist_CoolS/CoolF_B1_R3
10,2,364,Pist,CoolS/CoolF,Color1,B1,R4,NA,Pist_CoolS/CoolF_B1_R4
10,1,365,Pist,CoolS/CoolF,Color1,B1,R5,NA,Pist_CoolS/CoolF_B1_R5
10,2,366,Pist,CoolS/CoolF,Color1,B2,R6,NA,Pist_CoolS/CoolF_B2_R6
10,1,367,Pist,CoolS/CoolF,Color1,B2,R7,NA,Pist_CoolS/CoolF_B2_R7
10,2,368,Pist,CoolS/CoolF,Color1,B2,R8,NA,Pist_CoolS/CoolF_B2_R8
10,1,369,Pist,CoolS/CoolF,Color1,B2,R9,NA,Pist_CoolS/CoolF_B2_R9
10,2,370,Pist,CoolS/CoolF,Color1,B2,R10,NA,Pist_CoolS/CoolF_B2_R10
10,1,371,Pist,CoolS/CoolF,Color1,B3,R11,NA,Pist_CoolS/CoolF_B3_R11
10,2,372,Pist,CoolS/CoolF,Color1,B3,R12,NA,Pist_CoolS/CoolF_B3_R12
10,1,373,Pist,CoolS/CoolF,Color1,B3,R13,NA,Pist_CoolS/CoolF_B3_R13
10,2,374,Pist,CoolS/CoolF,Color1,B3,R14,NA,Pist_CoolS/CoolF_B3_R14
10,1,375,Pist,CoolS/CoolF,Color1,B3,R15,NA,Pist_CoolS/CoolF_B3_R15
20,2,376,Pist,WarmS/CoolF,Color2,B1,R1,NA,Pist_WarmS/CoolF_B1_R1
20,1,377,Pist,WarmS/CoolF,Color2,B1,R2,NA,Pist_WarmS/CoolF_B1_R2
20,2,378,Pist,WarmS/CoolF,Color2,B1,R3,NA,Pist_WarmS/CoolF_B1_R3
20,1,379,Pist,WarmS/CoolF,Color2,B1,R4,NA,Pist_WarmS/CoolF_B1_R4
20,2,380,Pist,WarmS/CoolF,Color2,B1,R5,NA,Pist_WarmS/CoolF_B1_R5
20,1,381,Pist,WarmS/CoolF,Color2,B2,R6,NA,Pist_WarmS/CoolF_B2_R6
20,2,382,Pist,WarmS/CoolF,Color2,B2,R7,NA,Pist_WarmS/CoolF_B2_R7
20,1,383,Pist,WarmS/CoolF,Color2,B2,R8,NA,Pist_WarmS/CoolF_B2_R8
20,2,384,Pist,WarmS/CoolF,Color2,B2,R9,NA,Pist_WarmS/CoolF_B2_R9
20,1,385,Pist,WarmS/CoolF,Color2,B2,R10,NA,Pist_WarmS/CoolF_B2_R10
20,2,386,Pist,WarmS/CoolF,Color2,B3,R11,NA,Pist_WarmS/CoolF_B3_R11
20,1,387,Pist,WarmS/CoolF,Color2,B3,R12,NA,Pist_WarmS/CoolF_B3_R12
20,2,388,Pist,WarmS/CoolF,Color2,B3,R13,NA,Pist_WarmS/CoolF_B3_R13
20,1,389,Pist,WarmS/CoolF,Color2,B3,R14,NA,Pist_WarmS/CoolF_B3_R14
20,2,390,Pist,WarmS/CoolF,Color2,B3,R15,NA,Pist_WarmS/CoolF_B3_R15
30,1,391,Pist,CoolS/WarmF,Color3,B1,R1,NA,Pist_CoolS/WarmF_B1_R1
30,2,392,Pist,CoolS/WarmF,Color3,B1,R2,NA,Pist_CoolS/WarmF_B1_R2
30,1,393,Pist,CoolS/WarmF,Color3,B1,R3,NA,Pist_CoolS/WarmF_B1_R3
30,2,394,Pist,CoolS/WarmF,Color3,B1,R4,NA,Pist_CoolS/WarmF_B1_R4
30,1,395,Pist,CoolS/WarmF,Color3,B1,R5,NA,Pist_CoolS/WarmF_B1_R5
30,2,396,Pist,CoolS/WarmF,Color3,B2,R6,NA,Pist_CoolS/WarmF_B2_R6
30,1,397,Pist,CoolS/WarmF,Color3,B2,R7,NA,Pist_CoolS/WarmF_B2_R7
30,2,398,Pist,CoolS/WarmF,Color3,B2,R8,NA,Pist_CoolS/WarmF_B2_R8
30,1,399,Pist,CoolS/WarmF,Color3,B2,R9,NA,Pist_CoolS/WarmF_B2_R9
30,2,400,Pist,CoolS/WarmF,Color3,B2,R10,NA,Pist_CoolS/WarmF_B2_R10
30,1,401,Pist,CoolS/WarmF,Color3,B3,R11,NA,Pist_CoolS/WarmF_B3_R11
30,2,402,Pist,CoolS/WarmF,Color3,B3,R12,NA,Pist_CoolS/WarmF_B3_R12
30,1,403,Pist,CoolS/WarmF,Color3,B3,R13,NA,Pist_CoolS/WarmF_B3_R13
30,2,404,Pist,CoolS/WarmF,Color3,B3,R14,NA,Pist_CoolS/WarmF_B3_R14
30,1,405,Pist,CoolS/WarmF,Color3,B3,R15,NA,Pist_CoolS/WarmF_B3_R15
40,2,406,Pist,WarmS/WarmF,Color4,B1,R1,NA,Pist_WarmS/WarmF_B1_R1
40,1,407,Pist,WarmS/WarmF,Color4,B1,R2,NA,Pist_WarmS/WarmF_B1_R2
40,2,408,Pist,WarmS/WarmF,Color4,B1,R3,NA,Pist_WarmS/WarmF_B1_R3
40,1,409,Pist,WarmS/WarmF,Color4,B1,R4,NA,Pist_WarmS/WarmF_B1_R4
40,2,410,Pist,WarmS/WarmF,Color4,B1,R5,NA,Pist_WarmS/WarmF_B1_R5
40,1,411,Pist,WarmS/WarmF,Color4,B2,R6,NA,Pist_WarmS/WarmF_B2_R6
40,2,412,Pist,WarmS/WarmF,Color4,B2,R7,NA,Pist_WarmS/WarmF_B2_R7
40,1,413,Pist,WarmS/WarmF,Color4,B2,R8,NA,Pist_WarmS/WarmF_B2_R8
40,2,414,Pist,WarmS/WarmF,Color4,B2,R9,NA,Pist_WarmS/WarmF_B2_R9
40,1,415,Pist,WarmS/WarmF,Color4,B2,R10,NA,Pist_WarmS/WarmF_B2_R10
40,2,416,Pist,WarmS/WarmF,Color4,B3,R11,NA,Pist_WarmS/WarmF_B3_R11
40,1,417,Pist,WarmS/WarmF,Color4,B3,R12,NA,Pist_WarmS/WarmF_B3_R12
40,2,418,Pist,WarmS/WarmF,Color4,B3,R13,NA,Pist_WarmS/WarmF_B3_R13
40,1,419,Pist,WarmS/WarmF,Color4,B3,R14,NA,Pist_WarmS/WarmF_B3_R14
40,2,420,Pist,WarmS/WarmF,Color4,B3,R15,NA,Pist_WarmS/WarmF_B3_R15
11,1,421,Pist,CoolS/CoolF,Color5,B1,R1,Nutrient+,Pist_CoolS/CoolF_B1_R1_Nutrient+
11,2,422,Pist,CoolS/CoolF,Color5,B1,R2,Nutrient+,Pist_CoolS/CoolF_B1_R2_Nutrient+
11,1,423,Pist,CoolS/CoolF,Color5,B1,R3,Nutrient+,Pist_CoolS/CoolF_B1_R3_Nutrient+
11,2,424,Pist,CoolS/CoolF,Color5,B1,R4,Nutrient+,Pist_CoolS/CoolF_B1_R4_Nutrient+
11,1,425,Pist,CoolS/CoolF,Color5,B1,R5,Nutrient+,Pist_CoolS/CoolF_B1_R5_Nutrient+
11,2,426,Pist,CoolS/CoolF,Color5,B2,R6,Nutrient+,Pist_CoolS/CoolF_B2_R6_Nutrient+
11,1,427,Pist,CoolS/CoolF,Color5,B2,R7,Nutrient+,Pist_CoolS/CoolF_B2_R7_Nutrient+
11,2,428,Pist,CoolS/CoolF,Color5,B2,R8,Nutrient+,Pist_CoolS/CoolF_B2_R8_Nutrient+
11,1,429,Pist,CoolS/CoolF,Color5,B2,R9,Nutrient+,Pist_CoolS/CoolF_B2_R9_Nutrient+
11,2,430,Pist,CoolS/CoolF,Color5,B2,R10,Nutrient+,Pist_CoolS/CoolF_B2_R10_Nutrient+
11,1,431,Pist,CoolS/CoolF,Color5,B3,R11,Nutrient+,Pist_CoolS/CoolF_B3_R11_Nutrient+
11,2,432,Pist,CoolS/CoolF,Color5,B3,R12,Nutrient+,Pist_CoolS/CoolF_B3_R12_Nutrient+
11,1,433,Pist,CoolS/CoolF,Color5,B3,R13,Nutrient+,Pist_CoolS/CoolF_B3_R13_Nutrient+
11,2,434,Pist,CoolS/CoolF,Color5,B3,R14,Nutrient+,Pist_CoolS/CoolF_B3_R14_Nutrient+
11,1,435,Pist,CoolS/CoolF,Color5,B3,R15,Nutrient+,Pist_CoolS/CoolF_B3_R15_Nutrient+
41,2,436,Pist,WarmS/WarmF,Color6,B1,R1,Nutrient+,Pist_WarmS/WarmF_B1_R1_Nutrient+
41,1,437,Pist,WarmS/WarmF,Color6,B1,R2,Nutrient+,Pist_WarmS/WarmF_B1_R2_Nutrient+
41,2,438,Pist,WarmS/WarmF,Color6,B1,R3,Nutrient+,Pist_WarmS/WarmF_B1_R3_Nutrient+
41,1,439,Pist,WarmS/WarmF,Color6,B1,R4,Nutrient+,Pist_WarmS/WarmF_B1_R4_Nutrient+
41,2,440,Pist,WarmS/WarmF,Color6,B1,R5,Nutrient+,Pist_WarmS/WarmF_B1_R5_Nutrient+
41,1,441,Pist,WarmS/WarmF,Color6,B2,R6,Nutrient+,Pist_WarmS/WarmF_B2_R6_Nutrient+
41,2,442,Pist,WarmS/WarmF,Color6,B2,R7,Nutrient+,Pist_WarmS/WarmF_B2_R7_Nutrient+
41,1,443,Pist,WarmS/WarmF,Color6,B2,R8,Nutrient+,Pist_WarmS/WarmF_B2_R8_Nutrient+
41,2,444,Pist,WarmS/WarmF,Color6,B2,R9,Nutrient+,Pist_WarmS/WarmF_B2_R9_Nutrient+
41,1,445,Pist,WarmS/WarmF,Color6,B2,R10,Nutrient+,Pist_WarmS/WarmF_B2_R10_Nutrient+
41,2,446,Pist,WarmS/WarmF,Color6,B3,R11,Nutrient+,Pist_WarmS/WarmF_B3_R11_Nutrient+
41,1,447,Pist,WarmS/WarmF,Color6,B3,R12,Nutrient+,Pist_WarmS/WarmF_B3_R12_Nutrient+
41,2,448,Pist,WarmS/WarmF,Color6,B3,R13,Nutrient+,Pist_WarmS/WarmF_B3_R13_Nutrient+
41,1,449,Pist,WarmS/WarmF,Color6,B3,R14,Nutrient+,Pist_WarmS/WarmF_B3_R14_Nutrient+
41,2,450,Pist,WarmS/WarmF,Color6,B3,R15,Nutrient+,Pist_WarmS/WarmF_B3_R15_Nutrient+
10,1,451,Poba,CoolS/CoolF,Color1,B1,R1,NA,Poba_CoolS/CoolF_B1_R1
10,2,452,Poba,CoolS/CoolF,Color1,B1,R2,NA,Poba_CoolS/CoolF_B1_R2
10,1,453,Poba,CoolS/CoolF,Color1,B1,R3,NA,Poba_CoolS/CoolF_B1_R3
10,2,454,Poba,CoolS/CoolF,Color1,B1,R4,NA,Poba_CoolS/CoolF_B1_R4
10,1,455,Poba,CoolS/CoolF,Color1,B1,R5,NA,Poba_CoolS/CoolF_B1_R5
10,2,456,Poba,CoolS/CoolF,Color1,B2,R6,NA,Poba_CoolS/CoolF_B2_R6
10,1,457,Poba,CoolS/CoolF,Color1,B2,R7,NA,Poba_CoolS/CoolF_B2_R7
10,2,458,Poba,CoolS/CoolF,Color1,B2,R8,NA,Poba_CoolS/CoolF_B2_R8
10,1,459,Poba,CoolS/CoolF,Color1,B2,R9,NA,Poba_CoolS/CoolF_B2_R9
10,2,460,Poba,CoolS/CoolF,Color1,B2,R10,NA,Poba_CoolS/CoolF_B2_R10
10,1,461,Poba,CoolS/CoolF,Color1,B3,R11,NA,Poba_CoolS/CoolF_B3_R11
10,2,462,Poba,CoolS/CoolF,Color1,B3,R12,NA,Poba_CoolS/CoolF_B3_R12
10,1,463,Poba,CoolS/CoolF,Color1,B3,R13,NA,Poba_CoolS/CoolF_B3_R13
10,2,464,Poba,CoolS/CoolF,Color1,B3,R14,NA,Poba_CoolS/CoolF_B3_R14
10,1,465,Poba,CoolS/CoolF,Color1,B3,R15,NA,Poba_CoolS/CoolF_B3_R15
20,2,466,Poba,WarmS/CoolF,Color2,B1,R1,NA,Poba_WarmS/CoolF_B1_R1
20,1,467,Poba,WarmS/CoolF,Color2,B1,R2,NA,Poba_WarmS/CoolF_B1_R2
20,2,468,Poba,WarmS/CoolF,Color2,B1,R3,NA,Poba_WarmS/CoolF_B1_R3
20,1,469,Poba,WarmS/CoolF,Color2,B1,R4,NA,Poba_WarmS/CoolF_B1_R4
20,2,470,Poba,WarmS/CoolF,Color2,B1,R5,NA,Poba_WarmS/CoolF_B1_R5
20,1,471,Poba,WarmS/CoolF,Color2,B2,R6,NA,Poba_WarmS/CoolF_B2_R6
20,2,472,Poba,WarmS/CoolF,Color2,B2,R7,NA,Poba_WarmS/CoolF_B2_R7
20,1,473,Poba,WarmS/CoolF,Color2,B2,R8,NA,Poba_WarmS/CoolF_B2_R8
20,2,474,Poba,WarmS/CoolF,Color2,B2,R9,NA,Poba_WarmS/CoolF_B2_R9
20,1,475,Poba,WarmS/CoolF,Color2,B2,R10,NA,Poba_WarmS/CoolF_B2_R10
20,2,476,Poba,WarmS/CoolF,Color2,B3,R11,NA,Poba_WarmS/CoolF_B3_R11
20,1,477,Poba,WarmS/CoolF,Color2,B3,R12,NA,Poba_WarmS/CoolF_B3_R12
20,2,478,Poba,WarmS/CoolF,Color2,B3,R13,NA,Poba_WarmS/CoolF_B3_R13
20,1,479,Poba,WarmS/CoolF,Color2,B3,R14,NA,Poba_WarmS/CoolF_B3_R14
20,2,480,Poba,WarmS/CoolF,Color2,B3,R15,NA,Poba_WarmS/CoolF_B3_R15
30,1,481,Poba,CoolS/WarmF,Color3,B1,R1,NA,Poba_CoolS/WarmF_B1_R1
30,2,482,Poba,CoolS/WarmF,Color3,B1,R2,NA,Poba_CoolS/WarmF_B1_R2
30,1,483,Poba,CoolS/WarmF,Color3,B1,R3,NA,Poba_CoolS/WarmF_B1_R3
30,2,484,Poba,CoolS/WarmF,Color3,B1,R4,NA,Poba_CoolS/WarmF_B1_R4
30,1,485,Poba,CoolS/WarmF,Color3,B1,R5,NA,Poba_CoolS/WarmF_B1_R5
30,2,486,Poba,CoolS/WarmF,Color3,B2,R6,NA,Poba_CoolS/WarmF_B2_R6
30,1,487,Poba,CoolS/WarmF,Color3,B2,R7,NA,Poba_CoolS/WarmF_B2_R7
30,2,488,Poba,CoolS/WarmF,Color3,B2,R8,NA,Poba_CoolS/WarmF_B2_R8
30,1,489,Poba,CoolS/WarmF,Color3,B2,R9,NA,Poba_CoolS/WarmF_B2_R9
30,2,490,Poba,CoolS/WarmF,Color3,B2,R10,NA,Poba_CoolS/WarmF_B2_R10
30,1,491,Poba,CoolS/WarmF,Color3,B3,R11,NA,Poba_CoolS/WarmF_B3_R11
30,2,492,Poba,CoolS/WarmF,Color3,B3,R12,NA,Poba_CoolS/WarmF_B3_R12
30,1,493,Poba,CoolS/WarmF,Color3,B3,R13,NA,Poba_CoolS/WarmF_B3_R13
30,2,494,Poba,CoolS/WarmF,Color3,B3,R14,NA,Poba_CoolS/WarmF_B3_R14
30,1,495,Poba,CoolS/WarmF,Color3,B3,R15,NA,Poba_CoolS/WarmF_B3_R15
40,2,496,Poba,WarmS/WarmF,Color4,B1,R1,NA,Poba_WarmS/WarmF_B1_R1
40,1,497,Poba,WarmS/WarmF,Color4,B1,R2,NA,Poba_WarmS/WarmF_B1_R2
40,2,498,Poba,WarmS/WarmF,Color4,B1,R3,NA,Poba_WarmS/WarmF_B1_R3
40,1,499,Poba,WarmS/WarmF,Color4,B1,R4,NA,Poba_WarmS/WarmF_B1_R4
40,2,500,Poba,WarmS/WarmF,Color4,B1,R5,NA,Poba_WarmS/WarmF_B1_R5
40,1,501,Poba,WarmS/WarmF,Color4,B2,R6,NA,Poba_WarmS/WarmF_B2_R6
40,2,502,Poba,WarmS/WarmF,Color4,B2,R7,NA,Poba_WarmS/WarmF_B2_R7
40,1,503,Poba,WarmS/WarmF,Color4,B2,R8,NA,Poba_WarmS/WarmF_B2_R8
40,2,504,Poba,WarmS/WarmF,Color4,B2,R9,NA,Poba_WarmS/WarmF_B2_R9
40,1,505,Poba,WarmS/WarmF,Color4,B2,R10,NA,Poba_WarmS/WarmF_B2_R10
40,2,506,Poba,WarmS/WarmF,Color4,B3,R11,NA,Poba_WarmS/WarmF_B3_R11
40,1,507,Poba,WarmS/WarmF,Color4,B3,R12,NA,Poba_WarmS/WarmF_B3_R12
40,2,508,Poba,WarmS/WarmF,Color4,B3,R13,NA,Poba_WarmS/WarmF_B3_R13
40,1,509,Poba,WarmS/WarmF,Color4,B3,R14,NA,Poba_WarmS/WarmF_B3_R14
40,2,510,Poba,WarmS/WarmF,Color4,B3,R15,NA,Poba_WarmS/WarmF_B3_R15
11,1,511,Poba,CoolS/CoolF,Color5,B1,R1,Nutrient+,Poba_CoolS/CoolF_B1_R1_Nutrient+
11,2,512,Poba,CoolS/CoolF,Color5,B1,R2,Nutrient+,Poba_CoolS/CoolF_B1_R2_Nutrient+
11,1,513,Poba,CoolS/CoolF,Color5,B1,R3,Nutrient+,Poba_CoolS/CoolF_B1_R3_Nutrient+
11,2,514,Poba,CoolS/CoolF,Color5,B1,R4,Nutrient+,Poba_CoolS/CoolF_B1_R4_Nutrient+
11,1,515,Poba,CoolS/CoolF,Color5,B1,R5,Nutrient+,Poba_CoolS/CoolF_B1_R5_Nutrient+
11,2,516,Poba,CoolS/CoolF,Color5,B2,R6,Nutrient+,Poba_CoolS/CoolF_B2_R6_Nutrient+
11,1,517,Poba,CoolS/CoolF,Color5,B2,R7,Nutrient+,Poba_CoolS/CoolF_B2_R7_Nutrient+
11,2,518,Poba,CoolS/CoolF,Color5,B2,R8,Nutrient+,Poba_CoolS/CoolF_B2_R8_Nutrient+
11,1,519,Poba,CoolS/CoolF,Color5,B2,R9,Nutrient+,Poba_CoolS/CoolF_B2_R9_Nutrient+
11,2,520,Poba,CoolS/CoolF,Color5,B2,R10,Nutrient+,Poba_CoolS/CoolF_B2_R10_Nutrient+
11,1,521,Poba,CoolS/CoolF,Color5,B3,R11,Nutrient+,Poba_CoolS/CoolF_B3_R11_Nutrient+
11,2,522,Poba,CoolS/CoolF,Color5,B3,R12,Nutrient+,Poba_CoolS/CoolF_B3_R12_Nutrient+
11,1,523,Poba,CoolS/CoolF,Color5,B3,R13,Nutrient+,Poba_CoolS/CoolF_B3_R13_Nutrient+
11,2,524,Poba,CoolS/CoolF,Color5,B3,R14,Nutrient+,Poba_CoolS/CoolF_B3_R14_Nutrient+
11,1,525,Poba,CoolS/CoolF,Color5,B3,R15,Nutrient+,Poba_CoolS/CoolF_B3_R15_Nutrient+
41,2,526,Poba,WarmS/WarmF,Color6,B1,R1,Nutrient+,Poba_WarmS/WarmF_B1_R1_Nutrient+
41,1,527,Poba,WarmS/WarmF,Color6,B1,R2,Nutrient+,Poba_WarmS/WarmF_B1_R2_Nutrient+
41,2,528,Poba,WarmS/WarmF,Color6,B1,R3,Nutrient+,Poba_WarmS/WarmF_B1_R3_Nutrient+
41,1,529,Poba,WarmS/WarmF,Color6,B1,R4,Nutrient+,Poba_WarmS/WarmF_B1_R4_Nutrient+
41,2,530,Poba,WarmS/WarmF,Color6,B1,R5,Nutrient+,Poba_WarmS/WarmF_B1_R5_Nutrient+
41,1,531,Poba,WarmS/WarmF,Color6,B2,R6,Nutrient+,Poba_WarmS/WarmF_B2_R6_Nutrient+
41,2,532,Poba,WarmS/WarmF,Color6,B2,R7,Nutrient+,Poba_WarmS/WarmF_B2_R7_Nutrient+
41,1,533,Poba,WarmS/WarmF,Color6,B2,R8,Nutrient+,Poba_WarmS/WarmF_B2_R8_Nutrient+
41,2,534,Poba,WarmS/WarmF,Color6,B2,R9,Nutrient+,Poba_WarmS/WarmF_B2_R9_Nutrient+
41,1,535,Poba,WarmS/WarmF,Color6,B2,R10,Nutrient+,Poba_WarmS/WarmF_B2_R10_Nutrient+
41,2,536,Poba,WarmS/WarmF,Color6,B3,R11,Nutrient+,Poba_WarmS/WarmF_B3_R11_Nutrient+
41,1,537,Poba,WarmS/WarmF,Color6,B3,R12,Nutrient+,Poba_WarmS/WarmF_B3_R12_Nutrient+
41,2,538,Poba,WarmS/WarmF,Color6,B3,R13,Nutrient+,Poba_WarmS/WarmF_B3_R13_Nutrient+
41,1,539,Poba,WarmS/WarmF,Color6,B3,R14,Nutrient+,Poba_WarmS/WarmF_B3_R14_Nutrient+
41,2,540,Poba,WarmS/WarmF,Color6,B3,R15,Nutrient+,Poba_WarmS/WarmF_B3_R15_Nutrient+
10,1,541,Prvi,CoolS/CoolF,Color1,B1,R1,NA,Prvi_CoolS/CoolF_B1_R1
10,2,542,Prvi,CoolS/CoolF,Color1,B1,R2,NA,Prvi_CoolS/CoolF_B1_R2
10,1,543,Prvi,CoolS/CoolF,Color1,B1,R3,NA,Prvi_CoolS/CoolF_B1_R3
10,2,544,Prvi,CoolS/CoolF,Color1,B1,R4,NA,Prvi_CoolS/CoolF_B1_R4
10,1,545,Prvi,CoolS/CoolF,Color1,B1,R5,NA,Prvi_CoolS/CoolF_B1_R5
10,2,546,Prvi,CoolS/CoolF,Color1,B2,R6,NA,Prvi_CoolS/CoolF_B2_R6
10,1,547,Prvi,CoolS/CoolF,Color1,B2,R7,NA,Prvi_CoolS/CoolF_B2_R7
10,2,548,Prvi,CoolS/CoolF,Color1,B2,R8,NA,Prvi_CoolS/CoolF_B2_R8
10,1,549,Prvi,CoolS/CoolF,Color1,B2,R9,NA,Prvi_CoolS/CoolF_B2_R9
10,2,550,Prvi,CoolS/CoolF,Color1,B2,R10,NA,Prvi_CoolS/CoolF_B2_R10
10,1,551,Prvi,CoolS/CoolF,Color1,B3,R11,NA,Prvi_CoolS/CoolF_B3_R11
10,2,552,Prvi,CoolS/CoolF,Color1,B3,R12,NA,Prvi_CoolS/CoolF_B3_R12
10,1,553,Prvi,CoolS/CoolF,Color1,B3,R13,NA,Prvi_CoolS/CoolF_B3_R13
10,2,554,Prvi,CoolS/CoolF,Color1,B3,R14,NA,Prvi_CoolS/CoolF_B3_R14
10,1,555,Prvi,CoolS/CoolF,Color1,B3,R15,NA,Prvi_CoolS/CoolF_B3_R15
20,2,556,Prvi,WarmS/CoolF,Color2,B1,R1,NA,Prvi_WarmS/CoolF_B1_R1
20,1,557,Prvi,WarmS/CoolF,Color2,B1,R2,NA,Prvi_WarmS/CoolF_B1_R2
20,2,558,Prvi,WarmS/CoolF,Color2,B1,R3,NA,Prvi_WarmS/CoolF_B1_R3
20,1,559,Prvi,WarmS/CoolF,Color2,B1,R4,NA,Prvi_WarmS/CoolF_B1_R4
20,2,560,Prvi,WarmS/CoolF,Color2,B1,R5,NA,Prvi_WarmS/CoolF_B1_R5
20,1,561,Prvi,WarmS/CoolF,Color2,B2,R6,NA,Prvi_WarmS/CoolF_B2_R6
20,2,562,Prvi,WarmS/CoolF,Color2,B2,R7,NA,Prvi_WarmS/CoolF_B2_R7
20,1,563,Prvi,WarmS/CoolF,Color2,B2,R8,NA,Prvi_WarmS/CoolF_B2_R8
20,2,564,Prvi,WarmS/CoolF,Color2,B2,R9,NA,Prvi_WarmS/CoolF_B2_R9
20,1,565,Prvi,WarmS/CoolF,Color2,B2,R10,NA,Prvi_WarmS/CoolF_B2_R10
20,2,566,Prvi,WarmS/CoolF,Color2,B3,R11,NA,Prvi_WarmS/CoolF_B3_R11
20,1,567,Prvi,WarmS/CoolF,Color2,B3,R12,NA,Prvi_WarmS/CoolF_B3_R12
20,2,568,Prvi,WarmS/CoolF,Color2,B3,R13,NA,Prvi_WarmS/CoolF_B3_R13
20,1,569,Prvi,WarmS/CoolF,Color2,B3,R14,NA,Prvi_WarmS/CoolF_B3_R14
20,2,570,Prvi,WarmS/CoolF,Color2,B3,R15,NA,Prvi_WarmS/CoolF_B3_R15
30,1,571,Prvi,CoolS/WarmF,Color3,B1,R1,NA,Prvi_CoolS/WarmF_B1_R1
30,2,572,Prvi,CoolS/WarmF,Color3,B1,R2,NA,Prvi_CoolS/WarmF_B1_R2
30,1,573,Prvi,CoolS/WarmF,Color3,B1,R3,NA,Prvi_CoolS/WarmF_B1_R3
30,2,574,Prvi,CoolS/WarmF,Color3,B1,R4,NA,Prvi_CoolS/WarmF_B1_R4
30,1,575,Prvi,CoolS/WarmF,Color3,B1,R5,NA,Prvi_CoolS/WarmF_B1_R5
30,2,576,Prvi,CoolS/WarmF,Color3,B2,R6,NA,Prvi_CoolS/WarmF_B2_R6
30,1,577,Prvi,CoolS/WarmF,Color3,B2,R7,NA,Prvi_CoolS/WarmF_B2_R7
30,2,578,Prvi,CoolS/WarmF,Color3,B2,R8,NA,Prvi_CoolS/WarmF_B2_R8
30,1,579,Prvi,CoolS/WarmF,Color3,B2,R9,NA,Prvi_CoolS/WarmF_B2_R9
30,2,580,Prvi,CoolS/WarmF,Color3,B2,R10,NA,Prvi_CoolS/WarmF_B2_R10
30,1,581,Prvi,CoolS/WarmF,Color3,B3,R11,NA,Prvi_CoolS/WarmF_B3_R11
30,2,582,Prvi,CoolS/WarmF,Color3,B3,R12,NA,Prvi_CoolS/WarmF_B3_R12
30,1,583,Prvi,CoolS/WarmF,Color3,B3,R13,NA,Prvi_CoolS/WarmF_B3_R13
30,2,584,Prvi,CoolS/WarmF,Color3,B3,R14,NA,Prvi_CoolS/WarmF_B3_R14
30,1,585,Prvi,CoolS/WarmF,Color3,B3,R15,NA,Prvi_CoolS/WarmF_B3_R15
40,2,586,Prvi,WarmS/WarmF,Color4,B1,R1,NA,Prvi_WarmS/WarmF_B1_R1
40,1,587,Prvi,WarmS/WarmF,Color4,B1,R2,NA,Prvi_WarmS/WarmF_B1_R2
40,2,588,Prvi,WarmS/WarmF,Color4,B1,R3,NA,Prvi_WarmS/WarmF_B1_R3
40,1,589,Prvi,WarmS/WarmF,Color4,B1,R4,NA,Prvi_WarmS/WarmF_B1_R4
40,2,590,Prvi,WarmS/WarmF,Color4,B1,R5,NA,Prvi_WarmS/WarmF_B1_R5
40,1,591,Prvi,WarmS/WarmF,Color4,B2,R6,NA,Prvi_WarmS/WarmF_B2_R6
40,2,592,Prvi,WarmS/WarmF,Color4,B2,R7,NA,Prvi_WarmS/WarmF_B2_R7
40,1,593,Prvi,WarmS/WarmF,Color4,B2,R8,NA,Prvi_WarmS/WarmF_B2_R8
40,2,594,Prvi,WarmS/WarmF,Color4,B2,R9,NA,Prvi_WarmS/WarmF_B2_R9
40,1,595,Prvi,WarmS/WarmF,Color4,B2,R10,NA,Prvi_WarmS/WarmF_B2_R10
40,2,596,Prvi,WarmS/WarmF,Color4,B3,R11,NA,Prvi_WarmS/WarmF_B3_R11
40,1,597,Prvi,WarmS/WarmF,Color4,B3,R12,NA,Prvi_WarmS/WarmF_B3_R12
40,2,598,Prvi,WarmS/WarmF,Color4,B3,R13,NA,Prvi_WarmS/WarmF_B3_R13
40,1,599,Prvi,WarmS/WarmF,Color4,B3,R14,NA,Prvi_WarmS/WarmF_B3_R14
40,2,600,Prvi,WarmS/WarmF,Color4,B3,R15,NA,Prvi_WarmS/WarmF_B3_R15
11,1,601,Prvi,CoolS/CoolF,Color5,B1,R1,Nutrient+,Prvi_CoolS/CoolF_B1_R1_Nutrient+
11,2,602,Prvi,CoolS/CoolF,Color5,B1,R2,Nutrient+,Prvi_CoolS/CoolF_B1_R2_Nutrient+
11,1,603,Prvi,CoolS/CoolF,Color5,B1,R3,Nutrient+,Prvi_CoolS/CoolF_B1_R3_Nutrient+
11,2,604,Prvi,CoolS/CoolF,Color5,B1,R4,Nutrient+,Prvi_CoolS/CoolF_B1_R4_Nutrient+
11,1,605,Prvi,CoolS/CoolF,Color5,B1,R5,Nutrient+,Prvi_CoolS/CoolF_B1_R5_Nutrient+
11,2,606,Prvi,CoolS/CoolF,Color5,B2,R6,Nutrient+,Prvi_CoolS/CoolF_B2_R6_Nutrient+
11,1,607,Prvi,CoolS/CoolF,Color5,B2,R7,Nutrient+,Prvi_CoolS/CoolF_B2_R7_Nutrient+
11,2,608,Prvi,CoolS/CoolF,Color5,B2,R8,Nutrient+,Prvi_CoolS/CoolF_B2_R8_Nutrient+
11,1,609,Prvi,CoolS/CoolF,Color5,B2,R9,Nutrient+,Prvi_CoolS/CoolF_B2_R9_Nutrient+
11,2,610,Prvi,CoolS/CoolF,Color5,B2,R10,Nutrient+,Prvi_CoolS/CoolF_B2_R10_Nutrient+
11,1,611,Prvi,CoolS/CoolF,Color5,B3,R11,Nutrient+,Prvi_CoolS/CoolF_B3_R11_Nutrient+
11,2,612,Prvi,CoolS/CoolF,Color5,B3,R12,Nutrient+,Prvi_CoolS/CoolF_B3_R12_Nutrient+
11,1,613,Prvi,CoolS/CoolF,Color5,B3,R13,Nutrient+,Prvi_CoolS/CoolF_B3_R13_Nutrient+
11,2,614,Prvi,CoolS/CoolF,Color5,B3,R14,Nutrient+,Prvi_CoolS/CoolF_B3_R14_Nutrient+
11,1,615,Prvi,CoolS/CoolF,Color5,B3,R15,Nutrient+,Prvi_CoolS/CoolF_B3_R15_Nutrient+
41,2,616,Prvi,WarmS/WarmF,Color6,B1,R1,Nutrient+,Prvi_WarmS/WarmF_B1_R1_Nutrient+
41,1,617,Prvi,WarmS/WarmF,Color6,B1,R2,Nutrient+,Prvi_WarmS/WarmF_B1_R2_Nutrient+
41,2,618,Prvi,WarmS/WarmF,Color6,B1,R3,Nutrient+,Prvi_WarmS/WarmF_B1_R3_Nutrient+
41,1,619,Prvi,WarmS/WarmF,Color6,B1,R4,Nutrient+,Prvi_WarmS/WarmF_B1_R4_Nutrient+
41,2,620,Prvi,WarmS/WarmF,Color6,B1,R5,Nutrient+,Prvi_WarmS/WarmF_B1_R5_Nutrient+
41,1,621,Prvi,WarmS/WarmF,Color6,B2,R6,Nutrient+,Prvi_WarmS/WarmF_B2_R6_Nutrient+
41,2,622,Prvi,WarmS/WarmF,Color6,B2,R7,Nutrient+,Prvi_WarmS/WarmF_B2_R7_Nutrient+
41,1,623,Prvi,WarmS/WarmF,Color6,B2,R8,Nutrient+,Prvi_WarmS/WarmF_B2_R8_Nutrient+
41,2,624,Prvi,WarmS/WarmF,Color6,B2,R9,Nutrient+,Prvi_WarmS/WarmF_B2_R9_Nutrient+
41,1,625,Prvi,WarmS/WarmF,Color6,B2,R10,Nutrient+,Prvi_WarmS/WarmF_B2_R10_Nutrient+
41,2,626,Prvi,WarmS/WarmF,Color6,B3,R11,Nutrient+,Prvi_WarmS/WarmF_B3_R11_Nutrient+
41,1,627,Prvi,WarmS/WarmF,Color6,B3,R12,Nutrient+,Prvi_WarmS/WarmF_B3_R12_Nutrient+
41,2,628,Prvi,WarmS/WarmF,Color6,B3,R13,Nutrient+,Prvi_WarmS/WarmF_B3_R13_Nutrient+
41,1,629,Prvi,WarmS/WarmF,Color6,B3,R14,Nutrient+,Prvi_WarmS/WarmF_B3_R14_Nutrient+
41,2,630,Prvi,WarmS/WarmF,Color6,B3,R15,Nutrient+,Prvi_WarmS/WarmF_B3_R15_Nutrient+
10,1,631,Quma,CoolS/CoolF,Color1,B1,R1,NA,Quma_CoolS/CoolF_B1_R1
10,2,632,Quma,CoolS/CoolF,Color1,B1,R2,NA,Quma_CoolS/CoolF_B1_R2
10,1,633,Quma,CoolS/CoolF,Color1,B1,R3,NA,Quma_CoolS/CoolF_B1_R3
10,2,634,Quma,CoolS/CoolF,Color1,B1,R4,NA,Quma_CoolS/CoolF_B1_R4
10,1,635,Quma,CoolS/CoolF,Color1,B1,R5,NA,Quma_CoolS/CoolF_B1_R5
10,2,636,Quma,CoolS/CoolF,Color1,B2,R6,NA,Quma_CoolS/CoolF_B2_R6
10,1,637,Quma,CoolS/CoolF,Color1,B2,R7,NA,Quma_CoolS/CoolF_B2_R7
10,2,638,Quma,CoolS/CoolF,Color1,B2,R8,NA,Quma_CoolS/CoolF_B2_R8
10,1,639,Quma,CoolS/CoolF,Color1,B2,R9,NA,Quma_CoolS/CoolF_B2_R9
10,2,640,Quma,CoolS/CoolF,Color1,B2,R10,NA,Quma_CoolS/CoolF_B2_R10
10,1,641,Quma,CoolS/CoolF,Color1,B3,R11,NA,Quma_CoolS/CoolF_B3_R11
10,2,642,Quma,CoolS/CoolF,Color1,B3,R12,NA,Quma_CoolS/CoolF_B3_R12
10,1,643,Quma,CoolS/CoolF,Color1,B3,R13,NA,Quma_CoolS/CoolF_B3_R13
10,2,644,Quma,CoolS/CoolF,Color1,B3,R14,NA,Quma_CoolS/CoolF_B3_R14
10,1,645,Quma,CoolS/CoolF,Color1,B3,R15,NA,Quma_CoolS/CoolF_B3_R15
20,2,646,Quma,WarmS/CoolF,Color2,B1,R1,NA,Quma_WarmS/CoolF_B1_R1
20,1,647,Quma,WarmS/CoolF,Color2,B1,R2,NA,Quma_WarmS/CoolF_B1_R2
20,2,648,Quma,WarmS/CoolF,Color2,B1,R3,NA,Quma_WarmS/CoolF_B1_R3
20,1,649,Quma,WarmS/CoolF,Color2,B1,R4,NA,Quma_WarmS/CoolF_B1_R4
20,2,650,Quma,WarmS/CoolF,Color2,B1,R5,NA,Quma_WarmS/CoolF_B1_R5
20,1,651,Quma,WarmS/CoolF,Color2,B2,R6,NA,Quma_WarmS/CoolF_B2_R6
20,2,652,Quma,WarmS/CoolF,Color2,B2,R7,NA,Quma_WarmS/CoolF_B2_R7
20,1,653,Quma,WarmS/CoolF,Color2,B2,R8,NA,Quma_WarmS/CoolF_B2_R8
20,2,654,Quma,WarmS/CoolF,Color2,B2,R9,NA,Quma_WarmS/CoolF_B2_R9
20,1,655,Quma,WarmS/CoolF,Color2,B2,R10,NA,Quma_WarmS/CoolF_B2_R10
20,2,656,Quma,WarmS/CoolF,Color2,B3,R11,NA,Quma_WarmS/CoolF_B3_R11
20,1,657,Quma,WarmS/CoolF,Color2,B3,R12,NA,Quma_WarmS/CoolF_B3_R12
20,2,658,Quma,WarmS/CoolF,Color2,B3,R13,NA,Quma_WarmS/CoolF_B3_R13
20,1,659,Quma,WarmS/CoolF,Color2,B3,R14,NA,Quma_WarmS/CoolF_B3_R14
20,2,660,Quma,WarmS/CoolF,Color2,B3,R15,NA,Quma_WarmS/CoolF_B3_R15
30,1,661,Quma,CoolS/WarmF,Color3,B1,R1,NA,Quma_CoolS/WarmF_B1_R1
30,2,662,Quma,CoolS/WarmF,Color3,B1,R2,NA,Quma_CoolS/WarmF_B1_R2
30,1,663,Quma,CoolS/WarmF,Color3,B1,R3,NA,Quma_CoolS/WarmF_B1_R3
30,2,664,Quma,CoolS/WarmF,Color3,B1,R4,NA,Quma_CoolS/WarmF_B1_R4
30,1,665,Quma,CoolS/WarmF,Color3,B1,R5,NA,Quma_CoolS/WarmF_B1_R5
30,2,666,Quma,CoolS/WarmF,Color3,B2,R6,NA,Quma_CoolS/WarmF_B2_R6
30,1,667,Quma,CoolS/WarmF,Color3,B2,R7,NA,Quma_CoolS/WarmF_B2_R7
30,2,668,Quma,CoolS/WarmF,Color3,B2,R8,NA,Quma_CoolS/WarmF_B2_R8
30,1,669,Quma,CoolS/WarmF,Color3,B2,R9,NA,Quma_CoolS/WarmF_B2_R9
30,2,670,Quma,CoolS/WarmF,Color3,B2,R10,NA,Quma_CoolS/WarmF_B2_R10
30,1,671,Quma,CoolS/WarmF,Color3,B3,R11,NA,Quma_CoolS/WarmF_B3_R11
30,2,672,Quma,CoolS/WarmF,Color3,B3,R12,NA,Quma_CoolS/WarmF_B3_R12
30,1,673,Quma,CoolS/WarmF,Color3,B3,R13,NA,Quma_CoolS/WarmF_B3_R13
30,2,674,Quma,CoolS/WarmF,Color3,B3,R14,NA,Quma_CoolS/WarmF_B3_R14
30,1,675,Quma,CoolS/WarmF,Color3,B3,R15,NA,Quma_CoolS/WarmF_B3_R15
40,2,676,Quma,WarmS/WarmF,Color4,B1,R1,NA,Quma_WarmS/WarmF_B1_R1
40,1,677,Quma,WarmS/WarmF,Color4,B1,R2,NA,Quma_WarmS/WarmF_B1_R2
40,2,678,Quma,WarmS/WarmF,Color4,B1,R3,NA,Quma_WarmS/WarmF_B1_R3
40,1,679,Quma,WarmS/WarmF,Color4,B1,R4,NA,Quma_WarmS/WarmF_B1_R4
40,2,680,Quma,WarmS/WarmF,Color4,B1,R5,NA,Quma_WarmS/WarmF_B1_R5
40,1,681,Quma,WarmS/WarmF,Color4,B2,R6,NA,Quma_WarmS/WarmF_B2_R6
40,2,682,Quma,WarmS/WarmF,Color4,B2,R7,NA,Quma_WarmS/WarmF_B2_R7
40,1,683,Quma,WarmS/WarmF,Color4,B2,R8,NA,Quma_WarmS/WarmF_B2_R8
40,2,684,Quma,WarmS/WarmF,Color4,B2,R9,NA,Quma_WarmS/WarmF_B2_R9
40,1,685,Quma,WarmS/WarmF,Color4,B2,R10,NA,Quma_WarmS/WarmF_B2_R10
40,2,686,Quma,WarmS/WarmF,Color4,B3,R11,NA,Quma_WarmS/WarmF_B3_R11
40,1,687,Quma,WarmS/WarmF,Color4,B3,R12,NA,Quma_WarmS/WarmF_B3_R12
40,2,688,Quma,WarmS/WarmF,Color4,B3,R13,NA,Quma_WarmS/WarmF_B3_R13
40,1,689,Quma,WarmS/WarmF,Color4,B3,R14,NA,Quma_WarmS/WarmF_B3_R14
40,2,690,Quma,WarmS/WarmF,Color4,B3,R15,NA,Quma_WarmS/WarmF_B3_R15
11,1,691,Quma,CoolS/CoolF,Color5,B1,R1,Nutrient+,Quma_CoolS/CoolF_B1_R1_Nutrient+
11,2,692,Quma,CoolS/CoolF,Color5,B1,R2,Nutrient+,Quma_CoolS/CoolF_B1_R2_Nutrient+
11,1,693,Quma,CoolS/CoolF,Color5,B1,R3,Nutrient+,Quma_CoolS/CoolF_B1_R3_Nutrient+
11,2,694,Quma,CoolS/CoolF,Color5,B1,R4,Nutrient+,Quma_CoolS/CoolF_B1_R4_Nutrient+
11,1,695,Quma,CoolS/CoolF,Color5,B1,R5,Nutrient+,Quma_CoolS/CoolF_B1_R5_Nutrient+
11,2,696,Quma,CoolS/CoolF,Color5,B2,R6,Nutrient+,Quma_CoolS/CoolF_B2_R6_Nutrient+
11,1,697,Quma,CoolS/CoolF,Color5,B2,R7,Nutrient+,Quma_CoolS/CoolF_B2_R7_Nutrient+
11,2,698,Quma,CoolS/CoolF,Color5,B2,R8,Nutrient+,Quma_CoolS/CoolF_B2_R8_Nutrient+
11,1,699,Quma,CoolS/CoolF,Color5,B2,R9,Nutrient+,Quma_CoolS/CoolF_B2_R9_Nutrient+
11,2,700,Quma,CoolS/CoolF,Color5,B2,R10,Nutrient+,Quma_CoolS/CoolF_B2_R10_Nutrient+
11,1,701,Quma,CoolS/CoolF,Color5,B3,R11,Nutrient+,Quma_CoolS/CoolF_B3_R11_Nutrient+
11,2,702,Quma,CoolS/CoolF,Color5,B3,R12,Nutrient+,Quma_CoolS/CoolF_B3_R12_Nutrient+
11,1,703,Quma,CoolS/CoolF,Color5,B3,R13,Nutrient+,Quma_CoolS/CoolF_B3_R13_Nutrient+
11,2,704,Quma,CoolS/CoolF,Color5,B3,R14,Nutrient+,Quma_CoolS/CoolF_B3_R14_Nutrient+
11,1,705,Quma,CoolS/CoolF,Color5,B3,R15,Nutrient+,Quma_CoolS/CoolF_B3_R15_Nutrient+
41,2,706,Quma,WarmS/WarmF,Color6,B1,R1,Nutrient+,Quma_WarmS/WarmF_B1_R1_Nutrient+
41,1,707,Quma,WarmS/WarmF,Color6,B1,R2,Nutrient+,Quma_WarmS/WarmF_B1_R2_Nutrient+
41,2,708,Quma,WarmS/WarmF,Color6,B1,R3,Nutrient+,Quma_WarmS/WarmF_B1_R3_Nutrient+
41,1,709,Quma,WarmS/WarmF,Color6,B1,R4,Nutrient+,Quma_WarmS/WarmF_B1_R4_Nutrient+
41,2,710,Quma,WarmS/WarmF,Color6,B1,R5,Nutrient+,Quma_WarmS/WarmF_B1_R5_Nutrient+
41,1,711,Quma,WarmS/WarmF,Color6,B2,R6,Nutrient+,Quma_WarmS/WarmF_B2_R6_Nutrient+
41,2,712,Quma,WarmS/WarmF,Color6,B2,R7,Nutrient+,Quma_WarmS/WarmF_B2_R7_Nutrient+
41,1,713,Quma,WarmS/WarmF,Color6,B2,R8,Nutrient+,Quma_WarmS/WarmF_B2_R8_Nutrient+
41,2,714,Quma,WarmS/WarmF,Color6,B2,R9,Nutrient+,Quma_WarmS/WarmF_B2_R9_Nutrient+
41,1,715,Quma,WarmS/WarmF,Color6,B2,R10,Nutrient+,Quma_WarmS/WarmF_B2_R10_Nutrient+
41,2,716,Quma,WarmS/WarmF,Color6,B3,R11,Nutrient+,Quma_WarmS/WarmF_B3_R11_Nutrient+
41,1,717,Quma,WarmS/WarmF,Color6,B3,R12,Nutrient+,Quma_WarmS/WarmF_B3_R12_Nutrient+
41,2,718,Quma,WarmS/WarmF,Color6,B3,R13,Nutrient+,Quma_WarmS/WarmF_B3_R13_Nutrient+
41,1,719,Quma,WarmS/WarmF,Color6,B3,R14,Nutrient+,Quma_WarmS/WarmF_B3_R14_Nutrient+
41,2,720,Quma,WarmS/WarmF,Color6,B3,R15,Nutrient+,Quma_WarmS/WarmF_B3_R15_Nutrient+
10,1,721,Segi,CoolS/CoolF,Color1,B1,R1,NA,Segi_CoolS/CoolF_B1_R1
10,2,722,Segi,CoolS/CoolF,Color1,B1,R2,NA,Segi_CoolS/CoolF_B1_R2
10,1,723,Segi,CoolS/CoolF,Color1,B1,R3,NA,Segi_CoolS/CoolF_B1_R3
10,2,724,Segi,CoolS/CoolF,Color1,B1,R4,NA,Segi_CoolS/CoolF_B1_R4
10,1,725,Segi,CoolS/CoolF,Color1,B1,R5,NA,Segi_CoolS/CoolF_B1_R5
10,2,726,Segi,CoolS/CoolF,Color1,B2,R6,NA,Segi_CoolS/CoolF_B2_R6
10,1,727,Segi,CoolS/CoolF,Color1,B2,R7,NA,Segi_CoolS/CoolF_B2_R7
10,2,728,Segi,CoolS/CoolF,Color1,B2,R8,NA,Segi_CoolS/CoolF_B2_R8
10,1,729,Segi,CoolS/CoolF,Color1,B2,R9,NA,Segi_CoolS/CoolF_B2_R9
10,2,730,Segi,CoolS/CoolF,Color1,B2,R10,NA,Segi_CoolS/CoolF_B2_R10
10,1,731,Segi,CoolS/CoolF,Color1,B3,R11,NA,Segi_CoolS/CoolF_B3_R11
10,2,732,Segi,CoolS/CoolF,Color1,B3,R12,NA,Segi_CoolS/CoolF_B3_R12
10,1,733,Segi,CoolS/CoolF,Color1,B3,R13,NA,Segi_CoolS/CoolF_B3_R13
10,2,734,Segi,CoolS/CoolF,Color1,B3,R14,NA,Segi_CoolS/CoolF_B3_R14
10,1,735,Segi,CoolS/CoolF,Color1,B3,R15,NA,Segi_CoolS/CoolF_B3_R15
20,2,736,Segi,WarmS/CoolF,Color2,B1,R1,NA,Segi_WarmS/CoolF_B1_R1
20,1,737,Segi,WarmS/CoolF,Color2,B1,R2,NA,Segi_WarmS/CoolF_B1_R2
20,2,738,Segi,WarmS/CoolF,Color2,B1,R3,NA,Segi_WarmS/CoolF_B1_R3
20,1,739,Segi,WarmS/CoolF,Color2,B1,R4,NA,Segi_WarmS/CoolF_B1_R4
20,2,740,Segi,WarmS/CoolF,Color2,B1,R5,NA,Segi_WarmS/CoolF_B1_R5
20,1,741,Segi,WarmS/CoolF,Color2,B2,R6,NA,Segi_WarmS/CoolF_B2_R6
20,2,742,Segi,WarmS/CoolF,Color2,B2,R7,NA,Segi_WarmS/CoolF_B2_R7
20,1,743,Segi,WarmS/CoolF,Color2,B2,R8,NA,Segi_WarmS/CoolF_B2_R8
20,2,744,Segi,WarmS/CoolF,Color2,B2,R9,NA,Segi_WarmS/CoolF_B2_R9
20,1,745,Segi,WarmS/CoolF,Color2,B2,R10,NA,Segi_WarmS/CoolF_B2_R10
20,2,746,Segi,WarmS/CoolF,Color2,B3,R11,NA,Segi_WarmS/CoolF_B3_R11
20,1,747,Segi,WarmS/CoolF,Color2,B3,R12,NA,Segi_WarmS/CoolF_B3_R12
20,2,748,Segi,WarmS/CoolF,Color2,B3,R13,NA,Segi_WarmS/CoolF_B3_R13
20,1,749,Segi,WarmS/CoolF,Color2,B3,R14,NA,Segi_WarmS/CoolF_B3_R14
20,2,750,Segi,WarmS/CoolF,Color2,B3,R15,NA,Segi_WarmS/CoolF_B3_R15
30,1,751,Segi,CoolS/WarmF,Color3,B1,R1,NA,Segi_CoolS/WarmF_B1_R1
30,2,752,Segi,CoolS/WarmF,Color3,B1,R2,NA,Segi_CoolS/WarmF_B1_R2
30,1,753,Segi,CoolS/WarmF,Color3,B1,R3,NA,Segi_CoolS/WarmF_B1_R3
30,2,754,Segi,CoolS/WarmF,Color3,B1,R4,NA,Segi_CoolS/WarmF_B1_R4
30,1,755,Segi,CoolS/WarmF,Color3,B1,R5,NA,Segi_CoolS/WarmF_B1_R5
30,2,756,Segi,CoolS/WarmF,Color3,B2,R6,NA,Segi_CoolS/WarmF_B2_R6
30,1,757,Segi,CoolS/WarmF,Color3,B2,R7,NA,Segi_CoolS/WarmF_B2_R7
30,2,758,Segi,CoolS/WarmF,Color3,B2,R8,NA,Segi_CoolS/WarmF_B2_R8
30,1,759,Segi,CoolS/WarmF,Color3,B2,R9,NA,Segi_CoolS/WarmF_B2_R9
30,2,760,Segi,CoolS/WarmF,Color3,B2,R10,NA,Segi_CoolS/WarmF_B2_R10
30,1,761,Segi,CoolS/WarmF,Color3,B3,R11,NA,Segi_CoolS/WarmF_B3_R11
30,2,762,Segi,CoolS/WarmF,Color3,B3,R12,NA,Segi_CoolS/WarmF_B3_R12
30,1,763,Segi,CoolS/WarmF,Color3,B3,R13,NA,Segi_CoolS/WarmF_B3_R13
30,2,764,Segi,CoolS/WarmF,Color3,B3,R14,NA,Segi_CoolS/WarmF_B3_R14
30,1,765,Segi,CoolS/WarmF,Color3,B3,R15,NA,Segi_CoolS/WarmF_B3_R15
40,2,766,Segi,WarmS/WarmF,Color4,B1,R1,NA,Segi_WarmS/WarmF_B1_R1
40,1,767,Segi,WarmS/WarmF,Color4,B1,R2,NA,Segi_WarmS/WarmF_B1_R2
40,2,768,Segi,WarmS/WarmF,Color4,B1,R3,NA,Segi_WarmS/WarmF_B1_R3
40,1,769,Segi,WarmS/WarmF,Color4,B1,R4,NA,Segi_WarmS/WarmF_B1_R4
40,2,770,Segi,WarmS/WarmF,Color4,B1,R5,NA,Segi_WarmS/WarmF_B1_R5
40,1,771,Segi,WarmS/WarmF,Color4,B2,R6,NA,Segi_WarmS/WarmF_B2_R6
40,2,772,Segi,WarmS/WarmF,Color4,B2,R7,NA,Segi_WarmS/WarmF_B2_R7
40,1,773,Segi,WarmS/WarmF,Color4,B2,R8,NA,Segi_WarmS/WarmF_B2_R8
40,2,774,Segi,WarmS/WarmF,Color4,B2,R9,NA,Segi_WarmS/WarmF_B2_R9
40,1,775,Segi,WarmS/WarmF,Color4,B2,R10,NA,Segi_WarmS/WarmF_B2_R10
40,2,776,Segi,WarmS/WarmF,Color4,B3,R11,NA,Segi_WarmS/WarmF_B3_R11
40,1,777,Segi,WarmS/WarmF,Color4,B3,R12,NA,Segi_WarmS/WarmF_B3_R12
40,2,778,Segi,WarmS/WarmF,Color4,B3,R13,NA,Segi_WarmS/WarmF_B3_R13
40,1,779,Segi,WarmS/WarmF,Color4,B3,R14,NA,Segi_WarmS/WarmF_B3_R14
40,2,780,Segi,WarmS/WarmF,Color4,B3,R15,NA,Segi_WarmS/WarmF_B3_R15
11,1,781,Segi,CoolS/CoolF,Color5,B1,R1,Nutrient+,Segi_CoolS/CoolF_B1_R1_Nutrient+
11,2,782,Segi,CoolS/CoolF,Color5,B1,R2,Nutrient+,Segi_CoolS/CoolF_B1_R2_Nutrient+
11,1,783,Segi,CoolS/CoolF,Color5,B1,R3,Nutrient+,Segi_CoolS/CoolF_B1_R3_Nutrient+
11,2,784,Segi,CoolS/CoolF,Color5,B1,R4,Nutrient+,Segi_CoolS/CoolF_B1_R4_Nutrient+
11,1,785,Segi,CoolS/CoolF,Color5,B1,R5,Nutrient+,Segi_CoolS/CoolF_B1_R5_Nutrient+
11,2,786,Segi,CoolS/CoolF,Color5,B2,R6,Nutrient+,Segi_CoolS/CoolF_B2_R6_Nutrient+
11,1,787,Segi,CoolS/CoolF,Color5,B2,R7,Nutrient+,Segi_CoolS/CoolF_B2_R7_Nutrient+
11,2,788,Segi,CoolS/CoolF,Color5,B2,R8,Nutrient+,Segi_CoolS/CoolF_B2_R8_Nutrient+
11,1,789,Segi,CoolS/CoolF,Color5,B2,R9,Nutrient+,Segi_CoolS/CoolF_B2_R9_Nutrient+
11,2,790,Segi,CoolS/CoolF,Color5,B2,R10,Nutrient+,Segi_CoolS/CoolF_B2_R10_Nutrient+
11,1,791,Segi,CoolS/CoolF,Color5,B3,R11,Nutrient+,Segi_CoolS/CoolF_B3_R11_Nutrient+
11,2,792,Segi,CoolS/CoolF,Color5,B3,R12,Nutrient+,Segi_CoolS/CoolF_B3_R12_Nutrient+
11,1,793,Segi,CoolS/CoolF,Color5,B3,R13,Nutrient+,Segi_CoolS/CoolF_B3_R13_Nutrient+
11,2,794,Segi,CoolS/CoolF,Color5,B3,R14,Nutrient+,Segi_CoolS/CoolF_B3_R14_Nutrient+
11,1,795,Segi,CoolS/CoolF,Color5,B3,R15,Nutrient+,Segi_CoolS/CoolF_B3_R15_Nutrient+
41,2,796,Segi,WarmS/WarmF,Color6,B1,R1,Nutrient+,Segi_WarmS/WarmF_B1_R1_Nutrient+
41,1,797,Segi,WarmS/WarmF,Color6,B1,R2,Nutrient+,Segi_WarmS/WarmF_B1_R2_Nutrient+
41,2,798,Segi,WarmS/WarmF,Color6,B1,R3,Nutrient+,Segi_WarmS/WarmF_B1_R3_Nutrient+
41,1,799,Segi,WarmS/WarmF,Color6,B1,R4,Nutrient+,Segi_WarmS/WarmF_B1_R4_Nutrient+
41,2,800,Segi,WarmS/WarmF,Color6,B1,R5,Nutrient+,Segi_WarmS/WarmF_B1_R5_Nutrient+
41,1,801,Segi,WarmS/WarmF,Color6,B2,R6,Nutrient+,Segi_WarmS/WarmF_B2_R6_Nutrient+
41,2,802,Segi,WarmS/WarmF,Color6,B2,R7,Nutrient+,Segi_WarmS/WarmF_B2_R7_Nutrient+
41,1,803,Segi,WarmS/WarmF,Color6,B2,R8,Nutrient+,Segi_WarmS/WarmF_B2_R8_Nutrient+
41,2,804,Segi,WarmS/WarmF,Color6,B2,R9,Nutrient+,Segi_WarmS/WarmF_B2_R9_Nutrient+
41,1,805,Segi,WarmS/WarmF,Color6,B2,R10,Nutrient+,Segi_WarmS/WarmF_B2_R10_Nutrient+
41,2,806,Segi,WarmS/WarmF,Color6,B3,R11,Nutrient+,Segi_WarmS/WarmF_B3_R11_Nutrient+
41,1,807,Segi,WarmS/WarmF,Color6,B3,R12,Nutrient+,Segi_WarmS/WarmF_B3_R12_Nutrient+
41,2,808,Segi,WarmS/WarmF,Color6,B3,R13,Nutrient+,Segi_WarmS/WarmF_B3_R13_Nutrient+
41,1,809,Segi,WarmS/WarmF,Color6,B3,R14,Nutrient+,Segi_WarmS/WarmF_B3_R14_Nutrient+
41,2,810,Segi,WarmS/WarmF,Color6,B3,R15,Nutrient+,Segi_WarmS/WarmF_B3_R15_Nutrient+